<?xml version="1.0" encoding="UTF-8"?>
<gpx xmlns="http://www.topografix.com/GPX/1/1" xmlns:xsi="http://www.w3.org/2001/XMLSchema-instance" xsi:schemaLocation="http://www.topografix.com/GPX/1/1 http://www.topografix.com/GPX/1/1/gpx.xsd" version="1.1" creator="gpx.py -- https://github.com/tkrajina/gpxpy">
  <metadata>
    <name>4-哥本哈根與奧斯陸</name>
  </metadata>
  <trk>
    <name>2025-05-12</name>
    <trkseg>
      <trkpt lat="55.372088" lon="13.158487">
        <ele>4.6</ele>
        <time>2025-05-12T06:48:07.001000Z</time>
      </trkpt>
      <trkpt lat="55.37221" lon="13.158568">
        <ele>4.6</ele>
        <time>2025-05-12T06:50:38.002000Z</time>
      </trkpt>
      <trkpt lat="55.372262" lon="13.158409">
        <ele>4.6</ele>
        <time>2025-05-12T06:50:44.002000Z</time>
      </trkpt>
      <trkpt lat="55.372353" lon="13.15836">
        <ele>4.6</ele>
        <time>2025-05-12T06:50:48.002000Z</time>
      </trkpt>
      <trkpt lat="55.372417" lon="13.158211">
        <ele>4.6</ele>
        <time>2025-05-12T06:50:53.002000Z</time>
      </trkpt>
      <trkpt lat="55.372463" lon="13.158051">
        <ele>4.6</ele>
        <time>2025-05-12T06:50:58.002000Z</time>
      </trkpt>
      <trkpt lat="55.372515" lon="13.157898">
        <ele>4.6</ele>
        <time>2025-05-12T06:51:03.002000Z</time>
      </trkpt>
      <trkpt lat="55.372584" lon="13.157727">
        <ele>4.6</ele>
        <time>2025-05-12T06:51:09.002000Z</time>
      </trkpt>
      <trkpt lat="55.372635" lon="13.157595">
        <ele>4.6</ele>
        <time>2025-05-12T06:51:13.002000Z</time>
      </trkpt>
      <trkpt lat="55.372686" lon="13.157411">
        <ele>4.6</ele>
        <time>2025-05-12T06:51:17.002000Z</time>
      </trkpt>
      <trkpt lat="55.372717" lon="13.157255">
        <ele>4.6</ele>
        <time>2025-05-12T06:51:20.002000Z</time>
      </trkpt>
      <trkpt lat="55.372753" lon="13.157098">
        <ele>4.7</ele>
        <time>2025-05-12T06:51:23.002000Z</time>
      </trkpt>
      <trkpt lat="55.372787" lon="13.156943">
        <ele>4.7</ele>
        <time>2025-05-12T06:51:26.002000Z</time>
      </trkpt>
      <trkpt lat="55.372815" lon="13.156762">
        <ele>4.7</ele>
        <time>2025-05-12T06:51:30.002000Z</time>
      </trkpt>
      <trkpt lat="55.372836" lon="13.156571">
        <ele>4.8</ele>
        <time>2025-05-12T06:51:34.002000Z</time>
      </trkpt>
      <trkpt lat="55.372882" lon="13.156373">
        <ele>4.8</ele>
        <time>2025-05-12T06:51:38.002000Z</time>
      </trkpt>
      <trkpt lat="55.372929" lon="13.156182">
        <ele>4.8</ele>
        <time>2025-05-12T06:51:42.002000Z</time>
      </trkpt>
      <trkpt lat="55.372969" lon="13.155999">
        <ele>4.8</ele>
        <time>2025-05-12T06:51:46.002000Z</time>
      </trkpt>
      <trkpt lat="55.373027" lon="13.155819">
        <ele>4.9</ele>
        <time>2025-05-12T06:51:50.002000Z</time>
      </trkpt>
      <trkpt lat="55.373059" lon="13.155635">
        <ele>4.9</ele>
        <time>2025-05-12T06:51:54.002000Z</time>
      </trkpt>
      <trkpt lat="55.373022" lon="13.155483">
        <ele>4.9</ele>
        <time>2025-05-12T06:52:01.002000Z</time>
      </trkpt>
      <trkpt lat="55.373037" lon="13.155124">
        <ele>5.0</ele>
        <time>2025-05-12T06:53:05.003000Z</time>
      </trkpt>
      <trkpt lat="55.373084" lon="13.154949">
        <ele>5.0</ele>
        <time>2025-05-12T06:53:10.003000Z</time>
      </trkpt>
      <trkpt lat="55.373102" lon="13.154775">
        <ele>5.0</ele>
        <time>2025-05-12T06:53:14.003000Z</time>
      </trkpt>
      <trkpt lat="55.373133" lon="13.154558">
        <ele>5.1</ele>
        <time>2025-05-12T06:53:19.003000Z</time>
      </trkpt>
      <trkpt lat="55.373166" lon="13.154365">
        <ele>5.1</ele>
        <time>2025-05-12T06:53:23.003000Z</time>
      </trkpt>
      <trkpt lat="55.373171" lon="13.154161">
        <ele>5.0</ele>
        <time>2025-05-12T06:53:27.003000Z</time>
      </trkpt>
      <trkpt lat="55.373174" lon="13.153951">
        <ele>5.0</ele>
        <time>2025-05-12T06:53:31.003000Z</time>
      </trkpt>
      <trkpt lat="55.373199" lon="13.153772">
        <ele>5.0</ele>
        <time>2025-05-12T06:53:35.003000Z</time>
      </trkpt>
      <trkpt lat="55.373212" lon="13.153568">
        <ele>5.0</ele>
        <time>2025-05-12T06:53:39.003000Z</time>
      </trkpt>
      <trkpt lat="55.373221" lon="13.153386">
        <ele>5.0</ele>
        <time>2025-05-12T06:53:42.003000Z</time>
      </trkpt>
      <trkpt lat="55.373241" lon="13.153195">
        <ele>5.0</ele>
        <time>2025-05-12T06:53:45.003000Z</time>
      </trkpt>
      <trkpt lat="55.373255" lon="13.153005">
        <ele>4.9</ele>
        <time>2025-05-12T06:53:48.003000Z</time>
      </trkpt>
      <trkpt lat="55.373292" lon="13.152856">
        <ele>4.9</ele>
        <time>2025-05-12T06:53:54.004000Z</time>
      </trkpt>
      <trkpt lat="55.373303" lon="13.15269">
        <ele>4.9</ele>
        <time>2025-05-12T06:54:08.004000Z</time>
      </trkpt>
      <trkpt lat="55.373308" lon="13.152499">
        <ele>4.9</ele>
        <time>2025-05-12T06:54:13.004000Z</time>
      </trkpt>
      <trkpt lat="55.373323" lon="13.152314">
        <ele>4.9</ele>
        <time>2025-05-12T06:54:17.004000Z</time>
      </trkpt>
      <trkpt lat="55.373344" lon="13.152134">
        <ele>4.9</ele>
        <time>2025-05-12T06:54:20.004000Z</time>
      </trkpt>
      <trkpt lat="55.373369" lon="13.151951">
        <ele>4.9</ele>
        <time>2025-05-12T06:54:23.004000Z</time>
      </trkpt>
      <trkpt lat="55.373392" lon="13.151765">
        <ele>4.8</ele>
        <time>2025-05-12T06:54:26.004000Z</time>
      </trkpt>
      <trkpt lat="55.373416" lon="13.151577">
        <ele>4.8</ele>
        <time>2025-05-12T06:54:29.004000Z</time>
      </trkpt>
      <trkpt lat="55.373427" lon="13.151415">
        <ele>4.8</ele>
        <time>2025-05-12T06:54:32.004000Z</time>
      </trkpt>
      <trkpt lat="55.373438" lon="13.15122">
        <ele>4.8</ele>
        <time>2025-05-12T06:54:36.004000Z</time>
      </trkpt>
      <trkpt lat="55.373469" lon="13.151062">
        <ele>4.8</ele>
        <time>2025-05-12T06:54:39.004000Z</time>
      </trkpt>
      <trkpt lat="55.373471" lon="13.150901">
        <ele>4.8</ele>
        <time>2025-05-12T06:54:42.004000Z</time>
      </trkpt>
      <trkpt lat="55.373469" lon="13.150715">
        <ele>4.7</ele>
        <time>2025-05-12T06:54:46.004000Z</time>
      </trkpt>
      <trkpt lat="55.373461" lon="13.150539">
        <ele>4.7</ele>
        <time>2025-05-12T06:54:51.004000Z</time>
      </trkpt>
      <trkpt lat="55.373375" lon="13.150352">
        <ele>4.7</ele>
        <time>2025-05-12T06:55:19.004000Z</time>
      </trkpt>
      <trkpt lat="55.37334" lon="13.150197">
        <ele>4.7</ele>
        <time>2025-05-12T06:55:25.004000Z</time>
      </trkpt>
      <trkpt lat="55.373344" lon="13.150035">
        <ele>4.7</ele>
        <time>2025-05-12T06:55:31.004000Z</time>
      </trkpt>
      <trkpt lat="55.37341" lon="13.149895">
        <ele>4.6</ele>
        <time>2025-05-12T06:55:42.004000Z</time>
      </trkpt>
      <trkpt lat="55.373518" lon="13.149436">
        <ele>4.6</ele>
        <time>2025-05-12T07:18:38.019000Z</time>
      </trkpt>
      <trkpt lat="55.373748" lon="13.149593">
        <ele>4.5</ele>
        <time>2025-05-12T07:19:00.019000Z</time>
      </trkpt>
      <trkpt lat="55.373739" lon="13.149768">
        <ele>4.5</ele>
        <time>2025-05-12T07:19:08.018000Z</time>
      </trkpt>
      <trkpt lat="55.373703" lon="13.149931">
        <ele>4.5</ele>
        <time>2025-05-12T07:19:12.019000Z</time>
      </trkpt>
      <trkpt lat="55.373686" lon="13.150114">
        <ele>4.5</ele>
        <time>2025-05-12T07:19:16.018000Z</time>
      </trkpt>
      <trkpt lat="55.373679" lon="13.1503">
        <ele>4.5</ele>
        <time>2025-05-12T07:19:21.019000Z</time>
      </trkpt>
      <trkpt lat="55.373703" lon="13.150477">
        <ele>4.6</ele>
        <time>2025-05-12T07:19:27.019000Z</time>
      </trkpt>
      <trkpt lat="55.373617" lon="13.150567">
        <ele>4.8</ele>
        <time>2025-05-12T07:19:39.019000Z</time>
      </trkpt>
      <trkpt lat="55.373552" lon="13.150695">
        <ele>4.9</ele>
        <time>2025-05-12T07:19:49.019000Z</time>
      </trkpt>
      <trkpt lat="55.37353" lon="13.150869">
        <ele>5.0</ele>
        <time>2025-05-12T07:19:53.019000Z</time>
      </trkpt>
      <trkpt lat="55.373553" lon="13.151044">
        <ele>5.1</ele>
        <time>2025-05-12T07:19:57.019000Z</time>
      </trkpt>
      <trkpt lat="55.37355" lon="13.151248">
        <ele>5.2</ele>
        <time>2025-05-12T07:20:01.019000Z</time>
      </trkpt>
      <trkpt lat="55.373532" lon="13.151404">
        <ele>5.3</ele>
        <time>2025-05-12T07:20:04.019000Z</time>
      </trkpt>
      <trkpt lat="55.373522" lon="13.151591">
        <ele>5.4</ele>
        <time>2025-05-12T07:20:08.019000Z</time>
      </trkpt>
      <trkpt lat="55.373514" lon="13.151772">
        <ele>5.5</ele>
        <time>2025-05-12T07:20:12.019000Z</time>
      </trkpt>
      <trkpt lat="55.373488" lon="13.151976">
        <ele>5.6</ele>
        <time>2025-05-12T07:20:16.019000Z</time>
      </trkpt>
      <trkpt lat="55.373485" lon="13.152152">
        <ele>5.7</ele>
        <time>2025-05-12T07:20:21.019000Z</time>
      </trkpt>
      <trkpt lat="55.373487" lon="13.152343">
        <ele>5.8</ele>
        <time>2025-05-12T07:20:26.020000Z</time>
      </trkpt>
      <trkpt lat="55.373477" lon="13.152508">
        <ele>5.9</ele>
        <time>2025-05-12T07:20:32.020000Z</time>
      </trkpt>
      <trkpt lat="55.37357" lon="13.15254">
        <ele>6.0</ele>
        <time>2025-05-12T07:20:38.020000Z</time>
      </trkpt>
      <trkpt lat="55.373662" lon="13.152536">
        <ele>6.1</ele>
        <time>2025-05-12T07:20:48.020000Z</time>
      </trkpt>
      <trkpt lat="55.373768" lon="13.152559">
        <ele>6.2</ele>
        <time>2025-05-12T07:20:51.020000Z</time>
      </trkpt>
      <trkpt lat="55.373867" lon="13.152611">
        <ele>6.3</ele>
        <time>2025-05-12T07:20:56.020000Z</time>
      </trkpt>
      <trkpt lat="55.37398" lon="13.152574">
        <ele>6.4</ele>
        <time>2025-05-12T07:21:01.020000Z</time>
      </trkpt>
      <trkpt lat="55.374091" lon="13.152593">
        <ele>6.5</ele>
        <time>2025-05-12T07:21:04.020000Z</time>
      </trkpt>
      <trkpt lat="55.374184" lon="13.152592">
        <ele>6.6</ele>
        <time>2025-05-12T07:21:07.020000Z</time>
      </trkpt>
      <trkpt lat="55.374285" lon="13.152589">
        <ele>6.6</ele>
        <time>2025-05-12T07:21:11.020000Z</time>
      </trkpt>
      <trkpt lat="55.37438" lon="13.152651">
        <ele>6.7</ele>
        <time>2025-05-12T07:21:18.019000Z</time>
      </trkpt>
      <trkpt lat="55.374465" lon="13.152531">
        <ele>6.8</ele>
        <time>2025-05-12T07:21:26.019000Z</time>
      </trkpt>
      <trkpt lat="55.374488" lon="13.152363">
        <ele>6.8</ele>
        <time>2025-05-12T07:21:30.019000Z</time>
      </trkpt>
      <trkpt lat="55.374494" lon="13.152201">
        <ele>6.9</ele>
        <time>2025-05-12T07:21:33.019000Z</time>
      </trkpt>
      <trkpt lat="55.374497" lon="13.152035">
        <ele>7.0</ele>
        <time>2025-05-12T07:21:36.019000Z</time>
      </trkpt>
      <trkpt lat="55.374503" lon="13.151872">
        <ele>7.0</ele>
        <time>2025-05-12T07:21:40.019000Z</time>
      </trkpt>
      <trkpt lat="55.374525" lon="13.151714">
        <ele>7.1</ele>
        <time>2025-05-12T07:21:43.019000Z</time>
      </trkpt>
      <trkpt lat="55.374563" lon="13.151556">
        <ele>7.2</ele>
        <time>2025-05-12T07:21:46.019000Z</time>
      </trkpt>
      <trkpt lat="55.374593" lon="13.151386">
        <ele>7.2</ele>
        <time>2025-05-12T07:21:50.019000Z</time>
      </trkpt>
      <trkpt lat="55.374615" lon="13.151222">
        <ele>7.3</ele>
        <time>2025-05-12T07:21:54.019000Z</time>
      </trkpt>
      <trkpt lat="55.374645" lon="13.15176">
        <ele>7.5</ele>
        <time>2025-05-12T07:22:31.019000Z</time>
      </trkpt>
      <trkpt lat="55.374634" lon="13.151949">
        <ele>7.6</ele>
        <time>2025-05-12T07:22:35.019000Z</time>
      </trkpt>
      <trkpt lat="55.374618" lon="13.152127">
        <ele>7.6</ele>
        <time>2025-05-12T07:22:39.019000Z</time>
      </trkpt>
      <trkpt lat="55.374595" lon="13.152316">
        <ele>7.6</ele>
        <time>2025-05-12T07:22:43.019000Z</time>
      </trkpt>
      <trkpt lat="55.374577" lon="13.152497">
        <ele>7.6</ele>
        <time>2025-05-12T07:22:47.019000Z</time>
      </trkpt>
      <trkpt lat="55.374563" lon="13.152666">
        <ele>7.6</ele>
        <time>2025-05-12T07:23:00.019000Z</time>
      </trkpt>
      <trkpt lat="55.374636" lon="13.152798">
        <ele>7.7</ele>
        <time>2025-05-12T07:23:08.020000Z</time>
      </trkpt>
      <trkpt lat="55.374739" lon="13.15283">
        <ele>7.7</ele>
        <time>2025-05-12T07:23:11.020000Z</time>
      </trkpt>
      <trkpt lat="55.374852" lon="13.152868">
        <ele>7.7</ele>
        <time>2025-05-12T07:23:14.020000Z</time>
      </trkpt>
      <trkpt lat="55.374946" lon="13.152895">
        <ele>7.7</ele>
        <time>2025-05-12T07:23:17.020000Z</time>
      </trkpt>
      <trkpt lat="55.375039" lon="13.152922">
        <ele>7.7</ele>
        <time>2025-05-12T07:23:20.021000Z</time>
      </trkpt>
      <trkpt lat="55.375163" lon="13.152941">
        <ele>7.8</ele>
        <time>2025-05-12T07:23:23.020000Z</time>
      </trkpt>
      <trkpt lat="55.375273" lon="13.152969">
        <ele>7.8</ele>
        <time>2025-05-12T07:23:26.020000Z</time>
      </trkpt>
      <trkpt lat="55.375401" lon="13.153067">
        <ele>7.8</ele>
        <time>2025-05-12T07:23:29.021000Z</time>
      </trkpt>
      <trkpt lat="55.375485" lon="13.153188">
        <ele>7.8</ele>
        <time>2025-05-12T07:23:31.021000Z</time>
      </trkpt>
      <trkpt lat="55.375565" lon="13.15329">
        <ele>7.8</ele>
        <time>2025-05-12T07:23:33.021000Z</time>
      </trkpt>
      <trkpt lat="55.375671" lon="13.153402">
        <ele>7.9</ele>
        <time>2025-05-12T07:23:36.021000Z</time>
      </trkpt>
      <trkpt lat="55.375741" lon="13.153503">
        <ele>7.9</ele>
        <time>2025-05-12T07:23:39.021000Z</time>
      </trkpt>
      <trkpt lat="55.37581" lon="13.153606">
        <ele>7.9</ele>
        <time>2025-05-12T07:23:45.021000Z</time>
      </trkpt>
      <trkpt lat="55.375802" lon="13.153412">
        <ele>7.8</ele>
        <time>2025-05-12T07:23:58.021000Z</time>
      </trkpt>
      <trkpt lat="55.375825" lon="13.153231">
        <ele>7.7</ele>
        <time>2025-05-12T07:24:01.021000Z</time>
      </trkpt>
      <trkpt lat="55.375866" lon="13.153033">
        <ele>7.7</ele>
        <time>2025-05-12T07:24:04.021000Z</time>
      </trkpt>
      <trkpt lat="55.375904" lon="13.152827">
        <ele>7.6</ele>
        <time>2025-05-12T07:24:07.021000Z</time>
      </trkpt>
      <trkpt lat="55.375949" lon="13.152633">
        <ele>7.5</ele>
        <time>2025-05-12T07:24:10.021000Z</time>
      </trkpt>
      <trkpt lat="55.375985" lon="13.152454">
        <ele>7.5</ele>
        <time>2025-05-12T07:24:13.021000Z</time>
      </trkpt>
      <trkpt lat="55.376048" lon="13.152327">
        <ele>7.4</ele>
        <time>2025-05-12T07:24:16.022000Z</time>
      </trkpt>
      <trkpt lat="55.37609" lon="13.152154">
        <ele>7.4</ele>
        <time>2025-05-12T07:24:19.022000Z</time>
      </trkpt>
      <trkpt lat="55.376135" lon="13.151986">
        <ele>7.3</ele>
        <time>2025-05-12T07:24:24.022000Z</time>
      </trkpt>
      <trkpt lat="55.37619" lon="13.151831">
        <ele>7.2</ele>
        <time>2025-05-12T07:24:31.022000Z</time>
      </trkpt>
      <trkpt lat="55.376245" lon="13.15167">
        <ele>7.2</ele>
        <time>2025-05-12T07:24:36.022000Z</time>
      </trkpt>
      <trkpt lat="55.376422" lon="13.151226">
        <ele>7.0</ele>
        <time>2025-05-12T07:29:32.024000Z</time>
      </trkpt>
      <trkpt lat="55.376633" lon="13.150735">
        <ele>6.9</ele>
        <time>2025-05-12T07:31:09.025000Z</time>
      </trkpt>
      <trkpt lat="55.376726" lon="13.150692">
        <ele>6.9</ele>
        <time>2025-05-12T07:31:14.025000Z</time>
      </trkpt>
      <trkpt lat="55.376806" lon="13.15078">
        <ele>6.9</ele>
        <time>2025-05-12T07:31:17.025000Z</time>
      </trkpt>
      <trkpt lat="55.376903" lon="13.150901">
        <ele>6.9</ele>
        <time>2025-05-12T07:31:21.025000Z</time>
      </trkpt>
      <trkpt lat="55.376975" lon="13.151011">
        <ele>6.9</ele>
        <time>2025-05-12T07:31:24.025000Z</time>
      </trkpt>
      <trkpt lat="55.377041" lon="13.151148">
        <ele>6.9</ele>
        <time>2025-05-12T07:31:27.025000Z</time>
      </trkpt>
      <trkpt lat="55.37711" lon="13.151262">
        <ele>6.9</ele>
        <time>2025-05-12T07:31:30.025000Z</time>
      </trkpt>
      <trkpt lat="55.377183" lon="13.151395">
        <ele>6.9</ele>
        <time>2025-05-12T07:31:33.025000Z</time>
      </trkpt>
      <trkpt lat="55.377274" lon="13.151477">
        <ele>6.9</ele>
        <time>2025-05-12T07:31:36.025000Z</time>
      </trkpt>
      <trkpt lat="55.377346" lon="13.151583">
        <ele>6.9</ele>
        <time>2025-05-12T07:31:39.025000Z</time>
      </trkpt>
      <trkpt lat="55.377433" lon="13.151679">
        <ele>6.9</ele>
        <time>2025-05-12T07:31:43.026000Z</time>
      </trkpt>
      <trkpt lat="55.377511" lon="13.15177">
        <ele>6.9</ele>
        <time>2025-05-12T07:31:46.026000Z</time>
      </trkpt>
      <trkpt lat="55.377589" lon="13.151889">
        <ele>6.9</ele>
        <time>2025-05-12T07:31:50.026000Z</time>
      </trkpt>
      <trkpt lat="55.377684" lon="13.151937">
        <ele>6.9</ele>
        <time>2025-05-12T07:31:54.026000Z</time>
      </trkpt>
      <trkpt lat="55.377793" lon="13.151992">
        <ele>6.9</ele>
        <time>2025-05-12T07:31:58.026000Z</time>
      </trkpt>
      <trkpt lat="55.377908" lon="13.15203">
        <ele>6.9</ele>
        <time>2025-05-12T07:32:02.026000Z</time>
      </trkpt>
      <trkpt lat="55.378016" lon="13.15208">
        <ele>6.9</ele>
        <time>2025-05-12T07:32:06.026000Z</time>
      </trkpt>
      <trkpt lat="55.37812" lon="13.152157">
        <ele>6.9</ele>
        <time>2025-05-12T07:32:10.026000Z</time>
      </trkpt>
      <trkpt lat="55.378195" lon="13.152256">
        <ele>6.9</ele>
        <time>2025-05-12T07:32:16.026000Z</time>
      </trkpt>
      <trkpt lat="55.3781" lon="13.152231">
        <ele>6.9</ele>
        <time>2025-05-12T07:32:25.026000Z</time>
      </trkpt>
      <trkpt lat="55.378276" lon="13.152307">
        <ele>6.9</ele>
        <time>2025-05-12T07:39:49.027000Z</time>
      </trkpt>
      <trkpt lat="55.378377" lon="13.152313">
        <ele>7.0</ele>
        <time>2025-05-12T07:39:55.027000Z</time>
      </trkpt>
      <trkpt lat="55.378469" lon="13.152324">
        <ele>7.0</ele>
        <time>2025-05-12T07:39:59.027000Z</time>
      </trkpt>
      <trkpt lat="55.378588" lon="13.152356">
        <ele>7.0</ele>
        <time>2025-05-12T07:40:03.027000Z</time>
      </trkpt>
      <trkpt lat="55.378695" lon="13.152412">
        <ele>7.0</ele>
        <time>2025-05-12T07:40:07.028000Z</time>
      </trkpt>
      <trkpt lat="55.378809" lon="13.152436">
        <ele>7.0</ele>
        <time>2025-05-12T07:40:10.028000Z</time>
      </trkpt>
      <trkpt lat="55.378927" lon="13.152449">
        <ele>7.1</ele>
        <time>2025-05-12T07:40:13.028000Z</time>
      </trkpt>
      <trkpt lat="55.379039" lon="13.152471">
        <ele>7.1</ele>
        <time>2025-05-12T07:40:16.028000Z</time>
      </trkpt>
      <trkpt lat="55.379153" lon="13.15247">
        <ele>7.1</ele>
        <time>2025-05-12T07:40:19.028000Z</time>
      </trkpt>
      <trkpt lat="55.379272" lon="13.152483">
        <ele>7.1</ele>
        <time>2025-05-12T07:40:22.028000Z</time>
      </trkpt>
      <trkpt lat="55.379394" lon="13.152484">
        <ele>7.1</ele>
        <time>2025-05-12T07:40:25.028000Z</time>
      </trkpt>
      <trkpt lat="55.379519" lon="13.15248">
        <ele>7.2</ele>
        <time>2025-05-12T07:40:28.028000Z</time>
      </trkpt>
      <trkpt lat="55.379632" lon="13.152474">
        <ele>7.2</ele>
        <time>2025-05-12T07:40:31.028000Z</time>
      </trkpt>
      <trkpt lat="55.379739" lon="13.152475">
        <ele>7.3</ele>
        <time>2025-05-12T07:40:34.028000Z</time>
      </trkpt>
      <trkpt lat="55.379846" lon="13.152466">
        <ele>7.3</ele>
        <time>2025-05-12T07:40:37.028000Z</time>
      </trkpt>
      <trkpt lat="55.379955" lon="13.152469">
        <ele>7.4</ele>
        <time>2025-05-12T07:40:40.028000Z</time>
      </trkpt>
      <trkpt lat="55.380061" lon="13.15249">
        <ele>7.5</ele>
        <time>2025-05-12T07:40:43.028000Z</time>
      </trkpt>
      <trkpt lat="55.380178" lon="13.152509">
        <ele>7.5</ele>
        <time>2025-05-12T07:40:46.028000Z</time>
      </trkpt>
      <trkpt lat="55.380287" lon="13.152533">
        <ele>7.6</ele>
        <time>2025-05-12T07:40:49.028000Z</time>
      </trkpt>
      <trkpt lat="55.380397" lon="13.152548">
        <ele>7.7</ele>
        <time>2025-05-12T07:40:52.028000Z</time>
      </trkpt>
      <trkpt lat="55.380506" lon="13.152566">
        <ele>7.8</ele>
        <time>2025-05-12T07:40:55.028000Z</time>
      </trkpt>
      <trkpt lat="55.380616" lon="13.152564">
        <ele>7.8</ele>
        <time>2025-05-12T07:40:58.028000Z</time>
      </trkpt>
      <trkpt lat="55.380717" lon="13.152588">
        <ele>7.9</ele>
        <time>2025-05-12T07:41:01.028000Z</time>
      </trkpt>
      <trkpt lat="55.380823" lon="13.1526">
        <ele>8.0</ele>
        <time>2025-05-12T07:41:04.028000Z</time>
      </trkpt>
      <trkpt lat="55.380938" lon="13.152617">
        <ele>8.1</ele>
        <time>2025-05-12T07:41:07.029000Z</time>
      </trkpt>
      <trkpt lat="55.381036" lon="13.152619">
        <ele>8.1</ele>
        <time>2025-05-12T07:41:10.029000Z</time>
      </trkpt>
      <trkpt lat="55.381131" lon="13.152654">
        <ele>8.2</ele>
        <time>2025-05-12T07:41:13.029000Z</time>
      </trkpt>
      <trkpt lat="55.381229" lon="13.152671">
        <ele>8.3</ele>
        <time>2025-05-12T07:41:16.029000Z</time>
      </trkpt>
      <trkpt lat="55.381339" lon="13.15271">
        <ele>8.3</ele>
        <time>2025-05-12T07:41:20.029000Z</time>
      </trkpt>
      <trkpt lat="55.381433" lon="13.152761">
        <ele>8.4</ele>
        <time>2025-05-12T07:41:24.029000Z</time>
      </trkpt>
      <trkpt lat="55.381531" lon="13.15274">
        <ele>8.6</ele>
        <time>2025-05-12T07:41:29.029000Z</time>
      </trkpt>
      <trkpt lat="55.38157" lon="13.152583">
        <ele>8.7</ele>
        <time>2025-05-12T07:41:34.029000Z</time>
      </trkpt>
      <trkpt lat="55.381626" lon="13.15245">
        <ele>8.9</ele>
        <time>2025-05-12T07:41:46.029000Z</time>
      </trkpt>
      <trkpt lat="55.381722" lon="13.152489">
        <ele>9.0</ele>
        <time>2025-05-12T07:41:51.029000Z</time>
      </trkpt>
      <trkpt lat="55.381817" lon="13.152541">
        <ele>9.1</ele>
        <time>2025-05-12T07:41:55.029000Z</time>
      </trkpt>
      <trkpt lat="55.381905" lon="13.152599">
        <ele>9.3</ele>
        <time>2025-05-12T07:41:59.029000Z</time>
      </trkpt>
      <trkpt lat="55.382006" lon="13.15263">
        <ele>9.4</ele>
        <time>2025-05-12T07:42:04.029000Z</time>
      </trkpt>
      <trkpt lat="55.382135" lon="13.152683">
        <ele>9.6</ele>
        <time>2025-05-12T07:42:26.029000Z</time>
      </trkpt>
      <trkpt lat="55.382226" lon="13.152715">
        <ele>9.8</ele>
        <time>2025-05-12T07:42:33.029000Z</time>
      </trkpt>
      <trkpt lat="55.382316" lon="13.152741">
        <ele>9.9</ele>
        <time>2025-05-12T07:42:43.029000Z</time>
      </trkpt>
      <trkpt lat="55.382405" lon="13.152773">
        <ele>10.0</ele>
        <time>2025-05-12T07:42:52.029000Z</time>
      </trkpt>
      <trkpt lat="55.382555" lon="13.152845">
        <ele>10.3</ele>
        <time>2025-05-12T07:44:00.030000Z</time>
      </trkpt>
      <trkpt lat="55.382642" lon="13.152923">
        <ele>10.4</ele>
        <time>2025-05-12T07:44:06.030000Z</time>
      </trkpt>
      <trkpt lat="55.382728" lon="13.152977">
        <ele>10.5</ele>
        <time>2025-05-12T07:44:10.030000Z</time>
      </trkpt>
      <trkpt lat="55.382956" lon="13.15309">
        <ele>10.9</ele>
        <time>2025-05-12T07:44:53.031000Z</time>
      </trkpt>
      <trkpt lat="55.383044" lon="13.153136">
        <ele>11.0</ele>
        <time>2025-05-12T07:44:57.031000Z</time>
      </trkpt>
      <trkpt lat="55.383147" lon="13.153192">
        <ele>11.0</ele>
        <time>2025-05-12T07:45:02.031000Z</time>
      </trkpt>
      <trkpt lat="55.383235" lon="13.153252">
        <ele>10.9</ele>
        <time>2025-05-12T07:45:06.031000Z</time>
      </trkpt>
      <trkpt lat="55.383317" lon="13.153357">
        <ele>10.8</ele>
        <time>2025-05-12T07:45:10.031000Z</time>
      </trkpt>
      <trkpt lat="55.3834" lon="13.153418">
        <ele>10.8</ele>
        <time>2025-05-12T07:45:13.031000Z</time>
      </trkpt>
      <trkpt lat="55.383501" lon="13.153497">
        <ele>10.7</ele>
        <time>2025-05-12T07:45:17.031000Z</time>
      </trkpt>
      <trkpt lat="55.383587" lon="13.153552">
        <ele>10.6</ele>
        <time>2025-05-12T07:45:21.031000Z</time>
      </trkpt>
      <trkpt lat="55.38366" lon="13.153428">
        <ele>10.5</ele>
        <time>2025-05-12T07:45:26.031000Z</time>
      </trkpt>
      <trkpt lat="55.383684" lon="13.153236">
        <ele>10.4</ele>
        <time>2025-05-12T07:45:30.031000Z</time>
      </trkpt>
      <trkpt lat="55.383706" lon="13.153059">
        <ele>10.3</ele>
        <time>2025-05-12T07:45:34.031000Z</time>
      </trkpt>
      <trkpt lat="55.383738" lon="13.152878">
        <ele>10.3</ele>
        <time>2025-05-12T07:45:38.031000Z</time>
      </trkpt>
      <trkpt lat="55.383764" lon="13.152668">
        <ele>10.2</ele>
        <time>2025-05-12T07:45:42.031000Z</time>
      </trkpt>
      <trkpt lat="55.383808" lon="13.152457">
        <ele>10.1</ele>
        <time>2025-05-12T07:45:45.031000Z</time>
      </trkpt>
      <trkpt lat="55.38385" lon="13.152294">
        <ele>10.0</ele>
        <time>2025-05-12T07:45:47.031000Z</time>
      </trkpt>
      <trkpt lat="55.383901" lon="13.152127">
        <ele>9.9</ele>
        <time>2025-05-12T07:45:49.031000Z</time>
      </trkpt>
      <trkpt lat="55.383947" lon="13.151945">
        <ele>9.8</ele>
        <time>2025-05-12T07:45:51.031000Z</time>
      </trkpt>
      <trkpt lat="55.384019" lon="13.151764">
        <ele>9.7</ele>
        <time>2025-05-12T07:45:53.031000Z</time>
      </trkpt>
      <trkpt lat="55.38409" lon="13.151591">
        <ele>9.7</ele>
        <time>2025-05-12T07:45:55.031000Z</time>
      </trkpt>
      <trkpt lat="55.384149" lon="13.151434">
        <ele>9.8</ele>
        <time>2025-05-12T07:45:57.031000Z</time>
      </trkpt>
      <trkpt lat="55.384211" lon="13.151248">
        <ele>10.0</ele>
        <time>2025-05-12T07:46:00.031000Z</time>
      </trkpt>
      <trkpt lat="55.384262" lon="13.1511">
        <ele>10.1</ele>
        <time>2025-05-12T07:46:04.031000Z</time>
      </trkpt>
      <trkpt lat="55.384341" lon="13.151011">
        <ele>10.3</ele>
        <time>2025-05-12T07:46:08.031000Z</time>
      </trkpt>
      <trkpt lat="55.384449" lon="13.151023">
        <ele>10.4</ele>
        <time>2025-05-12T07:46:12.031000Z</time>
      </trkpt>
      <trkpt lat="55.384564" lon="13.151057">
        <ele>10.6</ele>
        <time>2025-05-12T07:46:16.031000Z</time>
      </trkpt>
      <trkpt lat="55.384678" lon="13.151069">
        <ele>10.7</ele>
        <time>2025-05-12T07:46:20.031000Z</time>
      </trkpt>
      <trkpt lat="55.38479" lon="13.151093">
        <ele>10.9</ele>
        <time>2025-05-12T07:46:24.032000Z</time>
      </trkpt>
      <trkpt lat="55.384891" lon="13.151132">
        <ele>11.1</ele>
        <time>2025-05-12T07:46:28.031000Z</time>
      </trkpt>
      <trkpt lat="55.384982" lon="13.15114">
        <ele>11.2</ele>
        <time>2025-05-12T07:46:32.032000Z</time>
      </trkpt>
      <trkpt lat="55.385079" lon="13.15114">
        <ele>11.3</ele>
        <time>2025-05-12T07:46:36.031000Z</time>
      </trkpt>
      <trkpt lat="55.385191" lon="13.151125">
        <ele>11.5</ele>
        <time>2025-05-12T07:46:40.032000Z</time>
      </trkpt>
      <trkpt lat="55.385306" lon="13.151125">
        <ele>11.6</ele>
        <time>2025-05-12T07:46:44.032000Z</time>
      </trkpt>
      <trkpt lat="55.385423" lon="13.151145">
        <ele>11.8</ele>
        <time>2025-05-12T07:46:48.032000Z</time>
      </trkpt>
      <trkpt lat="55.385531" lon="13.15115">
        <ele>12.0</ele>
        <time>2025-05-12T07:46:52.032000Z</time>
      </trkpt>
      <trkpt lat="55.385647" lon="13.151158">
        <ele>12.1</ele>
        <time>2025-05-12T07:46:56.032000Z</time>
      </trkpt>
      <trkpt lat="55.385753" lon="13.151165">
        <ele>12.3</ele>
        <time>2025-05-12T07:47:00.032000Z</time>
      </trkpt>
      <trkpt lat="55.385861" lon="13.151174">
        <ele>12.5</ele>
        <time>2025-05-12T07:47:04.032000Z</time>
      </trkpt>
      <trkpt lat="55.385958" lon="13.151176">
        <ele>12.7</ele>
        <time>2025-05-12T07:47:07.032000Z</time>
      </trkpt>
      <trkpt lat="55.386052" lon="13.151199">
        <ele>12.8</ele>
        <time>2025-05-12T07:47:10.032000Z</time>
      </trkpt>
      <trkpt lat="55.386163" lon="13.151243">
        <ele>13.0</ele>
        <time>2025-05-12T07:47:14.032000Z</time>
      </trkpt>
      <trkpt lat="55.386267" lon="13.15128">
        <ele>13.2</ele>
        <time>2025-05-12T07:47:18.032000Z</time>
      </trkpt>
      <trkpt lat="55.386369" lon="13.1513">
        <ele>13.4</ele>
        <time>2025-05-12T07:47:22.032000Z</time>
      </trkpt>
      <trkpt lat="55.386471" lon="13.151317">
        <ele>13.5</ele>
        <time>2025-05-12T07:47:26.032000Z</time>
      </trkpt>
      <trkpt lat="55.38659" lon="13.151346">
        <ele>13.7</ele>
        <time>2025-05-12T07:47:30.032000Z</time>
      </trkpt>
      <trkpt lat="55.386683" lon="13.151369">
        <ele>13.9</ele>
        <time>2025-05-12T07:47:33.032000Z</time>
      </trkpt>
      <trkpt lat="55.386777" lon="13.151382">
        <ele>14.1</ele>
        <time>2025-05-12T07:47:36.032000Z</time>
      </trkpt>
      <trkpt lat="55.386868" lon="13.151402">
        <ele>14.2</ele>
        <time>2025-05-12T07:47:39.032000Z</time>
      </trkpt>
      <trkpt lat="55.386958" lon="13.151413">
        <ele>14.4</ele>
        <time>2025-05-12T07:47:42.032000Z</time>
      </trkpt>
      <trkpt lat="55.387075" lon="13.151427">
        <ele>14.6</ele>
        <time>2025-05-12T07:47:46.032000Z</time>
      </trkpt>
      <trkpt lat="55.387184" lon="13.15145">
        <ele>14.8</ele>
        <time>2025-05-12T07:47:50.032000Z</time>
      </trkpt>
      <trkpt lat="55.387283" lon="13.151454">
        <ele>14.9</ele>
        <time>2025-05-12T07:47:54.032000Z</time>
      </trkpt>
      <trkpt lat="55.387375" lon="13.151451">
        <ele>15.1</ele>
        <time>2025-05-12T07:47:58.032000Z</time>
      </trkpt>
      <trkpt lat="55.387472" lon="13.151451">
        <ele>15.3</ele>
        <time>2025-05-12T07:48:05.032000Z</time>
      </trkpt>
      <trkpt lat="55.387572" lon="13.151448">
        <ele>15.4</ele>
        <time>2025-05-12T07:48:10.032000Z</time>
      </trkpt>
      <trkpt lat="55.387592" lon="13.151268">
        <ele>15.5</ele>
        <time>2025-05-12T07:48:15.032000Z</time>
      </trkpt>
      <trkpt lat="55.38767" lon="13.151168">
        <ele>15.7</ele>
        <time>2025-05-12T07:48:19.032000Z</time>
      </trkpt>
      <trkpt lat="55.387772" lon="13.151182">
        <ele>15.8</ele>
        <time>2025-05-12T07:48:23.032000Z</time>
      </trkpt>
      <trkpt lat="55.387846" lon="13.151304">
        <ele>15.9</ele>
        <time>2025-05-12T07:48:27.032000Z</time>
      </trkpt>
      <trkpt lat="55.387903" lon="13.15145">
        <ele>16.1</ele>
        <time>2025-05-12T07:48:32.033000Z</time>
      </trkpt>
      <trkpt lat="55.387971" lon="13.151609">
        <ele>16.2</ele>
        <time>2025-05-12T07:48:38.032000Z</time>
      </trkpt>
      <trkpt lat="55.388048" lon="13.151714">
        <ele>16.4</ele>
        <time>2025-05-12T07:48:42.033000Z</time>
      </trkpt>
      <trkpt lat="55.388144" lon="13.151754">
        <ele>16.5</ele>
        <time>2025-05-12T07:48:46.032000Z</time>
      </trkpt>
      <trkpt lat="55.388243" lon="13.151759">
        <ele>16.6</ele>
        <time>2025-05-12T07:48:50.032000Z</time>
      </trkpt>
      <trkpt lat="55.388345" lon="13.151768">
        <ele>16.8</ele>
        <time>2025-05-12T07:48:54.032000Z</time>
      </trkpt>
      <trkpt lat="55.388463" lon="13.151784">
        <ele>16.9</ele>
        <time>2025-05-12T07:48:58.032000Z</time>
      </trkpt>
      <trkpt lat="55.388553" lon="13.151784">
        <ele>17.1</ele>
        <time>2025-05-12T07:49:01.032000Z</time>
      </trkpt>
      <trkpt lat="55.388669" lon="13.151797">
        <ele>17.2</ele>
        <time>2025-05-12T07:49:05.032000Z</time>
      </trkpt>
      <trkpt lat="55.388785" lon="13.151812">
        <ele>17.4</ele>
        <time>2025-05-12T07:49:09.032000Z</time>
      </trkpt>
      <trkpt lat="55.388896" lon="13.151811">
        <ele>17.5</ele>
        <time>2025-05-12T07:49:13.032000Z</time>
      </trkpt>
      <trkpt lat="55.38901" lon="13.151831">
        <ele>17.7</ele>
        <time>2025-05-12T07:49:17.032000Z</time>
      </trkpt>
      <trkpt lat="55.38913" lon="13.151843">
        <ele>17.8</ele>
        <time>2025-05-12T07:49:21.033000Z</time>
      </trkpt>
      <trkpt lat="55.38924" lon="13.151867">
        <ele>18.0</ele>
        <time>2025-05-12T07:49:25.033000Z</time>
      </trkpt>
      <trkpt lat="55.389356" lon="13.151875">
        <ele>18.1</ele>
        <time>2025-05-12T07:49:29.033000Z</time>
      </trkpt>
      <trkpt lat="55.389476" lon="13.151887">
        <ele>18.2</ele>
        <time>2025-05-12T07:49:33.033000Z</time>
      </trkpt>
      <trkpt lat="55.389572" lon="13.151892">
        <ele>18.4</ele>
        <time>2025-05-12T07:49:36.033000Z</time>
      </trkpt>
      <trkpt lat="55.389669" lon="13.151893">
        <ele>18.5</ele>
        <time>2025-05-12T07:49:39.033000Z</time>
      </trkpt>
      <trkpt lat="55.389776" lon="13.151907">
        <ele>18.6</ele>
        <time>2025-05-12T07:49:42.033000Z</time>
      </trkpt>
      <trkpt lat="55.389879" lon="13.151915">
        <ele>18.7</ele>
        <time>2025-05-12T07:49:45.033000Z</time>
      </trkpt>
      <trkpt lat="55.389976" lon="13.151911">
        <ele>18.8</ele>
        <time>2025-05-12T07:49:48.033000Z</time>
      </trkpt>
      <trkpt lat="55.390072" lon="13.151919">
        <ele>19.0</ele>
        <time>2025-05-12T07:49:51.033000Z</time>
      </trkpt>
      <trkpt lat="55.39019" lon="13.151928">
        <ele>19.1</ele>
        <time>2025-05-12T07:49:55.033000Z</time>
      </trkpt>
      <trkpt lat="55.390311" lon="13.151927">
        <ele>19.3</ele>
        <time>2025-05-12T07:49:59.033000Z</time>
      </trkpt>
      <trkpt lat="55.390425" lon="13.151938">
        <ele>19.4</ele>
        <time>2025-05-12T07:50:03.033000Z</time>
      </trkpt>
      <trkpt lat="55.39054" lon="13.151944">
        <ele>19.5</ele>
        <time>2025-05-12T07:50:07.033000Z</time>
      </trkpt>
      <trkpt lat="55.390658" lon="13.151942">
        <ele>19.7</ele>
        <time>2025-05-12T07:50:11.033000Z</time>
      </trkpt>
      <trkpt lat="55.390771" lon="13.151948">
        <ele>19.8</ele>
        <time>2025-05-12T07:50:15.033000Z</time>
      </trkpt>
      <trkpt lat="55.390892" lon="13.151946">
        <ele>19.9</ele>
        <time>2025-05-12T07:50:19.033000Z</time>
      </trkpt>
      <trkpt lat="55.391013" lon="13.151944">
        <ele>20.1</ele>
        <time>2025-05-12T07:50:23.033000Z</time>
      </trkpt>
      <trkpt lat="55.391104" lon="13.151951">
        <ele>20.2</ele>
        <time>2025-05-12T07:50:26.033000Z</time>
      </trkpt>
      <trkpt lat="55.391198" lon="13.151952">
        <ele>20.3</ele>
        <time>2025-05-12T07:50:29.033000Z</time>
      </trkpt>
      <trkpt lat="55.391314" lon="13.151961">
        <ele>20.4</ele>
        <time>2025-05-12T07:50:33.033000Z</time>
      </trkpt>
      <trkpt lat="55.391434" lon="13.151966">
        <ele>20.5</ele>
        <time>2025-05-12T07:50:37.033000Z</time>
      </trkpt>
      <trkpt lat="55.391528" lon="13.151965">
        <ele>20.6</ele>
        <time>2025-05-12T07:50:40.033000Z</time>
      </trkpt>
      <trkpt lat="55.391622" lon="13.151964">
        <ele>20.7</ele>
        <time>2025-05-12T07:50:43.033000Z</time>
      </trkpt>
      <trkpt lat="55.391715" lon="13.151956">
        <ele>20.8</ele>
        <time>2025-05-12T07:50:46.034000Z</time>
      </trkpt>
      <trkpt lat="55.391812" lon="13.151954">
        <ele>20.9</ele>
        <time>2025-05-12T07:50:49.034000Z</time>
      </trkpt>
      <trkpt lat="55.391909" lon="13.151958">
        <ele>21.0</ele>
        <time>2025-05-12T07:50:52.034000Z</time>
      </trkpt>
      <trkpt lat="55.392002" lon="13.15196">
        <ele>21.1</ele>
        <time>2025-05-12T07:50:55.034000Z</time>
      </trkpt>
      <trkpt lat="55.392095" lon="13.151952">
        <ele>21.2</ele>
        <time>2025-05-12T07:50:58.034000Z</time>
      </trkpt>
      <trkpt lat="55.392185" lon="13.151948">
        <ele>21.3</ele>
        <time>2025-05-12T07:51:01.034000Z</time>
      </trkpt>
      <trkpt lat="55.392277" lon="13.151934">
        <ele>21.4</ele>
        <time>2025-05-12T07:51:04.034000Z</time>
      </trkpt>
      <trkpt lat="55.392372" lon="13.151924">
        <ele>21.5</ele>
        <time>2025-05-12T07:51:07.034000Z</time>
      </trkpt>
      <trkpt lat="55.392465" lon="13.151906">
        <ele>21.6</ele>
        <time>2025-05-12T07:51:10.034000Z</time>
      </trkpt>
      <trkpt lat="55.392555" lon="13.151887">
        <ele>21.6</ele>
        <time>2025-05-12T07:51:13.034000Z</time>
      </trkpt>
      <trkpt lat="55.39265" lon="13.151864">
        <ele>21.7</ele>
        <time>2025-05-12T07:51:16.034000Z</time>
      </trkpt>
      <trkpt lat="55.392743" lon="13.15184">
        <ele>21.7</ele>
        <time>2025-05-12T07:51:19.034000Z</time>
      </trkpt>
      <trkpt lat="55.392857" lon="13.151786">
        <ele>21.7</ele>
        <time>2025-05-12T07:51:23.034000Z</time>
      </trkpt>
      <trkpt lat="55.392966" lon="13.151726">
        <ele>21.8</ele>
        <time>2025-05-12T07:51:27.034000Z</time>
      </trkpt>
      <trkpt lat="55.39306" lon="13.151673">
        <ele>21.8</ele>
        <time>2025-05-12T07:51:31.034000Z</time>
      </trkpt>
      <trkpt lat="55.393154" lon="13.151608">
        <ele>21.8</ele>
        <time>2025-05-12T07:51:36.034000Z</time>
      </trkpt>
      <trkpt lat="55.393261" lon="13.151567">
        <ele>21.8</ele>
        <time>2025-05-12T07:51:42.034000Z</time>
      </trkpt>
      <trkpt lat="55.393357" lon="13.151559">
        <ele>21.8</ele>
        <time>2025-05-12T07:51:46.034000Z</time>
      </trkpt>
      <trkpt lat="55.393434" lon="13.151667">
        <ele>21.8</ele>
        <time>2025-05-12T07:51:50.034000Z</time>
      </trkpt>
      <trkpt lat="55.393502" lon="13.151843">
        <ele>21.8</ele>
        <time>2025-05-12T07:51:54.034000Z</time>
      </trkpt>
      <trkpt lat="55.393571" lon="13.151963">
        <ele>21.9</ele>
        <time>2025-05-12T07:51:57.034000Z</time>
      </trkpt>
      <trkpt lat="55.393665" lon="13.152003">
        <ele>21.9</ele>
        <time>2025-05-12T07:52:00.034000Z</time>
      </trkpt>
      <trkpt lat="55.393769" lon="13.152013">
        <ele>21.9</ele>
        <time>2025-05-12T07:52:03.034000Z</time>
      </trkpt>
      <trkpt lat="55.393864" lon="13.152034">
        <ele>21.9</ele>
        <time>2025-05-12T07:52:06.034000Z</time>
      </trkpt>
      <trkpt lat="55.393965" lon="13.152042">
        <ele>21.9</ele>
        <time>2025-05-12T07:52:09.034000Z</time>
      </trkpt>
      <trkpt lat="55.394066" lon="13.15204">
        <ele>21.9</ele>
        <time>2025-05-12T07:52:12.034000Z</time>
      </trkpt>
      <trkpt lat="55.394167" lon="13.152043">
        <ele>21.9</ele>
        <time>2025-05-12T07:52:15.034000Z</time>
      </trkpt>
      <trkpt lat="55.394269" lon="13.152041">
        <ele>21.9</ele>
        <time>2025-05-12T07:52:18.034000Z</time>
      </trkpt>
      <trkpt lat="55.394366" lon="13.152036">
        <ele>21.9</ele>
        <time>2025-05-12T07:52:22.034000Z</time>
      </trkpt>
      <trkpt lat="55.394461" lon="13.152052">
        <ele>21.9</ele>
        <time>2025-05-12T07:52:26.035000Z</time>
      </trkpt>
      <trkpt lat="55.394583" lon="13.152067">
        <ele>21.9</ele>
        <time>2025-05-12T07:52:30.035000Z</time>
      </trkpt>
      <trkpt lat="55.394689" lon="13.152088">
        <ele>21.9</ele>
        <time>2025-05-12T07:52:33.035000Z</time>
      </trkpt>
      <trkpt lat="55.394792" lon="13.152105">
        <ele>21.9</ele>
        <time>2025-05-12T07:52:36.035000Z</time>
      </trkpt>
      <trkpt lat="55.394892" lon="13.152123">
        <ele>21.9</ele>
        <time>2025-05-12T07:52:39.035000Z</time>
      </trkpt>
      <trkpt lat="55.394989" lon="13.15211">
        <ele>21.9</ele>
        <time>2025-05-12T07:52:42.035000Z</time>
      </trkpt>
      <trkpt lat="55.395079" lon="13.152093">
        <ele>21.9</ele>
        <time>2025-05-12T07:52:45.035000Z</time>
      </trkpt>
      <trkpt lat="55.395195" lon="13.152073">
        <ele>21.9</ele>
        <time>2025-05-12T07:52:49.035000Z</time>
      </trkpt>
      <trkpt lat="55.395305" lon="13.15202">
        <ele>21.9</ele>
        <time>2025-05-12T07:52:53.035000Z</time>
      </trkpt>
      <trkpt lat="55.395417" lon="13.151939">
        <ele>21.9</ele>
        <time>2025-05-12T07:52:57.035000Z</time>
      </trkpt>
      <trkpt lat="55.395499" lon="13.151862">
        <ele>21.9</ele>
        <time>2025-05-12T07:53:00.035000Z</time>
      </trkpt>
      <trkpt lat="55.395569" lon="13.151726">
        <ele>21.9</ele>
        <time>2025-05-12T07:53:04.035000Z</time>
      </trkpt>
      <trkpt lat="55.39566" lon="13.151722">
        <ele>21.9</ele>
        <time>2025-05-12T07:53:08.035000Z</time>
      </trkpt>
      <trkpt lat="55.395757" lon="13.15174">
        <ele>21.9</ele>
        <time>2025-05-12T07:53:12.035000Z</time>
      </trkpt>
      <trkpt lat="55.395824" lon="13.151894">
        <ele>21.9</ele>
        <time>2025-05-12T07:53:16.035000Z</time>
      </trkpt>
      <trkpt lat="55.395862" lon="13.152065">
        <ele>21.9</ele>
        <time>2025-05-12T07:53:20.035000Z</time>
      </trkpt>
      <trkpt lat="55.395923" lon="13.152216">
        <ele>22.0</ele>
        <time>2025-05-12T07:53:24.035000Z</time>
      </trkpt>
      <trkpt lat="55.396037" lon="13.152271">
        <ele>22.2</ele>
        <time>2025-05-12T07:53:28.035000Z</time>
      </trkpt>
      <trkpt lat="55.396133" lon="13.152279">
        <ele>22.3</ele>
        <time>2025-05-12T07:53:31.035000Z</time>
      </trkpt>
      <trkpt lat="55.396223" lon="13.152293">
        <ele>22.4</ele>
        <time>2025-05-12T07:53:34.035000Z</time>
      </trkpt>
      <trkpt lat="55.396329" lon="13.152302">
        <ele>22.5</ele>
        <time>2025-05-12T07:53:38.035000Z</time>
      </trkpt>
      <trkpt lat="55.396419" lon="13.152324">
        <ele>22.6</ele>
        <time>2025-05-12T07:53:42.035000Z</time>
      </trkpt>
      <trkpt lat="55.396511" lon="13.152349">
        <ele>22.7</ele>
        <time>2025-05-12T07:53:46.035000Z</time>
      </trkpt>
      <trkpt lat="55.39661" lon="13.152381">
        <ele>22.9</ele>
        <time>2025-05-12T07:53:50.035000Z</time>
      </trkpt>
      <trkpt lat="55.396709" lon="13.152416">
        <ele>23.0</ele>
        <time>2025-05-12T07:53:55.035000Z</time>
      </trkpt>
      <trkpt lat="55.396803" lon="13.152442">
        <ele>23.1</ele>
        <time>2025-05-12T07:54:01.035000Z</time>
      </trkpt>
      <trkpt lat="55.396907" lon="13.152466">
        <ele>23.2</ele>
        <time>2025-05-12T07:54:07.035000Z</time>
      </trkpt>
      <trkpt lat="55.397013" lon="13.152495">
        <ele>23.4</ele>
        <time>2025-05-12T07:54:12.035000Z</time>
      </trkpt>
      <trkpt lat="55.397106" lon="13.152503">
        <ele>23.5</ele>
        <time>2025-05-12T07:54:16.035000Z</time>
      </trkpt>
      <trkpt lat="55.397196" lon="13.152474">
        <ele>23.6</ele>
        <time>2025-05-12T07:54:20.035000Z</time>
      </trkpt>
      <trkpt lat="55.397289" lon="13.152425">
        <ele>23.7</ele>
        <time>2025-05-12T07:54:24.035000Z</time>
      </trkpt>
      <trkpt lat="55.397399" lon="13.152351">
        <ele>23.9</ele>
        <time>2025-05-12T07:54:28.035000Z</time>
      </trkpt>
      <trkpt lat="55.397483" lon="13.152265">
        <ele>24.0</ele>
        <time>2025-05-12T07:54:31.035000Z</time>
      </trkpt>
      <trkpt lat="55.39757" lon="13.152173">
        <ele>24.1</ele>
        <time>2025-05-12T07:54:34.035000Z</time>
      </trkpt>
      <trkpt lat="55.397672" lon="13.152121">
        <ele>24.1</ele>
        <time>2025-05-12T07:54:37.036000Z</time>
      </trkpt>
      <trkpt lat="55.397773" lon="13.152064">
        <ele>24.0</ele>
        <time>2025-05-12T07:54:40.036000Z</time>
      </trkpt>
      <trkpt lat="55.397875" lon="13.152022">
        <ele>24.0</ele>
        <time>2025-05-12T07:54:43.036000Z</time>
      </trkpt>
      <trkpt lat="55.397975" lon="13.151989">
        <ele>23.9</ele>
        <time>2025-05-12T07:54:46.036000Z</time>
      </trkpt>
      <trkpt lat="55.398083" lon="13.151922">
        <ele>23.8</ele>
        <time>2025-05-12T07:54:49.036000Z</time>
      </trkpt>
      <trkpt lat="55.398196" lon="13.15181">
        <ele>23.7</ele>
        <time>2025-05-12T07:54:52.036000Z</time>
      </trkpt>
      <trkpt lat="55.398273" lon="13.151726">
        <ele>23.6</ele>
        <time>2025-05-12T07:54:54.036000Z</time>
      </trkpt>
      <trkpt lat="55.398357" lon="13.151655">
        <ele>23.5</ele>
        <time>2025-05-12T07:54:56.036000Z</time>
      </trkpt>
      <trkpt lat="55.398436" lon="13.151574">
        <ele>23.5</ele>
        <time>2025-05-12T07:54:58.036000Z</time>
      </trkpt>
      <trkpt lat="55.398512" lon="13.151486">
        <ele>23.4</ele>
        <time>2025-05-12T07:55:00.036000Z</time>
      </trkpt>
      <trkpt lat="55.398628" lon="13.151365">
        <ele>23.3</ele>
        <time>2025-05-12T07:55:03.036000Z</time>
      </trkpt>
      <trkpt lat="55.398738" lon="13.151245">
        <ele>23.2</ele>
        <time>2025-05-12T07:55:06.036000Z</time>
      </trkpt>
      <trkpt lat="55.398853" lon="13.151147">
        <ele>23.1</ele>
        <time>2025-05-12T07:55:09.036000Z</time>
      </trkpt>
      <trkpt lat="55.398959" lon="13.151032">
        <ele>23.0</ele>
        <time>2025-05-12T07:55:12.036000Z</time>
      </trkpt>
      <trkpt lat="55.399063" lon="13.150936">
        <ele>22.9</ele>
        <time>2025-05-12T07:55:15.036000Z</time>
      </trkpt>
      <trkpt lat="55.399165" lon="13.150852">
        <ele>22.8</ele>
        <time>2025-05-12T07:55:18.036000Z</time>
      </trkpt>
      <trkpt lat="55.399275" lon="13.150784">
        <ele>22.8</ele>
        <time>2025-05-12T07:55:21.036000Z</time>
      </trkpt>
      <trkpt lat="55.399386" lon="13.150732">
        <ele>22.9</ele>
        <time>2025-05-12T07:55:24.036000Z</time>
      </trkpt>
      <trkpt lat="55.39949" lon="13.150704">
        <ele>23.0</ele>
        <time>2025-05-12T07:55:27.036000Z</time>
      </trkpt>
      <trkpt lat="55.399592" lon="13.150712">
        <ele>23.1</ele>
        <time>2025-05-12T07:55:30.036000Z</time>
      </trkpt>
      <trkpt lat="55.399691" lon="13.150659">
        <ele>23.2</ele>
        <time>2025-05-12T07:55:33.036000Z</time>
      </trkpt>
      <trkpt lat="55.399795" lon="13.150653">
        <ele>23.3</ele>
        <time>2025-05-12T07:55:36.036000Z</time>
      </trkpt>
      <trkpt lat="55.3999" lon="13.150634">
        <ele>23.4</ele>
        <time>2025-05-12T07:55:39.036000Z</time>
      </trkpt>
      <trkpt lat="55.400002" lon="13.150618">
        <ele>23.5</ele>
        <time>2025-05-12T07:55:42.036000Z</time>
      </trkpt>
      <trkpt lat="55.400101" lon="13.150612">
        <ele>23.6</ele>
        <time>2025-05-12T07:55:45.036000Z</time>
      </trkpt>
      <trkpt lat="55.4002" lon="13.1506">
        <ele>23.7</ele>
        <time>2025-05-12T07:55:48.036000Z</time>
      </trkpt>
      <trkpt lat="55.400297" lon="13.150589">
        <ele>23.8</ele>
        <time>2025-05-12T07:55:51.036000Z</time>
      </trkpt>
      <trkpt lat="55.400392" lon="13.150569">
        <ele>23.9</ele>
        <time>2025-05-12T07:55:54.036000Z</time>
      </trkpt>
      <trkpt lat="55.400488" lon="13.150555">
        <ele>24.0</ele>
        <time>2025-05-12T07:55:57.036000Z</time>
      </trkpt>
      <trkpt lat="55.400588" lon="13.150543">
        <ele>24.1</ele>
        <time>2025-05-12T07:56:00.036000Z</time>
      </trkpt>
      <trkpt lat="55.400688" lon="13.150534">
        <ele>24.2</ele>
        <time>2025-05-12T07:56:03.036000Z</time>
      </trkpt>
      <trkpt lat="55.400788" lon="13.150514">
        <ele>24.3</ele>
        <time>2025-05-12T07:56:06.036000Z</time>
      </trkpt>
      <trkpt lat="55.400888" lon="13.150504">
        <ele>24.4</ele>
        <time>2025-05-12T07:56:09.036000Z</time>
      </trkpt>
      <trkpt lat="55.400989" lon="13.15051">
        <ele>24.5</ele>
        <time>2025-05-12T07:56:12.036000Z</time>
      </trkpt>
      <trkpt lat="55.40109" lon="13.15052">
        <ele>24.5</ele>
        <time>2025-05-12T07:56:15.036000Z</time>
      </trkpt>
      <trkpt lat="55.40119" lon="13.150541">
        <ele>24.6</ele>
        <time>2025-05-12T07:56:18.036000Z</time>
      </trkpt>
      <trkpt lat="55.401284" lon="13.150573">
        <ele>24.6</ele>
        <time>2025-05-12T07:56:21.036000Z</time>
      </trkpt>
      <trkpt lat="55.401375" lon="13.150597">
        <ele>24.7</ele>
        <time>2025-05-12T07:56:24.036000Z</time>
      </trkpt>
      <trkpt lat="55.401484" lon="13.150634">
        <ele>24.7</ele>
        <time>2025-05-12T07:56:28.036000Z</time>
      </trkpt>
      <trkpt lat="55.401588" lon="13.150669">
        <ele>24.8</ele>
        <time>2025-05-12T07:56:32.036000Z</time>
      </trkpt>
      <trkpt lat="55.401694" lon="13.15069">
        <ele>24.8</ele>
        <time>2025-05-12T07:56:36.036000Z</time>
      </trkpt>
      <trkpt lat="55.401795" lon="13.150737">
        <ele>24.8</ele>
        <time>2025-05-12T07:56:40.036000Z</time>
      </trkpt>
      <trkpt lat="55.401886" lon="13.150779">
        <ele>24.9</ele>
        <time>2025-05-12T07:56:44.036000Z</time>
      </trkpt>
      <trkpt lat="55.401984" lon="13.150787">
        <ele>24.9</ele>
        <time>2025-05-12T07:56:48.037000Z</time>
      </trkpt>
      <trkpt lat="55.402078" lon="13.150842">
        <ele>25.0</ele>
        <time>2025-05-12T07:56:52.037000Z</time>
      </trkpt>
      <trkpt lat="55.402179" lon="13.150878">
        <ele>25.0</ele>
        <time>2025-05-12T07:56:56.037000Z</time>
      </trkpt>
      <trkpt lat="55.402284" lon="13.150906">
        <ele>25.1</ele>
        <time>2025-05-12T07:57:00.037000Z</time>
      </trkpt>
      <trkpt lat="55.402394" lon="13.150904">
        <ele>25.1</ele>
        <time>2025-05-12T07:57:04.037000Z</time>
      </trkpt>
      <trkpt lat="55.402488" lon="13.150964">
        <ele>25.1</ele>
        <time>2025-05-12T07:57:08.038000Z</time>
      </trkpt>
      <trkpt lat="55.402602" lon="13.150964">
        <ele>25.2</ele>
        <time>2025-05-12T07:57:13.038000Z</time>
      </trkpt>
      <trkpt lat="55.402711" lon="13.150996">
        <ele>25.2</ele>
        <time>2025-05-12T07:57:17.038000Z</time>
      </trkpt>
      <trkpt lat="55.402802" lon="13.151023">
        <ele>25.3</ele>
        <time>2025-05-12T07:57:20.038000Z</time>
      </trkpt>
      <trkpt lat="55.402909" lon="13.15107">
        <ele>25.2</ele>
        <time>2025-05-12T07:57:23.038000Z</time>
      </trkpt>
      <trkpt lat="55.403029" lon="13.151104">
        <ele>25.2</ele>
        <time>2025-05-12T07:57:26.038000Z</time>
      </trkpt>
      <trkpt lat="55.403161" lon="13.151143">
        <ele>25.1</ele>
        <time>2025-05-12T07:57:29.038000Z</time>
      </trkpt>
      <trkpt lat="55.403252" lon="13.151161">
        <ele>25.1</ele>
        <time>2025-05-12T07:57:31.038000Z</time>
      </trkpt>
      <trkpt lat="55.403345" lon="13.151185">
        <ele>25.0</ele>
        <time>2025-05-12T07:57:33.038000Z</time>
      </trkpt>
      <trkpt lat="55.403437" lon="13.15122">
        <ele>25.0</ele>
        <time>2025-05-12T07:57:35.038000Z</time>
      </trkpt>
      <trkpt lat="55.403532" lon="13.151247">
        <ele>24.9</ele>
        <time>2025-05-12T07:57:37.038000Z</time>
      </trkpt>
      <trkpt lat="55.40363" lon="13.151274">
        <ele>24.9</ele>
        <time>2025-05-12T07:57:39.038000Z</time>
      </trkpt>
      <trkpt lat="55.403724" lon="13.151305">
        <ele>24.8</ele>
        <time>2025-05-12T07:57:41.038000Z</time>
      </trkpt>
      <trkpt lat="55.403816" lon="13.151342">
        <ele>24.8</ele>
        <time>2025-05-12T07:57:43.038000Z</time>
      </trkpt>
      <trkpt lat="55.403904" lon="13.151382">
        <ele>24.8</ele>
        <time>2025-05-12T07:57:45.038000Z</time>
      </trkpt>
      <trkpt lat="55.40399" lon="13.151432">
        <ele>24.7</ele>
        <time>2025-05-12T07:57:47.038000Z</time>
      </trkpt>
      <trkpt lat="55.404115" lon="13.1515">
        <ele>24.7</ele>
        <time>2025-05-12T07:57:50.038000Z</time>
      </trkpt>
      <trkpt lat="55.404238" lon="13.151559">
        <ele>24.6</ele>
        <time>2025-05-12T07:57:53.038000Z</time>
      </trkpt>
      <trkpt lat="55.404351" lon="13.151619">
        <ele>24.6</ele>
        <time>2025-05-12T07:57:56.038000Z</time>
      </trkpt>
      <trkpt lat="55.404447" lon="13.151681">
        <ele>24.5</ele>
        <time>2025-05-12T07:57:59.038000Z</time>
      </trkpt>
      <trkpt lat="55.404544" lon="13.151727">
        <ele>24.5</ele>
        <time>2025-05-12T07:58:02.038000Z</time>
      </trkpt>
      <trkpt lat="55.404632" lon="13.151781">
        <ele>24.8</ele>
        <time>2025-05-12T07:58:05.038000Z</time>
      </trkpt>
      <trkpt lat="55.40474" lon="13.151848">
        <ele>25.2</ele>
        <time>2025-05-12T07:58:09.038000Z</time>
      </trkpt>
      <trkpt lat="55.404847" lon="13.151914">
        <ele>25.5</ele>
        <time>2025-05-12T07:58:13.038000Z</time>
      </trkpt>
      <trkpt lat="55.404949" lon="13.151988">
        <ele>25.8</ele>
        <time>2025-05-12T07:58:17.038000Z</time>
      </trkpt>
      <trkpt lat="55.405046" lon="13.152053">
        <ele>26.2</ele>
        <time>2025-05-12T07:58:21.038000Z</time>
      </trkpt>
      <trkpt lat="55.405137" lon="13.152147">
        <ele>26.5</ele>
        <time>2025-05-12T07:58:25.038000Z</time>
      </trkpt>
      <trkpt lat="55.40523" lon="13.152201">
        <ele>26.8</ele>
        <time>2025-05-12T07:58:29.038000Z</time>
      </trkpt>
      <trkpt lat="55.405311" lon="13.152273">
        <ele>27.1</ele>
        <time>2025-05-12T07:58:33.038000Z</time>
      </trkpt>
      <trkpt lat="55.405399" lon="13.152343">
        <ele>27.4</ele>
        <time>2025-05-12T07:58:38.038000Z</time>
      </trkpt>
      <trkpt lat="55.405483" lon="13.152418">
        <ele>27.7</ele>
        <time>2025-05-12T07:58:43.038000Z</time>
      </trkpt>
      <trkpt lat="55.405569" lon="13.152467">
        <ele>28.0</ele>
        <time>2025-05-12T07:58:47.038000Z</time>
      </trkpt>
      <trkpt lat="55.405661" lon="13.15255">
        <ele>28.3</ele>
        <time>2025-05-12T07:58:52.038000Z</time>
      </trkpt>
      <trkpt lat="55.405737" lon="13.152656">
        <ele>28.6</ele>
        <time>2025-05-12T07:58:57.038000Z</time>
      </trkpt>
      <trkpt lat="55.40582" lon="13.15274">
        <ele>28.9</ele>
        <time>2025-05-12T07:59:02.038000Z</time>
      </trkpt>
      <trkpt lat="55.405906" lon="13.152812">
        <ele>29.2</ele>
        <time>2025-05-12T07:59:07.038000Z</time>
      </trkpt>
      <trkpt lat="55.406001" lon="13.152877">
        <ele>29.5</ele>
        <time>2025-05-12T07:59:12.039000Z</time>
      </trkpt>
      <trkpt lat="55.406099" lon="13.152963">
        <ele>29.8</ele>
        <time>2025-05-12T07:59:17.039000Z</time>
      </trkpt>
      <trkpt lat="55.406193" lon="13.153053">
        <ele>30.1</ele>
        <time>2025-05-12T07:59:22.039000Z</time>
      </trkpt>
      <trkpt lat="55.406289" lon="13.153136">
        <ele>30.3</ele>
        <time>2025-05-12T07:59:27.039000Z</time>
      </trkpt>
      <trkpt lat="55.406389" lon="13.153211">
        <ele>30.4</ele>
        <time>2025-05-12T07:59:32.039000Z</time>
      </trkpt>
      <trkpt lat="55.406478" lon="13.153271">
        <ele>30.5</ele>
        <time>2025-05-12T07:59:36.039000Z</time>
      </trkpt>
      <trkpt lat="55.406557" lon="13.15336">
        <ele>30.7</ele>
        <time>2025-05-12T07:59:40.039000Z</time>
      </trkpt>
      <trkpt lat="55.406645" lon="13.153425">
        <ele>30.8</ele>
        <time>2025-05-12T07:59:44.039000Z</time>
      </trkpt>
      <trkpt lat="55.406733" lon="13.153497">
        <ele>31.0</ele>
        <time>2025-05-12T07:59:48.039000Z</time>
      </trkpt>
      <trkpt lat="55.406829" lon="13.153556">
        <ele>31.1</ele>
        <time>2025-05-12T07:59:52.039000Z</time>
      </trkpt>
      <trkpt lat="55.406923" lon="13.153632">
        <ele>31.2</ele>
        <time>2025-05-12T07:59:56.039000Z</time>
      </trkpt>
      <trkpt lat="55.407004" lon="13.153706">
        <ele>31.4</ele>
        <time>2025-05-12T08:00:00.039000Z</time>
      </trkpt>
      <trkpt lat="55.407097" lon="13.153759">
        <ele>31.5</ele>
        <time>2025-05-12T08:00:04.039000Z</time>
      </trkpt>
      <trkpt lat="55.407184" lon="13.153832">
        <ele>31.7</ele>
        <time>2025-05-12T08:00:08.039000Z</time>
      </trkpt>
      <trkpt lat="55.407285" lon="13.153882">
        <ele>31.8</ele>
        <time>2025-05-12T08:00:12.039000Z</time>
      </trkpt>
      <trkpt lat="55.407387" lon="13.15394">
        <ele>32.0</ele>
        <time>2025-05-12T08:00:16.039000Z</time>
      </trkpt>
      <trkpt lat="55.407488" lon="13.153993">
        <ele>32.1</ele>
        <time>2025-05-12T08:00:20.039000Z</time>
      </trkpt>
      <trkpt lat="55.407588" lon="13.154053">
        <ele>32.3</ele>
        <time>2025-05-12T08:00:24.039000Z</time>
      </trkpt>
      <trkpt lat="55.40769" lon="13.154096">
        <ele>32.4</ele>
        <time>2025-05-12T08:00:28.039000Z</time>
      </trkpt>
      <trkpt lat="55.407794" lon="13.154158">
        <ele>32.6</ele>
        <time>2025-05-12T08:00:32.039000Z</time>
      </trkpt>
      <trkpt lat="55.407894" lon="13.15421">
        <ele>32.7</ele>
        <time>2025-05-12T08:00:36.040000Z</time>
      </trkpt>
      <trkpt lat="55.407994" lon="13.154262">
        <ele>32.8</ele>
        <time>2025-05-12T08:00:40.040000Z</time>
      </trkpt>
      <trkpt lat="55.408096" lon="13.154299">
        <ele>32.9</ele>
        <time>2025-05-12T08:00:44.040000Z</time>
      </trkpt>
      <trkpt lat="55.408191" lon="13.154355">
        <ele>33.0</ele>
        <time>2025-05-12T08:00:48.040000Z</time>
      </trkpt>
      <trkpt lat="55.408291" lon="13.154387">
        <ele>33.1</ele>
        <time>2025-05-12T08:00:52.040000Z</time>
      </trkpt>
      <trkpt lat="55.408386" lon="13.15445">
        <ele>33.2</ele>
        <time>2025-05-12T08:00:56.040000Z</time>
      </trkpt>
      <trkpt lat="55.408483" lon="13.154497">
        <ele>33.3</ele>
        <time>2025-05-12T08:01:00.040000Z</time>
      </trkpt>
      <trkpt lat="55.408586" lon="13.154533">
        <ele>33.5</ele>
        <time>2025-05-12T08:01:04.040000Z</time>
      </trkpt>
      <trkpt lat="55.408693" lon="13.154567">
        <ele>33.6</ele>
        <time>2025-05-12T08:01:08.039000Z</time>
      </trkpt>
      <trkpt lat="55.408804" lon="13.154525">
        <ele>33.7</ele>
        <time>2025-05-12T08:01:12.040000Z</time>
      </trkpt>
      <trkpt lat="55.408905" lon="13.154489">
        <ele>33.8</ele>
        <time>2025-05-12T08:01:16.039000Z</time>
      </trkpt>
      <trkpt lat="55.409004" lon="13.154439">
        <ele>33.9</ele>
        <time>2025-05-12T08:01:20.039000Z</time>
      </trkpt>
      <trkpt lat="55.409111" lon="13.154383">
        <ele>34.0</ele>
        <time>2025-05-12T08:01:24.040000Z</time>
      </trkpt>
      <trkpt lat="55.409214" lon="13.154341">
        <ele>34.2</ele>
        <time>2025-05-12T08:01:28.040000Z</time>
      </trkpt>
      <trkpt lat="55.409326" lon="13.154285">
        <ele>34.3</ele>
        <time>2025-05-12T08:01:32.040000Z</time>
      </trkpt>
      <trkpt lat="55.409434" lon="13.154215">
        <ele>34.4</ele>
        <time>2025-05-12T08:01:36.040000Z</time>
      </trkpt>
      <trkpt lat="55.409542" lon="13.154148">
        <ele>34.5</ele>
        <time>2025-05-12T08:01:40.040000Z</time>
      </trkpt>
      <trkpt lat="55.409629" lon="13.1541">
        <ele>34.6</ele>
        <time>2025-05-12T08:01:43.040000Z</time>
      </trkpt>
      <trkpt lat="55.40972" lon="13.154048">
        <ele>34.6</ele>
        <time>2025-05-12T08:01:46.040000Z</time>
      </trkpt>
      <trkpt lat="55.409808" lon="13.154009">
        <ele>34.6</ele>
        <time>2025-05-12T08:01:49.040000Z</time>
      </trkpt>
      <trkpt lat="55.4099" lon="13.153969">
        <ele>34.6</ele>
        <time>2025-05-12T08:01:52.040000Z</time>
      </trkpt>
      <trkpt lat="55.409994" lon="13.153934">
        <ele>34.6</ele>
        <time>2025-05-12T08:01:55.040000Z</time>
      </trkpt>
      <trkpt lat="55.410087" lon="13.153891">
        <ele>34.6</ele>
        <time>2025-05-12T08:01:58.040000Z</time>
      </trkpt>
      <trkpt lat="55.410179" lon="13.153845">
        <ele>34.6</ele>
        <time>2025-05-12T08:02:01.040000Z</time>
      </trkpt>
      <trkpt lat="55.41027" lon="13.153801">
        <ele>34.6</ele>
        <time>2025-05-12T08:02:04.040000Z</time>
      </trkpt>
      <trkpt lat="55.410361" lon="13.153757">
        <ele>34.6</ele>
        <time>2025-05-12T08:02:07.040000Z</time>
      </trkpt>
      <trkpt lat="55.41045" lon="13.153707">
        <ele>34.6</ele>
        <time>2025-05-12T08:02:10.040000Z</time>
      </trkpt>
      <trkpt lat="55.410541" lon="13.153667">
        <ele>34.6</ele>
        <time>2025-05-12T08:02:13.040000Z</time>
      </trkpt>
      <trkpt lat="55.410634" lon="13.153629">
        <ele>34.6</ele>
        <time>2025-05-12T08:02:16.040000Z</time>
      </trkpt>
      <trkpt lat="55.410727" lon="13.153604">
        <ele>34.6</ele>
        <time>2025-05-12T08:02:19.040000Z</time>
      </trkpt>
      <trkpt lat="55.410821" lon="13.153559">
        <ele>34.6</ele>
        <time>2025-05-12T08:02:22.040000Z</time>
      </trkpt>
      <trkpt lat="55.410921" lon="13.153518">
        <ele>34.6</ele>
        <time>2025-05-12T08:02:25.040000Z</time>
      </trkpt>
      <trkpt lat="55.411014" lon="13.153474">
        <ele>34.6</ele>
        <time>2025-05-12T08:02:28.040000Z</time>
      </trkpt>
      <trkpt lat="55.41111" lon="13.153437">
        <ele>34.6</ele>
        <time>2025-05-12T08:02:31.040000Z</time>
      </trkpt>
      <trkpt lat="55.411203" lon="13.153376">
        <ele>34.6</ele>
        <time>2025-05-12T08:02:34.040000Z</time>
      </trkpt>
      <trkpt lat="55.411295" lon="13.153329">
        <ele>34.7</ele>
        <time>2025-05-12T08:02:37.040000Z</time>
      </trkpt>
      <trkpt lat="55.41139" lon="13.153285">
        <ele>34.6</ele>
        <time>2025-05-12T08:02:40.040000Z</time>
      </trkpt>
      <trkpt lat="55.411477" lon="13.153239">
        <ele>34.6</ele>
        <time>2025-05-12T08:02:43.040000Z</time>
      </trkpt>
      <trkpt lat="55.411572" lon="13.153203">
        <ele>34.6</ele>
        <time>2025-05-12T08:02:46.040000Z</time>
      </trkpt>
      <trkpt lat="55.411667" lon="13.153175">
        <ele>34.6</ele>
        <time>2025-05-12T08:02:49.040000Z</time>
      </trkpt>
      <trkpt lat="55.411757" lon="13.153139">
        <ele>34.5</ele>
        <time>2025-05-12T08:02:52.040000Z</time>
      </trkpt>
      <trkpt lat="55.411846" lon="13.153089">
        <ele>34.5</ele>
        <time>2025-05-12T08:02:55.040000Z</time>
      </trkpt>
      <trkpt lat="55.411935" lon="13.153061">
        <ele>34.5</ele>
        <time>2025-05-12T08:02:58.040000Z</time>
      </trkpt>
      <trkpt lat="55.412023" lon="13.153028">
        <ele>34.5</ele>
        <time>2025-05-12T08:03:01.040000Z</time>
      </trkpt>
      <trkpt lat="55.412134" lon="13.152981">
        <ele>34.5</ele>
        <time>2025-05-12T08:03:05.040000Z</time>
      </trkpt>
      <trkpt lat="55.412243" lon="13.152932">
        <ele>34.4</ele>
        <time>2025-05-12T08:03:09.040000Z</time>
      </trkpt>
      <trkpt lat="55.412355" lon="13.152891">
        <ele>34.4</ele>
        <time>2025-05-12T08:03:13.041000Z</time>
      </trkpt>
      <trkpt lat="55.412465" lon="13.152852">
        <ele>34.4</ele>
        <time>2025-05-12T08:03:17.040000Z</time>
      </trkpt>
      <trkpt lat="55.41258" lon="13.152795">
        <ele>34.3</ele>
        <time>2025-05-12T08:03:21.040000Z</time>
      </trkpt>
      <trkpt lat="55.412671" lon="13.152746">
        <ele>34.3</ele>
        <time>2025-05-12T08:03:24.041000Z</time>
      </trkpt>
      <trkpt lat="55.412758" lon="13.1527">
        <ele>34.3</ele>
        <time>2025-05-12T08:03:27.041000Z</time>
      </trkpt>
      <trkpt lat="55.412844" lon="13.15263">
        <ele>34.3</ele>
        <time>2025-05-12T08:03:30.041000Z</time>
      </trkpt>
      <trkpt lat="55.412948" lon="13.152554">
        <ele>34.3</ele>
        <time>2025-05-12T08:03:34.041000Z</time>
      </trkpt>
      <trkpt lat="55.413055" lon="13.152469">
        <ele>34.2</ele>
        <time>2025-05-12T08:03:38.041000Z</time>
      </trkpt>
      <trkpt lat="55.413165" lon="13.152427">
        <ele>34.1</ele>
        <time>2025-05-12T08:03:42.041000Z</time>
      </trkpt>
      <trkpt lat="55.413273" lon="13.152377">
        <ele>34.0</ele>
        <time>2025-05-12T08:03:46.041000Z</time>
      </trkpt>
      <trkpt lat="55.413357" lon="13.152302">
        <ele>33.9</ele>
        <time>2025-05-12T08:03:50.041000Z</time>
      </trkpt>
      <trkpt lat="55.413402" lon="13.152159">
        <ele>33.9</ele>
        <time>2025-05-12T08:03:55.041000Z</time>
      </trkpt>
      <trkpt lat="55.413405" lon="13.151964">
        <ele>33.8</ele>
        <time>2025-05-12T08:03:59.041000Z</time>
      </trkpt>
      <trkpt lat="55.413372" lon="13.151761">
        <ele>33.7</ele>
        <time>2025-05-12T08:04:03.041000Z</time>
      </trkpt>
      <trkpt lat="55.413345" lon="13.151582">
        <ele>33.6</ele>
        <time>2025-05-12T08:04:06.041000Z</time>
      </trkpt>
      <trkpt lat="55.413324" lon="13.151378">
        <ele>33.5</ele>
        <time>2025-05-12T08:04:09.041000Z</time>
      </trkpt>
      <trkpt lat="55.413307" lon="13.151147">
        <ele>33.4</ele>
        <time>2025-05-12T08:04:12.041000Z</time>
      </trkpt>
      <trkpt lat="55.413299" lon="13.150981">
        <ele>33.3</ele>
        <time>2025-05-12T08:04:14.041000Z</time>
      </trkpt>
      <trkpt lat="55.413292" lon="13.150801">
        <ele>33.2</ele>
        <time>2025-05-12T08:04:16.041000Z</time>
      </trkpt>
      <trkpt lat="55.413288" lon="13.150613">
        <ele>33.1</ele>
        <time>2025-05-12T08:04:18.041000Z</time>
      </trkpt>
      <trkpt lat="55.413303" lon="13.150431">
        <ele>33.0</ele>
        <time>2025-05-12T08:04:20.041000Z</time>
      </trkpt>
      <trkpt lat="55.413302" lon="13.150255">
        <ele>32.9</ele>
        <time>2025-05-12T08:04:22.041000Z</time>
      </trkpt>
      <trkpt lat="55.413302" lon="13.150083">
        <ele>32.9</ele>
        <time>2025-05-12T08:04:24.041000Z</time>
      </trkpt>
      <trkpt lat="55.413298" lon="13.149917">
        <ele>32.8</ele>
        <time>2025-05-12T08:04:26.041000Z</time>
      </trkpt>
      <trkpt lat="55.413294" lon="13.149683">
        <ele>32.6</ele>
        <time>2025-05-12T08:04:29.041000Z</time>
      </trkpt>
      <trkpt lat="55.413295" lon="13.149455">
        <ele>32.3</ele>
        <time>2025-05-12T08:04:32.041000Z</time>
      </trkpt>
      <trkpt lat="55.413304" lon="13.149296">
        <ele>32.1</ele>
        <time>2025-05-12T08:04:34.041000Z</time>
      </trkpt>
      <trkpt lat="55.413308" lon="13.149057">
        <ele>31.8</ele>
        <time>2025-05-12T08:04:37.041000Z</time>
      </trkpt>
      <trkpt lat="55.41331" lon="13.148893">
        <ele>31.6</ele>
        <time>2025-05-12T08:04:39.041000Z</time>
      </trkpt>
      <trkpt lat="55.413307" lon="13.148714">
        <ele>31.4</ele>
        <time>2025-05-12T08:04:41.041000Z</time>
      </trkpt>
      <trkpt lat="55.413303" lon="13.148523">
        <ele>31.2</ele>
        <time>2025-05-12T08:04:43.041000Z</time>
      </trkpt>
      <trkpt lat="55.413308" lon="13.148324">
        <ele>30.9</ele>
        <time>2025-05-12T08:04:45.041000Z</time>
      </trkpt>
      <trkpt lat="55.413307" lon="13.14811">
        <ele>30.6</ele>
        <time>2025-05-12T08:04:47.041000Z</time>
      </trkpt>
      <trkpt lat="55.413311" lon="13.147883">
        <ele>30.4</ele>
        <time>2025-05-12T08:04:49.041000Z</time>
      </trkpt>
      <trkpt lat="55.41332" lon="13.147648">
        <ele>30.1</ele>
        <time>2025-05-12T08:04:51.041000Z</time>
      </trkpt>
      <trkpt lat="55.413344" lon="13.147401">
        <ele>29.7</ele>
        <time>2025-05-12T08:04:53.041000Z</time>
      </trkpt>
      <trkpt lat="55.413378" lon="13.147154">
        <ele>29.4</ele>
        <time>2025-05-12T08:04:55.041000Z</time>
      </trkpt>
      <trkpt lat="55.413427" lon="13.146907">
        <ele>29.1</ele>
        <time>2025-05-12T08:04:57.041000Z</time>
      </trkpt>
      <trkpt lat="55.413489" lon="13.146678">
        <ele>28.8</ele>
        <time>2025-05-12T08:04:59.041000Z</time>
      </trkpt>
      <trkpt lat="55.413556" lon="13.146458">
        <ele>28.9</ele>
        <time>2025-05-12T08:05:01.041000Z</time>
      </trkpt>
      <trkpt lat="55.413637" lon="13.146263">
        <ele>29.0</ele>
        <time>2025-05-12T08:05:03.041000Z</time>
      </trkpt>
      <trkpt lat="55.413706" lon="13.146059">
        <ele>29.2</ele>
        <time>2025-05-12T08:05:05.041000Z</time>
      </trkpt>
      <trkpt lat="55.413773" lon="13.145864">
        <ele>29.3</ele>
        <time>2025-05-12T08:05:07.042000Z</time>
      </trkpt>
      <trkpt lat="55.413833" lon="13.145673">
        <ele>29.4</ele>
        <time>2025-05-12T08:05:09.042000Z</time>
      </trkpt>
      <trkpt lat="55.41391" lon="13.145519">
        <ele>29.5</ele>
        <time>2025-05-12T08:05:11.042000Z</time>
      </trkpt>
      <trkpt lat="55.413968" lon="13.145352">
        <ele>29.6</ele>
        <time>2025-05-12T08:05:13.042000Z</time>
      </trkpt>
      <trkpt lat="55.414014" lon="13.145193">
        <ele>29.7</ele>
        <time>2025-05-12T08:05:15.042000Z</time>
      </trkpt>
      <trkpt lat="55.414059" lon="13.145044">
        <ele>29.8</ele>
        <time>2025-05-12T08:05:17.041000Z</time>
      </trkpt>
      <trkpt lat="55.41412" lon="13.144834">
        <ele>29.9</ele>
        <time>2025-05-12T08:05:20.042000Z</time>
      </trkpt>
      <trkpt lat="55.41419" lon="13.144644">
        <ele>30.0</ele>
        <time>2025-05-12T08:05:23.042000Z</time>
      </trkpt>
      <trkpt lat="55.414235" lon="13.144442">
        <ele>30.1</ele>
        <time>2025-05-12T08:05:26.042000Z</time>
      </trkpt>
      <trkpt lat="55.414265" lon="13.144239">
        <ele>30.3</ele>
        <time>2025-05-12T08:05:29.042000Z</time>
      </trkpt>
      <trkpt lat="55.414275" lon="13.144042">
        <ele>30.4</ele>
        <time>2025-05-12T08:05:32.041000Z</time>
      </trkpt>
      <trkpt lat="55.414277" lon="13.143859">
        <ele>30.5</ele>
        <time>2025-05-12T08:05:35.041000Z</time>
      </trkpt>
      <trkpt lat="55.414279" lon="13.143691">
        <ele>30.6</ele>
        <time>2025-05-12T08:05:38.041000Z</time>
      </trkpt>
      <trkpt lat="55.414279" lon="13.143531">
        <ele>30.8</ele>
        <time>2025-05-12T08:05:41.041000Z</time>
      </trkpt>
      <trkpt lat="55.414279" lon="13.14337">
        <ele>30.9</ele>
        <time>2025-05-12T08:05:44.042000Z</time>
      </trkpt>
      <trkpt lat="55.414279" lon="13.143211">
        <ele>31.0</ele>
        <time>2025-05-12T08:05:47.042000Z</time>
      </trkpt>
      <trkpt lat="55.414278" lon="13.143051">
        <ele>31.2</ele>
        <time>2025-05-12T08:05:50.042000Z</time>
      </trkpt>
      <trkpt lat="55.414277" lon="13.142882">
        <ele>31.3</ele>
        <time>2025-05-12T08:05:53.042000Z</time>
      </trkpt>
      <trkpt lat="55.414276" lon="13.142721">
        <ele>31.5</ele>
        <time>2025-05-12T08:05:56.042000Z</time>
      </trkpt>
      <trkpt lat="55.414267" lon="13.142519">
        <ele>31.7</ele>
        <time>2025-05-12T08:06:00.042000Z</time>
      </trkpt>
      <trkpt lat="55.414276" lon="13.142347">
        <ele>31.8</ele>
        <time>2025-05-12T08:06:04.042000Z</time>
      </trkpt>
      <trkpt lat="55.414272" lon="13.142177">
        <ele>32.0</ele>
        <time>2025-05-12T08:06:09.042000Z</time>
      </trkpt>
      <trkpt lat="55.414276" lon="13.142018">
        <ele>32.1</ele>
        <time>2025-05-12T08:06:13.042000Z</time>
      </trkpt>
      <trkpt lat="55.414278" lon="13.141851">
        <ele>32.3</ele>
        <time>2025-05-12T08:06:17.042000Z</time>
      </trkpt>
      <trkpt lat="55.414267" lon="13.141688">
        <ele>32.4</ele>
        <time>2025-05-12T08:06:21.042000Z</time>
      </trkpt>
      <trkpt lat="55.414272" lon="13.14152">
        <ele>32.6</ele>
        <time>2025-05-12T08:06:25.042000Z</time>
      </trkpt>
      <trkpt lat="55.41427" lon="13.141338">
        <ele>32.7</ele>
        <time>2025-05-12T08:06:29.042000Z</time>
      </trkpt>
      <trkpt lat="55.414267" lon="13.141149">
        <ele>32.9</ele>
        <time>2025-05-12T08:06:33.042000Z</time>
      </trkpt>
      <trkpt lat="55.414258" lon="13.140968">
        <ele>33.1</ele>
        <time>2025-05-12T08:06:37.042000Z</time>
      </trkpt>
      <trkpt lat="55.414251" lon="13.140785">
        <ele>33.2</ele>
        <time>2025-05-12T08:06:41.042000Z</time>
      </trkpt>
      <trkpt lat="55.41425" lon="13.140598">
        <ele>33.3</ele>
        <time>2025-05-12T08:06:45.042000Z</time>
      </trkpt>
      <trkpt lat="55.414245" lon="13.140407">
        <ele>33.4</ele>
        <time>2025-05-12T08:06:50.042000Z</time>
      </trkpt>
      <trkpt lat="55.414242" lon="13.140245">
        <ele>33.4</ele>
        <time>2025-05-12T08:06:56.042000Z</time>
      </trkpt>
      <trkpt lat="55.414222" lon="13.140077">
        <ele>33.5</ele>
        <time>2025-05-12T08:07:03.042000Z</time>
      </trkpt>
      <trkpt lat="55.41422" lon="13.139913">
        <ele>33.5</ele>
        <time>2025-05-12T08:07:10.042000Z</time>
      </trkpt>
      <trkpt lat="55.414204" lon="13.139629">
        <ele>33.6</ele>
        <time>2025-05-12T08:08:49.043000Z</time>
      </trkpt>
      <trkpt lat="55.414207" lon="13.139447">
        <ele>33.7</ele>
        <time>2025-05-12T08:08:53.043000Z</time>
      </trkpt>
      <trkpt lat="55.414203" lon="13.139267">
        <ele>33.7</ele>
        <time>2025-05-12T08:08:57.043000Z</time>
      </trkpt>
      <trkpt lat="55.414197" lon="13.139088">
        <ele>33.8</ele>
        <time>2025-05-12T08:09:01.043000Z</time>
      </trkpt>
      <trkpt lat="55.414201" lon="13.138892">
        <ele>33.8</ele>
        <time>2025-05-12T08:09:05.043000Z</time>
      </trkpt>
      <trkpt lat="55.414207" lon="13.138694">
        <ele>33.9</ele>
        <time>2025-05-12T08:09:09.043000Z</time>
      </trkpt>
      <trkpt lat="55.414217" lon="13.138511">
        <ele>33.9</ele>
        <time>2025-05-12T08:09:13.043000Z</time>
      </trkpt>
      <trkpt lat="55.414225" lon="13.138347">
        <ele>34.0</ele>
        <time>2025-05-12T08:09:17.043000Z</time>
      </trkpt>
      <trkpt lat="55.414239" lon="13.13818">
        <ele>34.0</ele>
        <time>2025-05-12T08:09:22.043000Z</time>
      </trkpt>
      <trkpt lat="55.41424" lon="13.138007">
        <ele>34.1</ele>
        <time>2025-05-12T08:09:28.044000Z</time>
      </trkpt>
      <trkpt lat="55.414253" lon="13.137849">
        <ele>34.1</ele>
        <time>2025-05-12T08:09:37.044000Z</time>
      </trkpt>
      <trkpt lat="55.414275" lon="13.137682">
        <ele>34.2</ele>
        <time>2025-05-12T08:09:43.044000Z</time>
      </trkpt>
      <trkpt lat="55.414293" lon="13.137527">
        <ele>34.2</ele>
        <time>2025-05-12T08:09:48.044000Z</time>
      </trkpt>
      <trkpt lat="55.414319" lon="13.137372">
        <ele>34.3</ele>
        <time>2025-05-12T08:09:52.044000Z</time>
      </trkpt>
      <trkpt lat="55.414323" lon="13.137196">
        <ele>34.5</ele>
        <time>2025-05-12T08:09:56.044000Z</time>
      </trkpt>
      <trkpt lat="55.414329" lon="13.137013">
        <ele>34.6</ele>
        <time>2025-05-12T08:10:00.044000Z</time>
      </trkpt>
      <trkpt lat="55.414339" lon="13.136821">
        <ele>34.7</ele>
        <time>2025-05-12T08:10:04.044000Z</time>
      </trkpt>
      <trkpt lat="55.414355" lon="13.136628">
        <ele>34.8</ele>
        <time>2025-05-12T08:10:08.044000Z</time>
      </trkpt>
      <trkpt lat="55.414359" lon="13.136425">
        <ele>34.9</ele>
        <time>2025-05-12T08:10:12.044000Z</time>
      </trkpt>
      <trkpt lat="55.414362" lon="13.136263">
        <ele>35.0</ele>
        <time>2025-05-12T08:10:15.044000Z</time>
      </trkpt>
      <trkpt lat="55.414359" lon="13.136104">
        <ele>35.1</ele>
        <time>2025-05-12T08:10:18.044000Z</time>
      </trkpt>
      <trkpt lat="55.414369" lon="13.135903">
        <ele>35.3</ele>
        <time>2025-05-12T08:10:22.044000Z</time>
      </trkpt>
      <trkpt lat="55.414379" lon="13.135745">
        <ele>35.4</ele>
        <time>2025-05-12T08:10:25.044000Z</time>
      </trkpt>
      <trkpt lat="55.414397" lon="13.135568">
        <ele>35.5</ele>
        <time>2025-05-12T08:10:28.044000Z</time>
      </trkpt>
      <trkpt lat="55.41441" lon="13.135396">
        <ele>35.6</ele>
        <time>2025-05-12T08:10:31.044000Z</time>
      </trkpt>
      <trkpt lat="55.414424" lon="13.135234">
        <ele>35.7</ele>
        <time>2025-05-12T08:10:34.044000Z</time>
      </trkpt>
      <trkpt lat="55.414482" lon="13.135071">
        <ele>35.8</ele>
        <time>2025-05-12T08:10:37.044000Z</time>
      </trkpt>
      <trkpt lat="55.414581" lon="13.135055">
        <ele>35.9</ele>
        <time>2025-05-12T08:10:39.044000Z</time>
      </trkpt>
      <trkpt lat="55.414692" lon="13.135018">
        <ele>36.1</ele>
        <time>2025-05-12T08:10:42.044000Z</time>
      </trkpt>
      <trkpt lat="55.414791" lon="13.134984">
        <ele>36.2</ele>
        <time>2025-05-12T08:10:45.044000Z</time>
      </trkpt>
      <trkpt lat="55.414908" lon="13.134958">
        <ele>36.2</ele>
        <time>2025-05-12T08:10:49.044000Z</time>
      </trkpt>
      <trkpt lat="55.415023" lon="13.134931">
        <ele>36.1</ele>
        <time>2025-05-12T08:10:53.044000Z</time>
      </trkpt>
      <trkpt lat="55.415115" lon="13.134942">
        <ele>36.0</ele>
        <time>2025-05-12T08:10:56.044000Z</time>
      </trkpt>
      <trkpt lat="55.415209" lon="13.134992">
        <ele>35.9</ele>
        <time>2025-05-12T08:10:59.044000Z</time>
      </trkpt>
      <trkpt lat="55.415302" lon="13.13505">
        <ele>35.9</ele>
        <time>2025-05-12T08:11:02.044000Z</time>
      </trkpt>
      <trkpt lat="55.415383" lon="13.135156">
        <ele>35.8</ele>
        <time>2025-05-12T08:11:05.044000Z</time>
      </trkpt>
      <trkpt lat="55.415476" lon="13.135277">
        <ele>35.7</ele>
        <time>2025-05-12T08:11:09.044000Z</time>
      </trkpt>
      <trkpt lat="55.415571" lon="13.135383">
        <ele>35.6</ele>
        <time>2025-05-12T08:11:13.044000Z</time>
      </trkpt>
      <trkpt lat="55.415648" lon="13.135476">
        <ele>35.6</ele>
        <time>2025-05-12T08:11:16.044000Z</time>
      </trkpt>
      <trkpt lat="55.415735" lon="13.135562">
        <ele>35.5</ele>
        <time>2025-05-12T08:11:19.044000Z</time>
      </trkpt>
      <trkpt lat="55.415801" lon="13.135675">
        <ele>35.4</ele>
        <time>2025-05-12T08:11:22.044000Z</time>
      </trkpt>
      <trkpt lat="55.415887" lon="13.135762">
        <ele>35.3</ele>
        <time>2025-05-12T08:11:25.045000Z</time>
      </trkpt>
      <trkpt lat="55.415989" lon="13.135816">
        <ele>35.3</ele>
        <time>2025-05-12T08:11:28.045000Z</time>
      </trkpt>
      <trkpt lat="55.416092" lon="13.135848">
        <ele>35.2</ele>
        <time>2025-05-12T08:11:31.045000Z</time>
      </trkpt>
      <trkpt lat="55.416193" lon="13.135877">
        <ele>35.1</ele>
        <time>2025-05-12T08:11:34.045000Z</time>
      </trkpt>
      <trkpt lat="55.416292" lon="13.135914">
        <ele>35.0</ele>
        <time>2025-05-12T08:11:37.045000Z</time>
      </trkpt>
      <trkpt lat="55.41639" lon="13.135928">
        <ele>35.0</ele>
        <time>2025-05-12T08:11:40.045000Z</time>
      </trkpt>
      <trkpt lat="55.416482" lon="13.13594">
        <ele>34.9</ele>
        <time>2025-05-12T08:11:43.045000Z</time>
      </trkpt>
      <trkpt lat="55.416573" lon="13.135954">
        <ele>35.0</ele>
        <time>2025-05-12T08:11:46.045000Z</time>
      </trkpt>
      <trkpt lat="55.416667" lon="13.135964">
        <ele>35.1</ele>
        <time>2025-05-12T08:11:49.046000Z</time>
      </trkpt>
      <trkpt lat="55.416762" lon="13.135973">
        <ele>35.2</ele>
        <time>2025-05-12T08:11:52.046000Z</time>
      </trkpt>
      <trkpt lat="55.416856" lon="13.135981">
        <ele>35.2</ele>
        <time>2025-05-12T08:11:55.046000Z</time>
      </trkpt>
      <trkpt lat="55.416952" lon="13.135987">
        <ele>35.3</ele>
        <time>2025-05-12T08:11:58.046000Z</time>
      </trkpt>
      <trkpt lat="55.417046" lon="13.135988">
        <ele>35.4</ele>
        <time>2025-05-12T08:12:01.046000Z</time>
      </trkpt>
      <trkpt lat="55.417163" lon="13.135984">
        <ele>35.5</ele>
        <time>2025-05-12T08:12:05.046000Z</time>
      </trkpt>
      <trkpt lat="55.417258" lon="13.135997">
        <ele>35.6</ele>
        <time>2025-05-12T08:12:08.046000Z</time>
      </trkpt>
      <trkpt lat="55.417351" lon="13.135991">
        <ele>35.7</ele>
        <time>2025-05-12T08:12:11.046000Z</time>
      </trkpt>
      <trkpt lat="55.417443" lon="13.135997">
        <ele>35.8</ele>
        <time>2025-05-12T08:12:14.046000Z</time>
      </trkpt>
      <trkpt lat="55.417538" lon="13.135992">
        <ele>35.9</ele>
        <time>2025-05-12T08:12:17.046000Z</time>
      </trkpt>
      <trkpt lat="55.417656" lon="13.136017">
        <ele>36.0</ele>
        <time>2025-05-12T08:12:21.046000Z</time>
      </trkpt>
      <trkpt lat="55.417763" lon="13.136015">
        <ele>36.1</ele>
        <time>2025-05-12T08:12:25.046000Z</time>
      </trkpt>
      <trkpt lat="55.417861" lon="13.136013">
        <ele>36.1</ele>
        <time>2025-05-12T08:12:29.046000Z</time>
      </trkpt>
      <trkpt lat="55.417956" lon="13.136015">
        <ele>36.2</ele>
        <time>2025-05-12T08:12:33.046000Z</time>
      </trkpt>
      <trkpt lat="55.418055" lon="13.136045">
        <ele>36.3</ele>
        <time>2025-05-12T08:12:37.046000Z</time>
      </trkpt>
      <trkpt lat="55.41815" lon="13.136047">
        <ele>36.4</ele>
        <time>2025-05-12T08:12:41.046000Z</time>
      </trkpt>
      <trkpt lat="55.418241" lon="13.136054">
        <ele>36.5</ele>
        <time>2025-05-12T08:12:45.046000Z</time>
      </trkpt>
      <trkpt lat="55.418331" lon="13.136068">
        <ele>36.6</ele>
        <time>2025-05-12T08:12:49.046000Z</time>
      </trkpt>
      <trkpt lat="55.418427" lon="13.136084">
        <ele>36.8</ele>
        <time>2025-05-12T08:12:53.046000Z</time>
      </trkpt>
      <trkpt lat="55.418526" lon="13.136091">
        <ele>37.0</ele>
        <time>2025-05-12T08:12:57.046000Z</time>
      </trkpt>
      <trkpt lat="55.418623" lon="13.1361">
        <ele>37.2</ele>
        <time>2025-05-12T08:13:01.046000Z</time>
      </trkpt>
      <trkpt lat="55.418728" lon="13.13614">
        <ele>37.4</ele>
        <time>2025-05-12T08:13:05.046000Z</time>
      </trkpt>
      <trkpt lat="55.418827" lon="13.136143">
        <ele>37.6</ele>
        <time>2025-05-12T08:13:09.046000Z</time>
      </trkpt>
      <trkpt lat="55.41893" lon="13.136122">
        <ele>37.8</ele>
        <time>2025-05-12T08:13:13.046000Z</time>
      </trkpt>
      <trkpt lat="55.419036" lon="13.136087">
        <ele>38.0</ele>
        <time>2025-05-12T08:13:17.046000Z</time>
      </trkpt>
      <trkpt lat="55.419139" lon="13.13604">
        <ele>38.2</ele>
        <time>2025-05-12T08:13:21.046000Z</time>
      </trkpt>
      <trkpt lat="55.41924" lon="13.136006">
        <ele>38.4</ele>
        <time>2025-05-12T08:13:25.046000Z</time>
      </trkpt>
      <trkpt lat="55.419325" lon="13.135922">
        <ele>38.5</ele>
        <time>2025-05-12T08:13:29.046000Z</time>
      </trkpt>
      <trkpt lat="55.419413" lon="13.135891">
        <ele>38.7</ele>
        <time>2025-05-12T08:13:33.046000Z</time>
      </trkpt>
      <trkpt lat="55.419498" lon="13.135833">
        <ele>38.9</ele>
        <time>2025-05-12T08:13:37.046000Z</time>
      </trkpt>
      <trkpt lat="55.419585" lon="13.135773">
        <ele>39.1</ele>
        <time>2025-05-12T08:13:41.046000Z</time>
      </trkpt>
      <trkpt lat="55.419688" lon="13.135702">
        <ele>39.3</ele>
        <time>2025-05-12T08:13:46.046000Z</time>
      </trkpt>
      <trkpt lat="55.419789" lon="13.135633">
        <ele>39.5</ele>
        <time>2025-05-12T08:13:51.047000Z</time>
      </trkpt>
      <trkpt lat="55.419874" lon="13.135575">
        <ele>39.6</ele>
        <time>2025-05-12T08:13:55.046000Z</time>
      </trkpt>
      <trkpt lat="55.419971" lon="13.13551">
        <ele>39.8</ele>
        <time>2025-05-12T08:13:59.046000Z</time>
      </trkpt>
      <trkpt lat="55.420058" lon="13.135451">
        <ele>39.9</ele>
        <time>2025-05-12T08:14:02.046000Z</time>
      </trkpt>
      <trkpt lat="55.420166" lon="13.135378">
        <ele>39.7</ele>
        <time>2025-05-12T08:14:05.046000Z</time>
      </trkpt>
      <trkpt lat="55.420252" lon="13.135321">
        <ele>39.6</ele>
        <time>2025-05-12T08:14:07.046000Z</time>
      </trkpt>
      <trkpt lat="55.420347" lon="13.13525">
        <ele>39.5</ele>
        <time>2025-05-12T08:14:09.046000Z</time>
      </trkpt>
      <trkpt lat="55.420445" lon="13.135179">
        <ele>39.4</ele>
        <time>2025-05-12T08:14:11.046000Z</time>
      </trkpt>
      <trkpt lat="55.420542" lon="13.135106">
        <ele>39.3</ele>
        <time>2025-05-12T08:14:13.046000Z</time>
      </trkpt>
      <trkpt lat="55.420643" lon="13.135052">
        <ele>39.2</ele>
        <time>2025-05-12T08:14:15.046000Z</time>
      </trkpt>
      <trkpt lat="55.420733" lon="13.134985">
        <ele>39.1</ele>
        <time>2025-05-12T08:14:17.046000Z</time>
      </trkpt>
      <trkpt lat="55.420819" lon="13.134914">
        <ele>39.0</ele>
        <time>2025-05-12T08:14:19.046000Z</time>
      </trkpt>
      <trkpt lat="55.420944" lon="13.134845">
        <ele>38.9</ele>
        <time>2025-05-12T08:14:22.046000Z</time>
      </trkpt>
      <trkpt lat="55.421056" lon="13.134757">
        <ele>38.8</ele>
        <time>2025-05-12T08:14:25.046000Z</time>
      </trkpt>
      <trkpt lat="55.421174" lon="13.134673">
        <ele>38.6</ele>
        <time>2025-05-12T08:14:28.046000Z</time>
      </trkpt>
      <trkpt lat="55.421287" lon="13.134587">
        <ele>38.5</ele>
        <time>2025-05-12T08:14:31.046000Z</time>
      </trkpt>
      <trkpt lat="55.421401" lon="13.134535">
        <ele>38.4</ele>
        <time>2025-05-12T08:14:34.046000Z</time>
      </trkpt>
      <trkpt lat="55.421507" lon="13.134448">
        <ele>38.3</ele>
        <time>2025-05-12T08:14:37.047000Z</time>
      </trkpt>
      <trkpt lat="55.421622" lon="13.134366">
        <ele>38.2</ele>
        <time>2025-05-12T08:14:40.047000Z</time>
      </trkpt>
      <trkpt lat="55.421738" lon="13.134309">
        <ele>38.1</ele>
        <time>2025-05-12T08:14:43.047000Z</time>
      </trkpt>
      <trkpt lat="55.42185" lon="13.134231">
        <ele>38.1</ele>
        <time>2025-05-12T08:14:46.047000Z</time>
      </trkpt>
      <trkpt lat="55.421956" lon="13.134152">
        <ele>38.1</ele>
        <time>2025-05-12T08:14:49.047000Z</time>
      </trkpt>
      <trkpt lat="55.422066" lon="13.134067">
        <ele>38.2</ele>
        <time>2025-05-12T08:14:52.047000Z</time>
      </trkpt>
      <trkpt lat="55.422179" lon="13.133986">
        <ele>38.2</ele>
        <time>2025-05-12T08:14:55.047000Z</time>
      </trkpt>
      <trkpt lat="55.422293" lon="13.133915">
        <ele>38.2</ele>
        <time>2025-05-12T08:14:58.047000Z</time>
      </trkpt>
      <trkpt lat="55.422394" lon="13.133839">
        <ele>38.2</ele>
        <time>2025-05-12T08:15:01.047000Z</time>
      </trkpt>
      <trkpt lat="55.422493" lon="13.133771">
        <ele>38.2</ele>
        <time>2025-05-12T08:15:04.047000Z</time>
      </trkpt>
      <trkpt lat="55.422589" lon="13.133693">
        <ele>38.3</ele>
        <time>2025-05-12T08:15:07.047000Z</time>
      </trkpt>
      <trkpt lat="55.422691" lon="13.133638">
        <ele>38.3</ele>
        <time>2025-05-12T08:15:10.047000Z</time>
      </trkpt>
      <trkpt lat="55.422782" lon="13.133574">
        <ele>38.3</ele>
        <time>2025-05-12T08:15:13.047000Z</time>
      </trkpt>
      <trkpt lat="55.422875" lon="13.1335">
        <ele>38.3</ele>
        <time>2025-05-12T08:15:16.047000Z</time>
      </trkpt>
      <trkpt lat="55.42297" lon="13.133438">
        <ele>38.3</ele>
        <time>2025-05-12T08:15:19.047000Z</time>
      </trkpt>
      <trkpt lat="55.423073" lon="13.13339">
        <ele>38.3</ele>
        <time>2025-05-12T08:15:22.047000Z</time>
      </trkpt>
      <trkpt lat="55.423167" lon="13.133327">
        <ele>38.4</ele>
        <time>2025-05-12T08:15:25.047000Z</time>
      </trkpt>
      <trkpt lat="55.423261" lon="13.133264">
        <ele>38.4</ele>
        <time>2025-05-12T08:15:28.047000Z</time>
      </trkpt>
      <trkpt lat="55.423354" lon="13.133199">
        <ele>38.4</ele>
        <time>2025-05-12T08:15:31.047000Z</time>
      </trkpt>
      <trkpt lat="55.423452" lon="13.133132">
        <ele>38.4</ele>
        <time>2025-05-12T08:15:34.047000Z</time>
      </trkpt>
      <trkpt lat="55.423545" lon="13.133066">
        <ele>38.4</ele>
        <time>2025-05-12T08:15:37.047000Z</time>
      </trkpt>
      <trkpt lat="55.423637" lon="13.133001">
        <ele>38.5</ele>
        <time>2025-05-12T08:15:40.047000Z</time>
      </trkpt>
      <trkpt lat="55.42373" lon="13.132935">
        <ele>38.5</ele>
        <time>2025-05-12T08:15:43.047000Z</time>
      </trkpt>
      <trkpt lat="55.423818" lon="13.132872">
        <ele>38.5</ele>
        <time>2025-05-12T08:15:46.047000Z</time>
      </trkpt>
      <trkpt lat="55.423904" lon="13.132814">
        <ele>38.5</ele>
        <time>2025-05-12T08:15:49.047000Z</time>
      </trkpt>
      <trkpt lat="55.423989" lon="13.132757">
        <ele>38.6</ele>
        <time>2025-05-12T08:15:52.047000Z</time>
      </trkpt>
      <trkpt lat="55.424103" lon="13.132691">
        <ele>38.6</ele>
        <time>2025-05-12T08:15:56.048000Z</time>
      </trkpt>
      <trkpt lat="55.424191" lon="13.132634">
        <ele>38.6</ele>
        <time>2025-05-12T08:15:59.048000Z</time>
      </trkpt>
      <trkpt lat="55.424277" lon="13.132578">
        <ele>38.6</ele>
        <time>2025-05-12T08:16:02.047000Z</time>
      </trkpt>
      <trkpt lat="55.42437" lon="13.132485">
        <ele>38.7</ele>
        <time>2025-05-12T08:16:06.047000Z</time>
      </trkpt>
      <trkpt lat="55.424468" lon="13.132443">
        <ele>38.7</ele>
        <time>2025-05-12T08:16:10.047000Z</time>
      </trkpt>
      <trkpt lat="55.424562" lon="13.132368">
        <ele>38.7</ele>
        <time>2025-05-12T08:16:14.047000Z</time>
      </trkpt>
      <trkpt lat="55.424671" lon="13.132289">
        <ele>38.8</ele>
        <time>2025-05-12T08:16:18.047000Z</time>
      </trkpt>
      <trkpt lat="55.424759" lon="13.132226">
        <ele>38.8</ele>
        <time>2025-05-12T08:16:21.047000Z</time>
      </trkpt>
      <trkpt lat="55.42486" lon="13.132156">
        <ele>38.8</ele>
        <time>2025-05-12T08:16:24.047000Z</time>
      </trkpt>
      <trkpt lat="55.424982" lon="13.132102">
        <ele>38.8</ele>
        <time>2025-05-12T08:16:27.047000Z</time>
      </trkpt>
      <trkpt lat="55.425068" lon="13.132044">
        <ele>38.8</ele>
        <time>2025-05-12T08:16:29.047000Z</time>
      </trkpt>
      <trkpt lat="55.425161" lon="13.131981">
        <ele>38.6</ele>
        <time>2025-05-12T08:16:31.047000Z</time>
      </trkpt>
      <trkpt lat="55.425261" lon="13.131914">
        <ele>38.5</ele>
        <time>2025-05-12T08:16:33.047000Z</time>
      </trkpt>
      <trkpt lat="55.425365" lon="13.131844">
        <ele>38.3</ele>
        <time>2025-05-12T08:16:35.047000Z</time>
      </trkpt>
      <trkpt lat="55.425471" lon="13.131771">
        <ele>38.1</ele>
        <time>2025-05-12T08:16:37.047000Z</time>
      </trkpt>
      <trkpt lat="55.425581" lon="13.131694">
        <ele>37.9</ele>
        <time>2025-05-12T08:16:39.047000Z</time>
      </trkpt>
      <trkpt lat="55.425681" lon="13.131625">
        <ele>37.8</ele>
        <time>2025-05-12T08:16:41.047000Z</time>
      </trkpt>
      <trkpt lat="55.425783" lon="13.131555">
        <ele>37.6</ele>
        <time>2025-05-12T08:16:43.047000Z</time>
      </trkpt>
      <trkpt lat="55.425885" lon="13.131486">
        <ele>37.4</ele>
        <time>2025-05-12T08:16:45.047000Z</time>
      </trkpt>
      <trkpt lat="55.425982" lon="13.131419">
        <ele>37.3</ele>
        <time>2025-05-12T08:16:47.047000Z</time>
      </trkpt>
      <trkpt lat="55.426078" lon="13.131351">
        <ele>37.1</ele>
        <time>2025-05-12T08:16:49.047000Z</time>
      </trkpt>
      <trkpt lat="55.426169" lon="13.131257">
        <ele>37.0</ele>
        <time>2025-05-12T08:16:51.047000Z</time>
      </trkpt>
      <trkpt lat="55.426273" lon="13.131211">
        <ele>36.8</ele>
        <time>2025-05-12T08:16:53.047000Z</time>
      </trkpt>
      <trkpt lat="55.426363" lon="13.131147">
        <ele>36.7</ele>
        <time>2025-05-12T08:16:55.047000Z</time>
      </trkpt>
      <trkpt lat="55.426484" lon="13.131062">
        <ele>36.5</ele>
        <time>2025-05-12T08:16:58.047000Z</time>
      </trkpt>
      <trkpt lat="55.426592" lon="13.130986">
        <ele>36.3</ele>
        <time>2025-05-12T08:17:01.047000Z</time>
      </trkpt>
      <trkpt lat="55.426699" lon="13.130916">
        <ele>36.1</ele>
        <time>2025-05-12T08:17:04.048000Z</time>
      </trkpt>
      <trkpt lat="55.426814" lon="13.130848">
        <ele>36.1</ele>
        <time>2025-05-12T08:17:07.048000Z</time>
      </trkpt>
      <trkpt lat="55.426913" lon="13.130753">
        <ele>36.1</ele>
        <time>2025-05-12T08:17:10.048000Z</time>
      </trkpt>
      <trkpt lat="55.427009" lon="13.130716">
        <ele>36.1</ele>
        <time>2025-05-12T08:17:13.048000Z</time>
      </trkpt>
      <trkpt lat="55.4271" lon="13.130655">
        <ele>36.2</ele>
        <time>2025-05-12T08:17:16.048000Z</time>
      </trkpt>
      <trkpt lat="55.427193" lon="13.130591">
        <ele>36.2</ele>
        <time>2025-05-12T08:17:19.048000Z</time>
      </trkpt>
      <trkpt lat="55.427279" lon="13.130532">
        <ele>36.2</ele>
        <time>2025-05-12T08:17:22.048000Z</time>
      </trkpt>
      <trkpt lat="55.427387" lon="13.130457">
        <ele>36.2</ele>
        <time>2025-05-12T08:17:26.048000Z</time>
      </trkpt>
      <trkpt lat="55.427471" lon="13.130399">
        <ele>36.3</ele>
        <time>2025-05-12T08:17:29.048000Z</time>
      </trkpt>
      <trkpt lat="55.427579" lon="13.13033">
        <ele>36.3</ele>
        <time>2025-05-12T08:17:33.048000Z</time>
      </trkpt>
      <trkpt lat="55.427683" lon="13.130241">
        <ele>36.3</ele>
        <time>2025-05-12T08:17:37.048000Z</time>
      </trkpt>
      <trkpt lat="55.427788" lon="13.130152">
        <ele>36.3</ele>
        <time>2025-05-12T08:17:41.048000Z</time>
      </trkpt>
      <trkpt lat="55.4279" lon="13.130097">
        <ele>36.4</ele>
        <time>2025-05-12T08:17:45.048000Z</time>
      </trkpt>
      <trkpt lat="55.428004" lon="13.129995">
        <ele>36.4</ele>
        <time>2025-05-12T08:17:49.048000Z</time>
      </trkpt>
      <trkpt lat="55.428099" lon="13.129934">
        <ele>36.4</ele>
        <time>2025-05-12T08:17:52.048000Z</time>
      </trkpt>
      <trkpt lat="55.428202" lon="13.129892">
        <ele>36.4</ele>
        <time>2025-05-12T08:17:55.049000Z</time>
      </trkpt>
      <trkpt lat="55.428318" lon="13.129826">
        <ele>36.4</ele>
        <time>2025-05-12T08:17:58.048000Z</time>
      </trkpt>
      <trkpt lat="55.428406" lon="13.129784">
        <ele>36.5</ele>
        <time>2025-05-12T08:18:00.048000Z</time>
      </trkpt>
      <trkpt lat="55.428497" lon="13.129742">
        <ele>36.4</ele>
        <time>2025-05-12T08:18:02.049000Z</time>
      </trkpt>
      <trkpt lat="55.428628" lon="13.129681">
        <ele>36.4</ele>
        <time>2025-05-12T08:18:05.048000Z</time>
      </trkpt>
      <trkpt lat="55.428717" lon="13.129646">
        <ele>36.4</ele>
        <time>2025-05-12T08:18:07.049000Z</time>
      </trkpt>
      <trkpt lat="55.428806" lon="13.129615">
        <ele>36.4</ele>
        <time>2025-05-12T08:18:09.049000Z</time>
      </trkpt>
      <trkpt lat="55.428931" lon="13.12956">
        <ele>36.3</ele>
        <time>2025-05-12T08:18:12.049000Z</time>
      </trkpt>
      <trkpt lat="55.429048" lon="13.129503">
        <ele>36.3</ele>
        <time>2025-05-12T08:18:15.049000Z</time>
      </trkpt>
      <trkpt lat="55.429167" lon="13.129453">
        <ele>36.3</ele>
        <time>2025-05-12T08:18:18.049000Z</time>
      </trkpt>
      <trkpt lat="55.429291" lon="13.129386">
        <ele>36.2</ele>
        <time>2025-05-12T08:18:21.049000Z</time>
      </trkpt>
      <trkpt lat="55.429417" lon="13.129291">
        <ele>36.2</ele>
        <time>2025-05-12T08:18:24.049000Z</time>
      </trkpt>
      <trkpt lat="55.429501" lon="13.129215">
        <ele>36.2</ele>
        <time>2025-05-12T08:18:26.049000Z</time>
      </trkpt>
      <trkpt lat="55.429581" lon="13.129136">
        <ele>36.1</ele>
        <time>2025-05-12T08:18:28.049000Z</time>
      </trkpt>
      <trkpt lat="55.429697" lon="13.129022">
        <ele>36.1</ele>
        <time>2025-05-12T08:18:31.049000Z</time>
      </trkpt>
      <trkpt lat="55.42978" lon="13.128867">
        <ele>36.1</ele>
        <time>2025-05-12T08:18:34.049000Z</time>
      </trkpt>
      <trkpt lat="55.42986" lon="13.12873">
        <ele>36.1</ele>
        <time>2025-05-12T08:18:37.049000Z</time>
      </trkpt>
      <trkpt lat="55.429947" lon="13.128616">
        <ele>36.0</ele>
        <time>2025-05-12T08:18:40.049000Z</time>
      </trkpt>
      <trkpt lat="55.430011" lon="13.128473">
        <ele>36.0</ele>
        <time>2025-05-12T08:18:43.049000Z</time>
      </trkpt>
      <trkpt lat="55.430093" lon="13.128391">
        <ele>36.1</ele>
        <time>2025-05-12T08:18:46.049000Z</time>
      </trkpt>
      <trkpt lat="55.430186" lon="13.128279">
        <ele>36.3</ele>
        <time>2025-05-12T08:18:50.049000Z</time>
      </trkpt>
      <trkpt lat="55.430276" lon="13.128185">
        <ele>36.4</ele>
        <time>2025-05-12T08:18:54.049000Z</time>
      </trkpt>
      <trkpt lat="55.430362" lon="13.128104">
        <ele>36.5</ele>
        <time>2025-05-12T08:18:58.049000Z</time>
      </trkpt>
      <trkpt lat="55.430452" lon="13.128">
        <ele>36.6</ele>
        <time>2025-05-12T08:19:02.049000Z</time>
      </trkpt>
      <trkpt lat="55.430546" lon="13.127957">
        <ele>36.7</ele>
        <time>2025-05-12T08:19:05.049000Z</time>
      </trkpt>
      <trkpt lat="55.430636" lon="13.127888">
        <ele>36.8</ele>
        <time>2025-05-12T08:19:08.049000Z</time>
      </trkpt>
      <trkpt lat="55.430733" lon="13.127845">
        <ele>36.9</ele>
        <time>2025-05-12T08:19:11.049000Z</time>
      </trkpt>
      <trkpt lat="55.430819" lon="13.127795">
        <ele>37.0</ele>
        <time>2025-05-12T08:19:14.049000Z</time>
      </trkpt>
      <trkpt lat="55.430932" lon="13.127748">
        <ele>37.1</ele>
        <time>2025-05-12T08:19:18.049000Z</time>
      </trkpt>
      <trkpt lat="55.43104" lon="13.127703">
        <ele>37.2</ele>
        <time>2025-05-12T08:19:22.049000Z</time>
      </trkpt>
      <trkpt lat="55.431139" lon="13.127671">
        <ele>37.3</ele>
        <time>2025-05-12T08:19:26.049000Z</time>
      </trkpt>
      <trkpt lat="55.431247" lon="13.127648">
        <ele>37.4</ele>
        <time>2025-05-12T08:19:30.049000Z</time>
      </trkpt>
      <trkpt lat="55.431355" lon="13.127617">
        <ele>37.5</ele>
        <time>2025-05-12T08:19:34.049000Z</time>
      </trkpt>
      <trkpt lat="55.431444" lon="13.127586">
        <ele>37.6</ele>
        <time>2025-05-12T08:19:37.049000Z</time>
      </trkpt>
      <trkpt lat="55.431532" lon="13.127559">
        <ele>37.7</ele>
        <time>2025-05-12T08:19:40.049000Z</time>
      </trkpt>
      <trkpt lat="55.431624" lon="13.127544">
        <ele>37.8</ele>
        <time>2025-05-12T08:19:43.050000Z</time>
      </trkpt>
      <trkpt lat="55.431743" lon="13.127549">
        <ele>37.9</ele>
        <time>2025-05-12T08:19:47.050000Z</time>
      </trkpt>
      <trkpt lat="55.43186" lon="13.127561">
        <ele>38.0</ele>
        <time>2025-05-12T08:19:51.050000Z</time>
      </trkpt>
      <trkpt lat="55.431968" lon="13.127564">
        <ele>38.1</ele>
        <time>2025-05-12T08:19:55.050000Z</time>
      </trkpt>
      <trkpt lat="55.43207" lon="13.127605">
        <ele>38.2</ele>
        <time>2025-05-12T08:19:59.050000Z</time>
      </trkpt>
      <trkpt lat="55.432172" lon="13.127622">
        <ele>38.3</ele>
        <time>2025-05-12T08:20:03.049000Z</time>
      </trkpt>
      <trkpt lat="55.432261" lon="13.127631">
        <ele>38.3</ele>
        <time>2025-05-12T08:20:07.050000Z</time>
      </trkpt>
      <trkpt lat="55.432354" lon="13.127639">
        <ele>38.4</ele>
        <time>2025-05-12T08:20:11.049000Z</time>
      </trkpt>
      <trkpt lat="55.432463" lon="13.127636">
        <ele>38.5</ele>
        <time>2025-05-12T08:20:16.050000Z</time>
      </trkpt>
      <trkpt lat="55.432559" lon="13.12765">
        <ele>38.6</ele>
        <time>2025-05-12T08:20:21.050000Z</time>
      </trkpt>
      <trkpt lat="55.432649" lon="13.127634">
        <ele>38.7</ele>
        <time>2025-05-12T08:20:25.050000Z</time>
      </trkpt>
      <trkpt lat="55.432745" lon="13.127632">
        <ele>38.8</ele>
        <time>2025-05-12T08:20:29.050000Z</time>
      </trkpt>
      <trkpt lat="55.432854" lon="13.127636">
        <ele>38.9</ele>
        <time>2025-05-12T08:20:33.050000Z</time>
      </trkpt>
      <trkpt lat="55.432969" lon="13.127621">
        <ele>39.0</ele>
        <time>2025-05-12T08:20:37.050000Z</time>
      </trkpt>
      <trkpt lat="55.433059" lon="13.127608">
        <ele>39.0</ele>
        <time>2025-05-12T08:20:40.050000Z</time>
      </trkpt>
      <trkpt lat="55.433153" lon="13.127602">
        <ele>39.1</ele>
        <time>2025-05-12T08:20:43.050000Z</time>
      </trkpt>
      <trkpt lat="55.433254" lon="13.127577">
        <ele>39.2</ele>
        <time>2025-05-12T08:20:46.050000Z</time>
      </trkpt>
      <trkpt lat="55.433353" lon="13.127539">
        <ele>39.3</ele>
        <time>2025-05-12T08:20:49.050000Z</time>
      </trkpt>
      <trkpt lat="55.433445" lon="13.127477">
        <ele>39.4</ele>
        <time>2025-05-12T08:20:52.050000Z</time>
      </trkpt>
      <trkpt lat="55.433516" lon="13.127356">
        <ele>39.4</ele>
        <time>2025-05-12T08:20:55.050000Z</time>
      </trkpt>
      <trkpt lat="55.433577" lon="13.127176">
        <ele>39.3</ele>
        <time>2025-05-12T08:20:59.050000Z</time>
      </trkpt>
      <trkpt lat="55.433618" lon="13.127029">
        <ele>39.3</ele>
        <time>2025-05-12T08:21:02.050000Z</time>
      </trkpt>
      <trkpt lat="55.43366" lon="13.126866">
        <ele>39.3</ele>
        <time>2025-05-12T08:21:05.050000Z</time>
      </trkpt>
      <trkpt lat="55.433708" lon="13.1267">
        <ele>39.3</ele>
        <time>2025-05-12T08:21:08.050000Z</time>
      </trkpt>
      <trkpt lat="55.433773" lon="13.12655">
        <ele>39.2</ele>
        <time>2025-05-12T08:21:11.050000Z</time>
      </trkpt>
      <trkpt lat="55.433855" lon="13.126414">
        <ele>39.2</ele>
        <time>2025-05-12T08:21:14.050000Z</time>
      </trkpt>
      <trkpt lat="55.433949" lon="13.126303">
        <ele>39.2</ele>
        <time>2025-05-12T08:21:17.050000Z</time>
      </trkpt>
      <trkpt lat="55.434049" lon="13.126209">
        <ele>39.2</ele>
        <time>2025-05-12T08:21:20.050000Z</time>
      </trkpt>
      <trkpt lat="55.434151" lon="13.126124">
        <ele>39.1</ele>
        <time>2025-05-12T08:21:23.050000Z</time>
      </trkpt>
      <trkpt lat="55.434254" lon="13.126035">
        <ele>39.1</ele>
        <time>2025-05-12T08:21:26.050000Z</time>
      </trkpt>
      <trkpt lat="55.434362" lon="13.125964">
        <ele>39.1</ele>
        <time>2025-05-12T08:21:29.050000Z</time>
      </trkpt>
      <trkpt lat="55.434476" lon="13.125891">
        <ele>39.0</ele>
        <time>2025-05-12T08:21:32.050000Z</time>
      </trkpt>
      <trkpt lat="55.434593" lon="13.125855">
        <ele>39.0</ele>
        <time>2025-05-12T08:21:35.050000Z</time>
      </trkpt>
      <trkpt lat="55.434706" lon="13.125811">
        <ele>39.0</ele>
        <time>2025-05-12T08:21:38.050000Z</time>
      </trkpt>
      <trkpt lat="55.434816" lon="13.125765">
        <ele>39.0</ele>
        <time>2025-05-12T08:21:41.050000Z</time>
      </trkpt>
      <trkpt lat="55.43492" lon="13.125723">
        <ele>39.0</ele>
        <time>2025-05-12T08:21:44.050000Z</time>
      </trkpt>
      <trkpt lat="55.435022" lon="13.125689">
        <ele>39.0</ele>
        <time>2025-05-12T08:21:47.050000Z</time>
      </trkpt>
      <trkpt lat="55.435124" lon="13.125669">
        <ele>38.9</ele>
        <time>2025-05-12T08:21:50.050000Z</time>
      </trkpt>
      <trkpt lat="55.435228" lon="13.125649">
        <ele>38.9</ele>
        <time>2025-05-12T08:21:53.051000Z</time>
      </trkpt>
      <trkpt lat="55.435335" lon="13.125621">
        <ele>38.9</ele>
        <time>2025-05-12T08:21:56.051000Z</time>
      </trkpt>
      <trkpt lat="55.435446" lon="13.125601">
        <ele>38.9</ele>
        <time>2025-05-12T08:21:59.051000Z</time>
      </trkpt>
      <trkpt lat="55.435564" lon="13.125575">
        <ele>38.9</ele>
        <time>2025-05-12T08:22:02.051000Z</time>
      </trkpt>
      <trkpt lat="55.435688" lon="13.125531">
        <ele>38.9</ele>
        <time>2025-05-12T08:22:05.050000Z</time>
      </trkpt>
      <trkpt lat="55.435804" lon="13.125454">
        <ele>38.9</ele>
        <time>2025-05-12T08:22:08.051000Z</time>
      </trkpt>
      <trkpt lat="55.435907" lon="13.125345">
        <ele>38.9</ele>
        <time>2025-05-12T08:22:11.051000Z</time>
      </trkpt>
      <trkpt lat="55.436002" lon="13.125234">
        <ele>38.9</ele>
        <time>2025-05-12T08:22:14.051000Z</time>
      </trkpt>
      <trkpt lat="55.436091" lon="13.125115">
        <ele>38.9</ele>
        <time>2025-05-12T08:22:17.051000Z</time>
      </trkpt>
      <trkpt lat="55.436176" lon="13.124992">
        <ele>38.9</ele>
        <time>2025-05-12T08:22:20.051000Z</time>
      </trkpt>
      <trkpt lat="55.43626" lon="13.124875">
        <ele>38.9</ele>
        <time>2025-05-12T08:22:23.051000Z</time>
      </trkpt>
      <trkpt lat="55.436353" lon="13.12478">
        <ele>38.9</ele>
        <time>2025-05-12T08:22:26.051000Z</time>
      </trkpt>
      <trkpt lat="55.436435" lon="13.124674">
        <ele>38.9</ele>
        <time>2025-05-12T08:22:29.051000Z</time>
      </trkpt>
      <trkpt lat="55.436518" lon="13.124572">
        <ele>39.0</ele>
        <time>2025-05-12T08:22:32.051000Z</time>
      </trkpt>
      <trkpt lat="55.436606" lon="13.124474">
        <ele>39.1</ele>
        <time>2025-05-12T08:22:35.051000Z</time>
      </trkpt>
      <trkpt lat="55.436698" lon="13.124395">
        <ele>39.2</ele>
        <time>2025-05-12T08:22:38.051000Z</time>
      </trkpt>
      <trkpt lat="55.436786" lon="13.124293">
        <ele>39.3</ele>
        <time>2025-05-12T08:22:41.051000Z</time>
      </trkpt>
      <trkpt lat="55.436876" lon="13.124189">
        <ele>39.4</ele>
        <time>2025-05-12T08:22:44.051000Z</time>
      </trkpt>
      <trkpt lat="55.436956" lon="13.124069">
        <ele>39.5</ele>
        <time>2025-05-12T08:22:47.051000Z</time>
      </trkpt>
      <trkpt lat="55.437044" lon="13.123976">
        <ele>39.6</ele>
        <time>2025-05-12T08:22:50.051000Z</time>
      </trkpt>
      <trkpt lat="55.437134" lon="13.123898">
        <ele>39.7</ele>
        <time>2025-05-12T08:22:53.051000Z</time>
      </trkpt>
      <trkpt lat="55.437228" lon="13.123856">
        <ele>39.8</ele>
        <time>2025-05-12T08:22:56.051000Z</time>
      </trkpt>
      <trkpt lat="55.437345" lon="13.123859">
        <ele>39.9</ele>
        <time>2025-05-12T08:23:00.051000Z</time>
      </trkpt>
      <trkpt lat="55.437446" lon="13.123827">
        <ele>40.0</ele>
        <time>2025-05-12T08:23:04.051000Z</time>
      </trkpt>
      <trkpt lat="55.437532" lon="13.123977">
        <ele>40.2</ele>
        <time>2025-05-12T08:23:09.051000Z</time>
      </trkpt>
      <trkpt lat="55.437598" lon="13.124114">
        <ele>40.3</ele>
        <time>2025-05-12T08:23:13.051000Z</time>
      </trkpt>
      <trkpt lat="55.437648" lon="13.124251">
        <ele>40.3</ele>
        <time>2025-05-12T08:23:16.051000Z</time>
      </trkpt>
      <trkpt lat="55.4377" lon="13.124422">
        <ele>40.5</ele>
        <time>2025-05-12T08:23:19.051000Z</time>
      </trkpt>
      <trkpt lat="55.437776" lon="13.124604">
        <ele>40.6</ele>
        <time>2025-05-12T08:23:22.051000Z</time>
      </trkpt>
      <trkpt lat="55.437832" lon="13.124737">
        <ele>40.7</ele>
        <time>2025-05-12T08:23:24.051000Z</time>
      </trkpt>
      <trkpt lat="55.437892" lon="13.12487">
        <ele>40.7</ele>
        <time>2025-05-12T08:23:26.051000Z</time>
      </trkpt>
      <trkpt lat="55.437952" lon="13.124998">
        <ele>40.7</ele>
        <time>2025-05-12T08:23:28.051000Z</time>
      </trkpt>
      <trkpt lat="55.438023" lon="13.125108">
        <ele>40.6</ele>
        <time>2025-05-12T08:23:30.051000Z</time>
      </trkpt>
      <trkpt lat="55.438091" lon="13.125215">
        <ele>40.6</ele>
        <time>2025-05-12T08:23:32.051000Z</time>
      </trkpt>
      <trkpt lat="55.438191" lon="13.125344">
        <ele>40.5</ele>
        <time>2025-05-12T08:23:35.051000Z</time>
      </trkpt>
      <trkpt lat="55.438285" lon="13.125456">
        <ele>40.4</ele>
        <time>2025-05-12T08:23:38.051000Z</time>
      </trkpt>
      <trkpt lat="55.438384" lon="13.125484">
        <ele>40.4</ele>
        <time>2025-05-12T08:23:41.051000Z</time>
      </trkpt>
      <trkpt lat="55.438507" lon="13.125509">
        <ele>40.3</ele>
        <time>2025-05-12T08:23:45.051000Z</time>
      </trkpt>
      <trkpt lat="55.438603" lon="13.125523">
        <ele>40.2</ele>
        <time>2025-05-12T08:23:48.051000Z</time>
      </trkpt>
      <trkpt lat="55.43871" lon="13.125539">
        <ele>40.2</ele>
        <time>2025-05-12T08:23:51.051000Z</time>
      </trkpt>
      <trkpt lat="55.438825" lon="13.12554">
        <ele>40.1</ele>
        <time>2025-05-12T08:23:54.051000Z</time>
      </trkpt>
      <trkpt lat="55.438931" lon="13.125547">
        <ele>40.1</ele>
        <time>2025-05-12T08:23:57.051000Z</time>
      </trkpt>
      <trkpt lat="55.439039" lon="13.125562">
        <ele>40.0</ele>
        <time>2025-05-12T08:24:00.051000Z</time>
      </trkpt>
      <trkpt lat="55.439148" lon="13.125573">
        <ele>39.9</ele>
        <time>2025-05-12T08:24:03.051000Z</time>
      </trkpt>
      <trkpt lat="55.439255" lon="13.125622">
        <ele>39.9</ele>
        <time>2025-05-12T08:24:07.051000Z</time>
      </trkpt>
      <trkpt lat="55.439353" lon="13.125638">
        <ele>39.8</ele>
        <time>2025-05-12T08:24:11.052000Z</time>
      </trkpt>
      <trkpt lat="55.439436" lon="13.125711">
        <ele>39.8</ele>
        <time>2025-05-12T08:24:14.052000Z</time>
      </trkpt>
      <trkpt lat="55.439531" lon="13.125827">
        <ele>39.6</ele>
        <time>2025-05-12T08:24:18.052000Z</time>
      </trkpt>
      <trkpt lat="55.43959" lon="13.125967">
        <ele>39.4</ele>
        <time>2025-05-12T08:24:22.052000Z</time>
      </trkpt>
      <trkpt lat="55.439625" lon="13.126119">
        <ele>39.2</ele>
        <time>2025-05-12T08:24:26.052000Z</time>
      </trkpt>
      <trkpt lat="55.439663" lon="13.12631">
        <ele>38.9</ele>
        <time>2025-05-12T08:24:30.052000Z</time>
      </trkpt>
      <trkpt lat="55.43971" lon="13.126479">
        <ele>38.7</ele>
        <time>2025-05-12T08:24:33.052000Z</time>
      </trkpt>
      <trkpt lat="55.439752" lon="13.126677">
        <ele>38.4</ele>
        <time>2025-05-12T08:24:36.052000Z</time>
      </trkpt>
      <trkpt lat="55.439797" lon="13.126857">
        <ele>38.2</ele>
        <time>2025-05-12T08:24:39.052000Z</time>
      </trkpt>
      <trkpt lat="55.439835" lon="13.127034">
        <ele>37.9</ele>
        <time>2025-05-12T08:24:42.052000Z</time>
      </trkpt>
      <trkpt lat="55.439875" lon="13.127221">
        <ele>37.7</ele>
        <time>2025-05-12T08:24:45.052000Z</time>
      </trkpt>
      <trkpt lat="55.43992" lon="13.127402">
        <ele>37.4</ele>
        <time>2025-05-12T08:24:48.052000Z</time>
      </trkpt>
      <trkpt lat="55.439972" lon="13.127579">
        <ele>37.2</ele>
        <time>2025-05-12T08:24:51.052000Z</time>
      </trkpt>
      <trkpt lat="55.440037" lon="13.12775">
        <ele>36.9</ele>
        <time>2025-05-12T08:24:54.052000Z</time>
      </trkpt>
      <trkpt lat="55.440107" lon="13.12791">
        <ele>36.7</ele>
        <time>2025-05-12T08:24:57.052000Z</time>
      </trkpt>
      <trkpt lat="55.440184" lon="13.128048">
        <ele>36.4</ele>
        <time>2025-05-12T08:25:00.052000Z</time>
      </trkpt>
      <trkpt lat="55.440251" lon="13.128197">
        <ele>36.2</ele>
        <time>2025-05-12T08:25:04.052000Z</time>
      </trkpt>
      <trkpt lat="55.440348" lon="13.128094">
        <ele>35.9</ele>
        <time>2025-05-12T08:25:05.052000Z</time>
      </trkpt>
      <trkpt lat="55.440438" lon="13.128042">
        <ele>35.7</ele>
        <time>2025-05-12T08:25:08.052000Z</time>
      </trkpt>
      <trkpt lat="55.440538" lon="13.128077">
        <ele>35.7</ele>
        <time>2025-05-12T08:37:59.058000Z</time>
      </trkpt>
      <trkpt lat="55.440581" lon="13.127936">
        <ele>35.7</ele>
        <time>2025-05-12T08:38:10.059000Z</time>
      </trkpt>
      <trkpt lat="55.44066" lon="13.127853">
        <ele>35.7</ele>
        <time>2025-05-12T08:38:24.006000Z</time>
      </trkpt>
      <trkpt lat="55.440749" lon="13.12779">
        <ele>35.7</ele>
        <time>2025-05-12T08:38:28.006000Z</time>
      </trkpt>
      <trkpt lat="55.440849" lon="13.127753">
        <ele>35.7</ele>
        <time>2025-05-12T08:38:32.006000Z</time>
      </trkpt>
      <trkpt lat="55.440962" lon="13.127691">
        <ele>35.7</ele>
        <time>2025-05-12T08:38:36.006000Z</time>
      </trkpt>
      <trkpt lat="55.441072" lon="13.127683">
        <ele>35.7</ele>
        <time>2025-05-12T08:38:40.006000Z</time>
      </trkpt>
      <trkpt lat="55.44118" lon="13.127698">
        <ele>35.7</ele>
        <time>2025-05-12T08:38:44.006000Z</time>
      </trkpt>
      <trkpt lat="55.441287" lon="13.127717">
        <ele>35.7</ele>
        <time>2025-05-12T08:38:48.006000Z</time>
      </trkpt>
      <trkpt lat="55.441391" lon="13.127741">
        <ele>35.7</ele>
        <time>2025-05-12T08:38:52.006000Z</time>
      </trkpt>
      <trkpt lat="55.441502" lon="13.127776">
        <ele>35.7</ele>
        <time>2025-05-12T08:38:56.006000Z</time>
      </trkpt>
      <trkpt lat="55.441618" lon="13.127787">
        <ele>35.7</ele>
        <time>2025-05-12T08:39:00.006000Z</time>
      </trkpt>
      <trkpt lat="55.441708" lon="13.127792">
        <ele>35.8</ele>
        <time>2025-05-12T08:39:03.007000Z</time>
      </trkpt>
      <trkpt lat="55.441827" lon="13.127808">
        <ele>35.8</ele>
        <time>2025-05-12T08:39:07.006000Z</time>
      </trkpt>
      <trkpt lat="55.441945" lon="13.127818">
        <ele>35.8</ele>
        <time>2025-05-12T08:39:11.006000Z</time>
      </trkpt>
      <trkpt lat="55.442057" lon="13.127799">
        <ele>35.8</ele>
        <time>2025-05-12T08:39:15.006000Z</time>
      </trkpt>
      <trkpt lat="55.442165" lon="13.127763">
        <ele>35.8</ele>
        <time>2025-05-12T08:39:19.006000Z</time>
      </trkpt>
      <trkpt lat="55.442269" lon="13.127746">
        <ele>35.8</ele>
        <time>2025-05-12T08:39:23.006000Z</time>
      </trkpt>
      <trkpt lat="55.442369" lon="13.127703">
        <ele>35.9</ele>
        <time>2025-05-12T08:39:27.006000Z</time>
      </trkpt>
      <trkpt lat="55.442467" lon="13.127673">
        <ele>36.0</ele>
        <time>2025-05-12T08:39:31.006000Z</time>
      </trkpt>
      <trkpt lat="55.442559" lon="13.127647">
        <ele>36.1</ele>
        <time>2025-05-12T08:39:35.006000Z</time>
      </trkpt>
      <trkpt lat="55.442663" lon="13.127602">
        <ele>36.1</ele>
        <time>2025-05-12T08:39:40.006000Z</time>
      </trkpt>
      <trkpt lat="55.442763" lon="13.127588">
        <ele>36.2</ele>
        <time>2025-05-12T08:39:45.006000Z</time>
      </trkpt>
      <trkpt lat="55.442868" lon="13.127603">
        <ele>36.3</ele>
        <time>2025-05-12T08:39:50.006000Z</time>
      </trkpt>
      <trkpt lat="55.442974" lon="13.127618">
        <ele>36.4</ele>
        <time>2025-05-12T08:39:55.006000Z</time>
      </trkpt>
      <trkpt lat="55.443073" lon="13.127634">
        <ele>36.4</ele>
        <time>2025-05-12T08:40:00.006000Z</time>
      </trkpt>
      <trkpt lat="55.443171" lon="13.127687">
        <ele>36.5</ele>
        <time>2025-05-12T08:40:05.006000Z</time>
      </trkpt>
      <trkpt lat="55.44326" lon="13.127759">
        <ele>36.6</ele>
        <time>2025-05-12T08:40:09.006000Z</time>
      </trkpt>
      <trkpt lat="55.443376" lon="13.127829">
        <ele>36.7</ele>
        <time>2025-05-12T08:40:13.006000Z</time>
      </trkpt>
      <trkpt lat="55.443476" lon="13.127907">
        <ele>36.8</ele>
        <time>2025-05-12T08:40:16.006000Z</time>
      </trkpt>
      <trkpt lat="55.443588" lon="13.127984">
        <ele>36.9</ele>
        <time>2025-05-12T08:40:19.006000Z</time>
      </trkpt>
      <trkpt lat="55.443699" lon="13.128075">
        <ele>36.9</ele>
        <time>2025-05-12T08:40:22.006000Z</time>
      </trkpt>
      <trkpt lat="55.443813" lon="13.128156">
        <ele>37.0</ele>
        <time>2025-05-12T08:40:25.006000Z</time>
      </trkpt>
      <trkpt lat="55.443923" lon="13.128227">
        <ele>37.1</ele>
        <time>2025-05-12T08:40:28.006000Z</time>
      </trkpt>
      <trkpt lat="55.444026" lon="13.128304">
        <ele>37.2</ele>
        <time>2025-05-12T08:40:31.006000Z</time>
      </trkpt>
      <trkpt lat="55.444123" lon="13.128366">
        <ele>37.3</ele>
        <time>2025-05-12T08:40:34.006000Z</time>
      </trkpt>
      <trkpt lat="55.444211" lon="13.128426">
        <ele>37.4</ele>
        <time>2025-05-12T08:40:37.006000Z</time>
      </trkpt>
      <trkpt lat="55.444297" lon="13.128489">
        <ele>37.4</ele>
        <time>2025-05-12T08:40:40.006000Z</time>
      </trkpt>
      <trkpt lat="55.444406" lon="13.128567">
        <ele>37.5</ele>
        <time>2025-05-12T08:40:44.006000Z</time>
      </trkpt>
      <trkpt lat="55.44449" lon="13.128629">
        <ele>37.6</ele>
        <time>2025-05-12T08:40:47.006000Z</time>
      </trkpt>
      <trkpt lat="55.444576" lon="13.128687">
        <ele>37.7</ele>
        <time>2025-05-12T08:40:50.006000Z</time>
      </trkpt>
      <trkpt lat="55.444669" lon="13.128744">
        <ele>37.7</ele>
        <time>2025-05-12T08:40:53.006000Z</time>
      </trkpt>
      <trkpt lat="55.444757" lon="13.128826">
        <ele>37.8</ele>
        <time>2025-05-12T08:40:56.006000Z</time>
      </trkpt>
      <trkpt lat="55.444848" lon="13.128899">
        <ele>37.9</ele>
        <time>2025-05-12T08:40:59.006000Z</time>
      </trkpt>
      <trkpt lat="55.444938" lon="13.128954">
        <ele>38.0</ele>
        <time>2025-05-12T08:41:02.006000Z</time>
      </trkpt>
      <trkpt lat="55.445023" lon="13.129011">
        <ele>38.0</ele>
        <time>2025-05-12T08:41:05.006000Z</time>
      </trkpt>
      <trkpt lat="55.445137" lon="13.129044">
        <ele>38.1</ele>
        <time>2025-05-12T08:41:09.006000Z</time>
      </trkpt>
      <trkpt lat="55.445251" lon="13.129051">
        <ele>38.2</ele>
        <time>2025-05-12T08:41:13.006000Z</time>
      </trkpt>
      <trkpt lat="55.445344" lon="13.129026">
        <ele>38.3</ele>
        <time>2025-05-12T08:41:16.006000Z</time>
      </trkpt>
      <trkpt lat="55.445441" lon="13.129">
        <ele>38.3</ele>
        <time>2025-05-12T08:41:19.006000Z</time>
      </trkpt>
      <trkpt lat="55.44553" lon="13.128958">
        <ele>38.4</ele>
        <time>2025-05-12T08:41:22.006000Z</time>
      </trkpt>
      <trkpt lat="55.44562" lon="13.12893">
        <ele>38.5</ele>
        <time>2025-05-12T08:41:25.006000Z</time>
      </trkpt>
      <trkpt lat="55.445737" lon="13.128897">
        <ele>38.5</ele>
        <time>2025-05-12T08:41:29.006000Z</time>
      </trkpt>
      <trkpt lat="55.445827" lon="13.128861">
        <ele>38.6</ele>
        <time>2025-05-12T08:41:32.006000Z</time>
      </trkpt>
      <trkpt lat="55.44594" lon="13.128806">
        <ele>38.6</ele>
        <time>2025-05-12T08:41:36.006000Z</time>
      </trkpt>
      <trkpt lat="55.446055" lon="13.128755">
        <ele>38.7</ele>
        <time>2025-05-12T08:41:40.006000Z</time>
      </trkpt>
      <trkpt lat="55.446147" lon="13.128713">
        <ele>38.7</ele>
        <time>2025-05-12T08:41:43.006000Z</time>
      </trkpt>
      <trkpt lat="55.446254" lon="13.128674">
        <ele>38.8</ele>
        <time>2025-05-12T08:41:46.006000Z</time>
      </trkpt>
      <trkpt lat="55.446373" lon="13.128623">
        <ele>38.8</ele>
        <time>2025-05-12T08:41:49.006000Z</time>
      </trkpt>
      <trkpt lat="55.446485" lon="13.128576">
        <ele>38.9</ele>
        <time>2025-05-12T08:41:52.006000Z</time>
      </trkpt>
      <trkpt lat="55.446591" lon="13.128535">
        <ele>38.9</ele>
        <time>2025-05-12T08:41:55.006000Z</time>
      </trkpt>
      <trkpt lat="55.446701" lon="13.128502">
        <ele>39.0</ele>
        <time>2025-05-12T08:41:58.006000Z</time>
      </trkpt>
      <trkpt lat="55.446812" lon="13.128468">
        <ele>39.0</ele>
        <time>2025-05-12T08:42:01.006000Z</time>
      </trkpt>
      <trkpt lat="55.44692" lon="13.128419">
        <ele>39.1</ele>
        <time>2025-05-12T08:42:04.006000Z</time>
      </trkpt>
      <trkpt lat="55.447042" lon="13.128421">
        <ele>39.1</ele>
        <time>2025-05-12T08:42:07.006000Z</time>
      </trkpt>
      <trkpt lat="55.447166" lon="13.128404">
        <ele>39.2</ele>
        <time>2025-05-12T08:42:10.006000Z</time>
      </trkpt>
      <trkpt lat="55.447291" lon="13.128396">
        <ele>39.2</ele>
        <time>2025-05-12T08:42:13.006000Z</time>
      </trkpt>
      <trkpt lat="55.447411" lon="13.128407">
        <ele>39.3</ele>
        <time>2025-05-12T08:42:16.006000Z</time>
      </trkpt>
      <trkpt lat="55.447513" lon="13.128419">
        <ele>39.4</ele>
        <time>2025-05-12T08:42:19.006000Z</time>
      </trkpt>
      <trkpt lat="55.447629" lon="13.128432">
        <ele>39.5</ele>
        <time>2025-05-12T08:42:23.006000Z</time>
      </trkpt>
      <trkpt lat="55.447739" lon="13.12845">
        <ele>39.7</ele>
        <time>2025-05-12T08:42:27.006000Z</time>
      </trkpt>
      <trkpt lat="55.447856" lon="13.128465">
        <ele>39.8</ele>
        <time>2025-05-12T08:42:31.006000Z</time>
      </trkpt>
      <trkpt lat="55.447973" lon="13.128481">
        <ele>39.9</ele>
        <time>2025-05-12T08:42:35.006000Z</time>
      </trkpt>
      <trkpt lat="55.448087" lon="13.128489">
        <ele>40.0</ele>
        <time>2025-05-12T08:42:39.006000Z</time>
      </trkpt>
      <trkpt lat="55.448194" lon="13.128516">
        <ele>40.1</ele>
        <time>2025-05-12T08:42:43.006000Z</time>
      </trkpt>
      <trkpt lat="55.448298" lon="13.128538">
        <ele>40.2</ele>
        <time>2025-05-12T08:42:47.006000Z</time>
      </trkpt>
      <trkpt lat="55.448407" lon="13.128546">
        <ele>40.3</ele>
        <time>2025-05-12T08:42:51.006000Z</time>
      </trkpt>
      <trkpt lat="55.448514" lon="13.128554">
        <ele>40.4</ele>
        <time>2025-05-12T08:42:55.006000Z</time>
      </trkpt>
      <trkpt lat="55.448625" lon="13.128588">
        <ele>40.5</ele>
        <time>2025-05-12T08:42:59.006000Z</time>
      </trkpt>
      <trkpt lat="55.448737" lon="13.12859">
        <ele>40.6</ele>
        <time>2025-05-12T08:43:03.006000Z</time>
      </trkpt>
      <trkpt lat="55.448857" lon="13.128615">
        <ele>40.8</ele>
        <time>2025-05-12T08:43:07.006000Z</time>
      </trkpt>
      <trkpt lat="55.448959" lon="13.128629">
        <ele>40.9</ele>
        <time>2025-05-12T08:43:10.006000Z</time>
      </trkpt>
      <trkpt lat="55.449065" lon="13.128646">
        <ele>41.0</ele>
        <time>2025-05-12T08:43:13.006000Z</time>
      </trkpt>
      <trkpt lat="55.449165" lon="13.12866">
        <ele>41.1</ele>
        <time>2025-05-12T08:43:16.006000Z</time>
      </trkpt>
      <trkpt lat="55.44926" lon="13.128658">
        <ele>41.2</ele>
        <time>2025-05-12T08:43:19.006000Z</time>
      </trkpt>
      <trkpt lat="55.449359" lon="13.128702">
        <ele>41.3</ele>
        <time>2025-05-12T08:43:22.006000Z</time>
      </trkpt>
      <trkpt lat="55.449464" lon="13.128702">
        <ele>41.4</ele>
        <time>2025-05-12T08:43:26.006000Z</time>
      </trkpt>
      <trkpt lat="55.44958" lon="13.128709">
        <ele>41.6</ele>
        <time>2025-05-12T08:43:30.006000Z</time>
      </trkpt>
      <trkpt lat="55.449692" lon="13.128727">
        <ele>41.7</ele>
        <time>2025-05-12T08:43:34.006000Z</time>
      </trkpt>
      <trkpt lat="55.449794" lon="13.128744">
        <ele>41.8</ele>
        <time>2025-05-12T08:43:38.006000Z</time>
      </trkpt>
      <trkpt lat="55.449893" lon="13.128769">
        <ele>41.9</ele>
        <time>2025-05-12T08:43:42.006000Z</time>
      </trkpt>
      <trkpt lat="55.449987" lon="13.128784">
        <ele>42.1</ele>
        <time>2025-05-12T08:43:46.006000Z</time>
      </trkpt>
      <trkpt lat="55.45008" lon="13.128802">
        <ele>42.2</ele>
        <time>2025-05-12T08:43:50.006000Z</time>
      </trkpt>
      <trkpt lat="55.450187" lon="13.128821">
        <ele>42.3</ele>
        <time>2025-05-12T08:43:55.006000Z</time>
      </trkpt>
      <trkpt lat="55.45029" lon="13.128837">
        <ele>42.4</ele>
        <time>2025-05-12T08:44:00.006000Z</time>
      </trkpt>
      <trkpt lat="55.450394" lon="13.128862">
        <ele>42.6</ele>
        <time>2025-05-12T08:44:05.006000Z</time>
      </trkpt>
      <trkpt lat="55.450497" lon="13.128893">
        <ele>42.7</ele>
        <time>2025-05-12T08:44:10.006000Z</time>
      </trkpt>
      <trkpt lat="55.4506" lon="13.128937">
        <ele>42.8</ele>
        <time>2025-05-12T08:44:15.006000Z</time>
      </trkpt>
      <trkpt lat="55.450698" lon="13.129006">
        <ele>42.9</ele>
        <time>2025-05-12T08:44:20.006000Z</time>
      </trkpt>
      <trkpt lat="55.450776" lon="13.1291">
        <ele>43.1</ele>
        <time>2025-05-12T08:44:24.006000Z</time>
      </trkpt>
      <trkpt lat="55.450877" lon="13.129165">
        <ele>43.2</ele>
        <time>2025-05-12T08:44:28.006000Z</time>
      </trkpt>
      <trkpt lat="55.450982" lon="13.129265">
        <ele>43.1</ele>
        <time>2025-05-12T08:44:32.006000Z</time>
      </trkpt>
      <trkpt lat="55.451063" lon="13.129347">
        <ele>43.1</ele>
        <time>2025-05-12T08:44:35.006000Z</time>
      </trkpt>
      <trkpt lat="55.451164" lon="13.129442">
        <ele>43.0</ele>
        <time>2025-05-12T08:44:39.006000Z</time>
      </trkpt>
      <trkpt lat="55.451255" lon="13.129526">
        <ele>42.9</ele>
        <time>2025-05-12T08:44:43.006000Z</time>
      </trkpt>
      <trkpt lat="55.451353" lon="13.129608">
        <ele>42.8</ele>
        <time>2025-05-12T08:44:47.006000Z</time>
      </trkpt>
      <trkpt lat="55.451456" lon="13.129677">
        <ele>42.7</ele>
        <time>2025-05-12T08:44:52.006000Z</time>
      </trkpt>
      <trkpt lat="55.451552" lon="13.12978">
        <ele>42.7</ele>
        <time>2025-05-12T08:44:57.006000Z</time>
      </trkpt>
      <trkpt lat="55.451643" lon="13.129845">
        <ele>42.6</ele>
        <time>2025-05-12T08:45:01.006000Z</time>
      </trkpt>
      <trkpt lat="55.45173" lon="13.129918">
        <ele>42.5</ele>
        <time>2025-05-12T08:45:04.006000Z</time>
      </trkpt>
      <trkpt lat="55.451841" lon="13.129955">
        <ele>42.4</ele>
        <time>2025-05-12T08:45:07.006000Z</time>
      </trkpt>
      <trkpt lat="55.451971" lon="13.130004">
        <ele>42.3</ele>
        <time>2025-05-12T08:45:10.006000Z</time>
      </trkpt>
      <trkpt lat="55.452063" lon="13.130043">
        <ele>42.3</ele>
        <time>2025-05-12T08:45:12.007000Z</time>
      </trkpt>
      <trkpt lat="55.452161" lon="13.130102">
        <ele>42.2</ele>
        <time>2025-05-12T08:45:14.007000Z</time>
      </trkpt>
      <trkpt lat="55.452268" lon="13.130144">
        <ele>42.1</ele>
        <time>2025-05-12T08:45:16.006000Z</time>
      </trkpt>
      <trkpt lat="55.452379" lon="13.130188">
        <ele>42.0</ele>
        <time>2025-05-12T08:45:18.006000Z</time>
      </trkpt>
      <trkpt lat="55.45249" lon="13.130257">
        <ele>41.9</ele>
        <time>2025-05-12T08:45:20.007000Z</time>
      </trkpt>
      <trkpt lat="55.452598" lon="13.130323">
        <ele>41.9</ele>
        <time>2025-05-12T08:45:22.006000Z</time>
      </trkpt>
      <trkpt lat="55.452699" lon="13.130403">
        <ele>41.9</ele>
        <time>2025-05-12T08:45:24.006000Z</time>
      </trkpt>
      <trkpt lat="55.45279" lon="13.130479">
        <ele>41.9</ele>
        <time>2025-05-12T08:45:26.006000Z</time>
      </trkpt>
      <trkpt lat="55.452873" lon="13.130561">
        <ele>41.9</ele>
        <time>2025-05-12T08:45:28.006000Z</time>
      </trkpt>
      <trkpt lat="55.452982" lon="13.13068">
        <ele>41.9</ele>
        <time>2025-05-12T08:45:31.006000Z</time>
      </trkpt>
      <trkpt lat="55.453068" lon="13.130793">
        <ele>41.8</ele>
        <time>2025-05-12T08:45:34.006000Z</time>
      </trkpt>
      <trkpt lat="55.453143" lon="13.130891">
        <ele>41.8</ele>
        <time>2025-05-12T08:45:37.006000Z</time>
      </trkpt>
      <trkpt lat="55.453243" lon="13.130996">
        <ele>41.8</ele>
        <time>2025-05-12T08:45:41.006000Z</time>
      </trkpt>
      <trkpt lat="55.453322" lon="13.13108">
        <ele>41.8</ele>
        <time>2025-05-12T08:45:44.006000Z</time>
      </trkpt>
      <trkpt lat="55.453413" lon="13.131166">
        <ele>41.8</ele>
        <time>2025-05-12T08:45:47.006000Z</time>
      </trkpt>
      <trkpt lat="55.453522" lon="13.131256">
        <ele>41.8</ele>
        <time>2025-05-12T08:45:50.006000Z</time>
      </trkpt>
      <trkpt lat="55.453636" lon="13.131378">
        <ele>41.8</ele>
        <time>2025-05-12T08:45:53.006000Z</time>
      </trkpt>
      <trkpt lat="55.453728" lon="13.131452">
        <ele>41.8</ele>
        <time>2025-05-12T08:45:55.006000Z</time>
      </trkpt>
      <trkpt lat="55.453815" lon="13.131519">
        <ele>41.8</ele>
        <time>2025-05-12T08:45:57.006000Z</time>
      </trkpt>
      <trkpt lat="55.453906" lon="13.131577">
        <ele>41.8</ele>
        <time>2025-05-12T08:45:59.006000Z</time>
      </trkpt>
      <trkpt lat="55.453991" lon="13.13165">
        <ele>41.8</ele>
        <time>2025-05-12T08:46:01.006000Z</time>
      </trkpt>
      <trkpt lat="55.45408" lon="13.131692">
        <ele>41.8</ele>
        <time>2025-05-12T08:46:03.006000Z</time>
      </trkpt>
      <trkpt lat="55.454195" lon="13.131773">
        <ele>41.8</ele>
        <time>2025-05-12T08:46:06.006000Z</time>
      </trkpt>
      <trkpt lat="55.4543" lon="13.13181">
        <ele>41.7</ele>
        <time>2025-05-12T08:46:09.006000Z</time>
      </trkpt>
      <trkpt lat="55.454409" lon="13.131857">
        <ele>41.6</ele>
        <time>2025-05-12T08:46:12.006000Z</time>
      </trkpt>
      <trkpt lat="55.45452" lon="13.131944">
        <ele>41.6</ele>
        <time>2025-05-12T08:46:15.006000Z</time>
      </trkpt>
      <trkpt lat="55.454649" lon="13.132002">
        <ele>41.5</ele>
        <time>2025-05-12T08:46:18.006000Z</time>
      </trkpt>
      <trkpt lat="55.454737" lon="13.132049">
        <ele>41.4</ele>
        <time>2025-05-12T08:46:20.006000Z</time>
      </trkpt>
      <trkpt lat="55.454829" lon="13.132089">
        <ele>41.4</ele>
        <time>2025-05-12T08:46:22.006000Z</time>
      </trkpt>
      <trkpt lat="55.454924" lon="13.132137">
        <ele>41.3</ele>
        <time>2025-05-12T08:46:24.006000Z</time>
      </trkpt>
      <trkpt lat="55.455017" lon="13.132178">
        <ele>41.3</ele>
        <time>2025-05-12T08:46:26.006000Z</time>
      </trkpt>
      <trkpt lat="55.455107" lon="13.132215">
        <ele>41.2</ele>
        <time>2025-05-12T08:46:28.006000Z</time>
      </trkpt>
      <trkpt lat="55.455233" lon="13.132274">
        <ele>41.1</ele>
        <time>2025-05-12T08:46:31.006000Z</time>
      </trkpt>
      <trkpt lat="55.455352" lon="13.13233">
        <ele>41.0</ele>
        <time>2025-05-12T08:46:34.006000Z</time>
      </trkpt>
      <trkpt lat="55.455445" lon="13.132368">
        <ele>41.0</ele>
        <time>2025-05-12T08:46:37.006000Z</time>
      </trkpt>
      <trkpt lat="55.455549" lon="13.132419">
        <ele>40.9</ele>
        <time>2025-05-12T08:46:41.006000Z</time>
      </trkpt>
      <trkpt lat="55.455652" lon="13.132463">
        <ele>40.9</ele>
        <time>2025-05-12T08:46:45.006000Z</time>
      </trkpt>
      <trkpt lat="55.455755" lon="13.132555">
        <ele>40.8</ele>
        <time>2025-05-12T08:46:49.006000Z</time>
      </trkpt>
      <trkpt lat="55.455852" lon="13.132594">
        <ele>40.7</ele>
        <time>2025-05-12T08:46:52.006000Z</time>
      </trkpt>
      <trkpt lat="55.455957" lon="13.132635">
        <ele>40.7</ele>
        <time>2025-05-12T08:46:55.006000Z</time>
      </trkpt>
      <trkpt lat="55.456068" lon="13.132681">
        <ele>40.7</ele>
        <time>2025-05-12T08:46:58.006000Z</time>
      </trkpt>
      <trkpt lat="55.456184" lon="13.132717">
        <ele>40.6</ele>
        <time>2025-05-12T08:47:01.006000Z</time>
      </trkpt>
      <trkpt lat="55.456305" lon="13.132757">
        <ele>40.6</ele>
        <time>2025-05-12T08:47:04.006000Z</time>
      </trkpt>
      <trkpt lat="55.456428" lon="13.13281">
        <ele>40.6</ele>
        <time>2025-05-12T08:47:07.006000Z</time>
      </trkpt>
      <trkpt lat="55.456516" lon="13.132851">
        <ele>40.6</ele>
        <time>2025-05-12T08:47:09.006000Z</time>
      </trkpt>
      <trkpt lat="55.456645" lon="13.132893">
        <ele>40.5</ele>
        <time>2025-05-12T08:47:12.006000Z</time>
      </trkpt>
      <trkpt lat="55.456769" lon="13.132945">
        <ele>40.5</ele>
        <time>2025-05-12T08:47:15.006000Z</time>
      </trkpt>
      <trkpt lat="55.456886" lon="13.133003">
        <ele>40.5</ele>
        <time>2025-05-12T08:47:18.006000Z</time>
      </trkpt>
      <trkpt lat="55.457001" lon="13.133052">
        <ele>40.5</ele>
        <time>2025-05-12T08:47:21.006000Z</time>
      </trkpt>
      <trkpt lat="55.457109" lon="13.133099">
        <ele>40.4</ele>
        <time>2025-05-12T08:47:24.006000Z</time>
      </trkpt>
      <trkpt lat="55.457214" lon="13.133133">
        <ele>40.4</ele>
        <time>2025-05-12T08:47:27.006000Z</time>
      </trkpt>
      <trkpt lat="55.45732" lon="13.133182">
        <ele>40.4</ele>
        <time>2025-05-12T08:47:30.006000Z</time>
      </trkpt>
      <trkpt lat="55.457422" lon="13.133213">
        <ele>40.4</ele>
        <time>2025-05-12T08:47:33.006000Z</time>
      </trkpt>
      <trkpt lat="55.45752" lon="13.133242">
        <ele>40.4</ele>
        <time>2025-05-12T08:47:36.006000Z</time>
      </trkpt>
      <trkpt lat="55.457633" lon="13.133262">
        <ele>40.3</ele>
        <time>2025-05-12T08:47:40.006000Z</time>
      </trkpt>
      <trkpt lat="55.457735" lon="13.13329">
        <ele>40.3</ele>
        <time>2025-05-12T08:47:44.006000Z</time>
      </trkpt>
      <trkpt lat="55.457842" lon="13.13334">
        <ele>40.4</ele>
        <time>2025-05-12T08:47:48.006000Z</time>
      </trkpt>
      <trkpt lat="55.457957" lon="13.133369">
        <ele>40.4</ele>
        <time>2025-05-12T08:47:52.006000Z</time>
      </trkpt>
      <trkpt lat="55.458053" lon="13.133388">
        <ele>40.4</ele>
        <time>2025-05-12T08:47:55.006000Z</time>
      </trkpt>
      <trkpt lat="55.458153" lon="13.13341">
        <ele>40.4</ele>
        <time>2025-05-12T08:47:58.006000Z</time>
      </trkpt>
      <trkpt lat="55.458257" lon="13.133424">
        <ele>40.4</ele>
        <time>2025-05-12T08:48:01.006000Z</time>
      </trkpt>
      <trkpt lat="55.458358" lon="13.133449">
        <ele>40.5</ele>
        <time>2025-05-12T08:48:04.006000Z</time>
      </trkpt>
      <trkpt lat="55.458461" lon="13.133461">
        <ele>40.5</ele>
        <time>2025-05-12T08:48:07.006000Z</time>
      </trkpt>
      <trkpt lat="55.458561" lon="13.133494">
        <ele>40.5</ele>
        <time>2025-05-12T08:48:10.006000Z</time>
      </trkpt>
      <trkpt lat="55.458673" lon="13.133526">
        <ele>40.5</ele>
        <time>2025-05-12T08:48:13.006000Z</time>
      </trkpt>
      <trkpt lat="55.458788" lon="13.133559">
        <ele>40.5</ele>
        <time>2025-05-12T08:48:16.006000Z</time>
      </trkpt>
      <trkpt lat="55.458906" lon="13.133602">
        <ele>40.5</ele>
        <time>2025-05-12T08:48:19.006000Z</time>
      </trkpt>
      <trkpt lat="55.459028" lon="13.133644">
        <ele>40.6</ele>
        <time>2025-05-12T08:48:22.006000Z</time>
      </trkpt>
      <trkpt lat="55.459146" lon="13.133691">
        <ele>40.6</ele>
        <time>2025-05-12T08:48:25.006000Z</time>
      </trkpt>
      <trkpt lat="55.459258" lon="13.133754">
        <ele>40.6</ele>
        <time>2025-05-12T08:48:28.006000Z</time>
      </trkpt>
      <trkpt lat="55.459366" lon="13.133806">
        <ele>40.6</ele>
        <time>2025-05-12T08:48:31.006000Z</time>
      </trkpt>
      <trkpt lat="55.459473" lon="13.133846">
        <ele>40.7</ele>
        <time>2025-05-12T08:48:34.006000Z</time>
      </trkpt>
      <trkpt lat="55.459564" lon="13.133894">
        <ele>40.9</ele>
        <time>2025-05-12T08:48:37.006000Z</time>
      </trkpt>
      <trkpt lat="55.459659" lon="13.133968">
        <ele>41.0</ele>
        <time>2025-05-12T08:48:41.006000Z</time>
      </trkpt>
      <trkpt lat="55.459761" lon="13.134012">
        <ele>41.2</ele>
        <time>2025-05-12T08:48:45.006000Z</time>
      </trkpt>
      <trkpt lat="55.459869" lon="13.134058">
        <ele>41.3</ele>
        <time>2025-05-12T08:48:49.006000Z</time>
      </trkpt>
      <trkpt lat="55.459971" lon="13.134142">
        <ele>41.5</ele>
        <time>2025-05-12T08:48:53.006000Z</time>
      </trkpt>
      <trkpt lat="55.460061" lon="13.134174">
        <ele>41.6</ele>
        <time>2025-05-12T08:48:57.006000Z</time>
      </trkpt>
      <trkpt lat="55.46016" lon="13.134203">
        <ele>41.8</ele>
        <time>2025-05-12T08:49:03.006000Z</time>
      </trkpt>
      <trkpt lat="55.460248" lon="13.13424">
        <ele>41.9</ele>
        <time>2025-05-12T08:49:08.006000Z</time>
      </trkpt>
      <trkpt lat="55.460342" lon="13.134268">
        <ele>42.0</ele>
        <time>2025-05-12T08:49:13.006000Z</time>
      </trkpt>
      <trkpt lat="55.460434" lon="13.134325">
        <ele>42.2</ele>
        <time>2025-05-12T08:49:18.006000Z</time>
      </trkpt>
      <trkpt lat="55.46054" lon="13.134349">
        <ele>42.3</ele>
        <time>2025-05-12T08:49:23.006000Z</time>
      </trkpt>
      <trkpt lat="55.460632" lon="13.13437">
        <ele>42.5</ele>
        <time>2025-05-12T08:49:27.006000Z</time>
      </trkpt>
      <trkpt lat="55.460735" lon="13.134392">
        <ele>42.6</ele>
        <time>2025-05-12T08:49:31.007000Z</time>
      </trkpt>
      <trkpt lat="55.460838" lon="13.134415">
        <ele>42.7</ele>
        <time>2025-05-12T08:49:35.007000Z</time>
      </trkpt>
      <trkpt lat="55.460942" lon="13.134443">
        <ele>42.9</ele>
        <time>2025-05-12T08:49:39.006000Z</time>
      </trkpt>
      <trkpt lat="55.461049" lon="13.134464">
        <ele>43.1</ele>
        <time>2025-05-12T08:49:43.006000Z</time>
      </trkpt>
      <trkpt lat="55.461154" lon="13.134482">
        <ele>43.2</ele>
        <time>2025-05-12T08:49:47.006000Z</time>
      </trkpt>
      <trkpt lat="55.461261" lon="13.134534">
        <ele>43.2</ele>
        <time>2025-05-12T08:49:51.006000Z</time>
      </trkpt>
      <trkpt lat="55.461361" lon="13.13455">
        <ele>43.2</ele>
        <time>2025-05-12T08:49:54.006000Z</time>
      </trkpt>
      <trkpt lat="55.461479" lon="13.134576">
        <ele>43.2</ele>
        <time>2025-05-12T08:49:57.006000Z</time>
      </trkpt>
      <trkpt lat="55.46157" lon="13.134594">
        <ele>43.2</ele>
        <time>2025-05-12T08:49:59.006000Z</time>
      </trkpt>
      <trkpt lat="55.461668" lon="13.134616">
        <ele>43.2</ele>
        <time>2025-05-12T08:50:01.006000Z</time>
      </trkpt>
      <trkpt lat="55.461773" lon="13.134635">
        <ele>43.2</ele>
        <time>2025-05-12T08:50:03.006000Z</time>
      </trkpt>
      <trkpt lat="55.461882" lon="13.134665">
        <ele>43.2</ele>
        <time>2025-05-12T08:50:05.006000Z</time>
      </trkpt>
      <trkpt lat="55.461992" lon="13.134688">
        <ele>43.3</ele>
        <time>2025-05-12T08:50:07.006000Z</time>
      </trkpt>
      <trkpt lat="55.462095" lon="13.134713">
        <ele>43.3</ele>
        <time>2025-05-12T08:50:09.006000Z</time>
      </trkpt>
      <trkpt lat="55.462189" lon="13.134728">
        <ele>43.3</ele>
        <time>2025-05-12T08:50:11.006000Z</time>
      </trkpt>
      <trkpt lat="55.462312" lon="13.134755">
        <ele>43.3</ele>
        <time>2025-05-12T08:50:14.006000Z</time>
      </trkpt>
      <trkpt lat="55.462407" lon="13.134779">
        <ele>43.3</ele>
        <time>2025-05-12T08:50:17.006000Z</time>
      </trkpt>
      <trkpt lat="55.462511" lon="13.134802">
        <ele>43.3</ele>
        <time>2025-05-12T08:50:21.006000Z</time>
      </trkpt>
      <trkpt lat="55.462613" lon="13.1348">
        <ele>43.3</ele>
        <time>2025-05-12T08:50:26.006000Z</time>
      </trkpt>
      <trkpt lat="55.462705" lon="13.134812">
        <ele>43.3</ele>
        <time>2025-05-12T08:50:31.006000Z</time>
      </trkpt>
      <trkpt lat="55.462805" lon="13.134768">
        <ele>43.3</ele>
        <time>2025-05-12T08:50:36.006000Z</time>
      </trkpt>
      <trkpt lat="55.462906" lon="13.134746">
        <ele>43.3</ele>
        <time>2025-05-12T08:50:41.006000Z</time>
      </trkpt>
      <trkpt lat="55.463009" lon="13.134689">
        <ele>43.2</ele>
        <time>2025-05-12T08:50:46.006000Z</time>
      </trkpt>
      <trkpt lat="55.463107" lon="13.134629">
        <ele>43.0</ele>
        <time>2025-05-12T08:50:51.006000Z</time>
      </trkpt>
      <trkpt lat="55.463194" lon="13.134557">
        <ele>42.9</ele>
        <time>2025-05-12T08:50:55.006000Z</time>
      </trkpt>
      <trkpt lat="55.463289" lon="13.134544">
        <ele>42.7</ele>
        <time>2025-05-12T08:50:59.006000Z</time>
      </trkpt>
      <trkpt lat="55.463394" lon="13.134473">
        <ele>42.5</ele>
        <time>2025-05-12T08:51:03.006000Z</time>
      </trkpt>
      <trkpt lat="55.463487" lon="13.134415">
        <ele>42.4</ele>
        <time>2025-05-12T08:51:06.006000Z</time>
      </trkpt>
      <trkpt lat="55.463592" lon="13.134359">
        <ele>42.2</ele>
        <time>2025-05-12T08:51:09.006000Z</time>
      </trkpt>
      <trkpt lat="55.463711" lon="13.134289">
        <ele>42.0</ele>
        <time>2025-05-12T08:51:12.006000Z</time>
      </trkpt>
      <trkpt lat="55.463842" lon="13.134223">
        <ele>41.8</ele>
        <time>2025-05-12T08:51:15.006000Z</time>
      </trkpt>
      <trkpt lat="55.463934" lon="13.134175">
        <ele>41.7</ele>
        <time>2025-05-12T08:51:17.006000Z</time>
      </trkpt>
      <trkpt lat="55.464032" lon="13.134139">
        <ele>41.5</ele>
        <time>2025-05-12T08:51:19.006000Z</time>
      </trkpt>
      <trkpt lat="55.464145" lon="13.134114">
        <ele>41.3</ele>
        <time>2025-05-12T08:51:21.006000Z</time>
      </trkpt>
      <trkpt lat="55.464247" lon="13.134056">
        <ele>41.2</ele>
        <time>2025-05-12T08:51:23.006000Z</time>
      </trkpt>
      <trkpt lat="55.464348" lon="13.133972">
        <ele>41.0</ele>
        <time>2025-05-12T08:51:25.006000Z</time>
      </trkpt>
      <trkpt lat="55.464446" lon="13.13386">
        <ele>40.8</ele>
        <time>2025-05-12T08:51:27.006000Z</time>
      </trkpt>
      <trkpt lat="55.464539" lon="13.133731">
        <ele>40.6</ele>
        <time>2025-05-12T08:51:29.006000Z</time>
      </trkpt>
      <trkpt lat="55.464624" lon="13.133598">
        <ele>40.5</ele>
        <time>2025-05-12T08:51:31.006000Z</time>
      </trkpt>
      <trkpt lat="55.46469" lon="13.133449">
        <ele>40.4</ele>
        <time>2025-05-12T08:51:33.006000Z</time>
      </trkpt>
      <trkpt lat="55.464754" lon="13.133286">
        <ele>40.3</ele>
        <time>2025-05-12T08:51:35.006000Z</time>
      </trkpt>
      <trkpt lat="55.464816" lon="13.133142">
        <ele>40.2</ele>
        <time>2025-05-12T08:51:37.006000Z</time>
      </trkpt>
      <trkpt lat="55.464875" lon="13.132994">
        <ele>40.1</ele>
        <time>2025-05-12T08:51:39.006000Z</time>
      </trkpt>
      <trkpt lat="55.464932" lon="13.132847">
        <ele>40.0</ele>
        <time>2025-05-12T08:51:41.006000Z</time>
      </trkpt>
      <trkpt lat="55.464994" lon="13.132716">
        <ele>40.0</ele>
        <time>2025-05-12T08:51:43.006000Z</time>
      </trkpt>
      <trkpt lat="55.465079" lon="13.132529">
        <ele>39.8</ele>
        <time>2025-05-12T08:51:46.006000Z</time>
      </trkpt>
      <trkpt lat="55.465148" lon="13.132415">
        <ele>39.8</ele>
        <time>2025-05-12T08:51:48.006000Z</time>
      </trkpt>
      <trkpt lat="55.465222" lon="13.132312">
        <ele>39.7</ele>
        <time>2025-05-12T08:51:50.006000Z</time>
      </trkpt>
      <trkpt lat="55.465392" lon="13.132136">
        <ele>39.5</ele>
        <time>2025-05-12T08:52:45.006000Z</time>
      </trkpt>
      <trkpt lat="55.465478" lon="13.132066">
        <ele>39.5</ele>
        <time>2025-05-12T08:52:49.006000Z</time>
      </trkpt>
      <trkpt lat="55.465577" lon="13.131991">
        <ele>39.4</ele>
        <time>2025-05-12T08:52:54.006000Z</time>
      </trkpt>
      <trkpt lat="55.46567" lon="13.131935">
        <ele>39.3</ele>
        <time>2025-05-12T08:52:58.006000Z</time>
      </trkpt>
      <trkpt lat="55.465761" lon="13.131882">
        <ele>39.2</ele>
        <time>2025-05-12T08:53:02.006000Z</time>
      </trkpt>
      <trkpt lat="55.465864" lon="13.131817">
        <ele>39.1</ele>
        <time>2025-05-12T08:53:06.006000Z</time>
      </trkpt>
      <trkpt lat="55.46595" lon="13.131763">
        <ele>39.0</ele>
        <time>2025-05-12T08:53:09.006000Z</time>
      </trkpt>
      <trkpt lat="55.466056" lon="13.131687">
        <ele>39.0</ele>
        <time>2025-05-12T08:53:13.006000Z</time>
      </trkpt>
      <trkpt lat="55.466148" lon="13.131619">
        <ele>39.0</ele>
        <time>2025-05-12T08:53:16.006000Z</time>
      </trkpt>
      <trkpt lat="55.466241" lon="13.131538">
        <ele>39.0</ele>
        <time>2025-05-12T08:53:18.891000Z</time>
      </trkpt>
      <trkpt lat="55.466333" lon="13.13145">
        <ele>39.0</ele>
        <time>2025-05-12T08:53:21.891000Z</time>
      </trkpt>
      <trkpt lat="55.466425" lon="13.131356">
        <ele>39.0</ele>
        <time>2025-05-12T08:53:24.891000Z</time>
      </trkpt>
      <trkpt lat="55.466525" lon="13.131281">
        <ele>39.0</ele>
        <time>2025-05-12T08:53:27.891000Z</time>
      </trkpt>
      <trkpt lat="55.466611" lon="13.131151">
        <ele>39.0</ele>
        <time>2025-05-12T08:53:30.891000Z</time>
      </trkpt>
      <trkpt lat="55.466712" lon="13.131045">
        <ele>39.0</ele>
        <time>2025-05-12T08:53:33.891000Z</time>
      </trkpt>
      <trkpt lat="55.466812" lon="13.130937">
        <ele>39.0</ele>
        <time>2025-05-12T08:53:36.891000Z</time>
      </trkpt>
      <trkpt lat="55.466914" lon="13.130852">
        <ele>39.0</ele>
        <time>2025-05-12T08:53:39.891000Z</time>
      </trkpt>
      <trkpt lat="55.467009" lon="13.130731">
        <ele>39.0</ele>
        <time>2025-05-12T08:53:42.891000Z</time>
      </trkpt>
      <trkpt lat="55.467115" lon="13.130648">
        <ele>39.0</ele>
        <time>2025-05-12T08:53:45.891000Z</time>
      </trkpt>
      <trkpt lat="55.467228" lon="13.130573">
        <ele>39.0</ele>
        <time>2025-05-12T08:53:48.892000Z</time>
      </trkpt>
      <trkpt lat="55.467337" lon="13.130501">
        <ele>38.9</ele>
        <time>2025-05-12T08:53:51.891000Z</time>
      </trkpt>
      <trkpt lat="55.467448" lon="13.130404">
        <ele>38.9</ele>
        <time>2025-05-12T08:53:54.891000Z</time>
      </trkpt>
      <trkpt lat="55.467563" lon="13.130353">
        <ele>38.9</ele>
        <time>2025-05-12T08:53:57.891000Z</time>
      </trkpt>
      <trkpt lat="55.467675" lon="13.130309">
        <ele>39.0</ele>
        <time>2025-05-12T08:54:00.891000Z</time>
      </trkpt>
      <trkpt lat="55.467782" lon="13.130269">
        <ele>39.1</ele>
        <time>2025-05-12T08:54:03.891000Z</time>
      </trkpt>
      <trkpt lat="55.467871" lon="13.130204">
        <ele>39.2</ele>
        <time>2025-05-12T08:54:06.891000Z</time>
      </trkpt>
      <trkpt lat="55.467978" lon="13.130189">
        <ele>39.3</ele>
        <time>2025-05-12T08:54:10.891000Z</time>
      </trkpt>
      <trkpt lat="55.46808" lon="13.130185">
        <ele>39.4</ele>
        <time>2025-05-12T08:54:14.891000Z</time>
      </trkpt>
      <trkpt lat="55.468183" lon="13.130169">
        <ele>39.4</ele>
        <time>2025-05-12T08:54:18.891000Z</time>
      </trkpt>
      <trkpt lat="55.468283" lon="13.130164">
        <ele>39.5</ele>
        <time>2025-05-12T08:54:22.891000Z</time>
      </trkpt>
      <trkpt lat="55.468393" lon="13.130143">
        <ele>39.6</ele>
        <time>2025-05-12T08:54:26.891000Z</time>
      </trkpt>
      <trkpt lat="55.468504" lon="13.130151">
        <ele>39.7</ele>
        <time>2025-05-12T08:54:30.891000Z</time>
      </trkpt>
      <trkpt lat="55.468609" lon="13.130149">
        <ele>39.8</ele>
        <time>2025-05-12T08:54:34.891000Z</time>
      </trkpt>
      <trkpt lat="55.468704" lon="13.130151">
        <ele>39.9</ele>
        <time>2025-05-12T08:54:38.891000Z</time>
      </trkpt>
      <trkpt lat="55.468801" lon="13.130126">
        <ele>39.9</ele>
        <time>2025-05-12T08:54:43.890000Z</time>
      </trkpt>
      <trkpt lat="55.468861" lon="13.130384">
        <ele>40.1</ele>
        <time>2025-05-12T08:54:49.890000Z</time>
      </trkpt>
      <trkpt lat="55.468867" lon="13.130578">
        <ele>40.2</ele>
        <time>2025-05-12T08:54:53.890000Z</time>
      </trkpt>
      <trkpt lat="55.468898" lon="13.130734">
        <ele>40.2</ele>
        <time>2025-05-12T08:54:56.890000Z</time>
      </trkpt>
      <trkpt lat="55.468955" lon="13.130914">
        <ele>40.3</ele>
        <time>2025-05-12T08:54:59.890000Z</time>
      </trkpt>
      <trkpt lat="55.468977" lon="13.13107">
        <ele>40.4</ele>
        <time>2025-05-12T08:55:01.890000Z</time>
      </trkpt>
      <trkpt lat="55.469008" lon="13.131239">
        <ele>40.6</ele>
        <time>2025-05-12T08:55:03.890000Z</time>
      </trkpt>
      <trkpt lat="55.469036" lon="13.131418">
        <ele>40.7</ele>
        <time>2025-05-12T08:55:05.890000Z</time>
      </trkpt>
      <trkpt lat="55.469075" lon="13.131599">
        <ele>40.9</ele>
        <time>2025-05-12T08:55:07.890000Z</time>
      </trkpt>
      <trkpt lat="55.469115" lon="13.131794">
        <ele>41.1</ele>
        <time>2025-05-12T08:55:09.890000Z</time>
      </trkpt>
      <trkpt lat="55.469153" lon="13.131984">
        <ele>41.3</ele>
        <time>2025-05-12T08:55:11.890000Z</time>
      </trkpt>
      <trkpt lat="55.469205" lon="13.132161">
        <ele>41.5</ele>
        <time>2025-05-12T08:55:13.890000Z</time>
      </trkpt>
      <trkpt lat="55.469272" lon="13.132311">
        <ele>41.7</ele>
        <time>2025-05-12T08:55:15.890000Z</time>
      </trkpt>
      <trkpt lat="55.469354" lon="13.132395">
        <ele>41.8</ele>
        <time>2025-05-12T08:55:17.890000Z</time>
      </trkpt>
      <trkpt lat="55.46948" lon="13.132385">
        <ele>42.0</ele>
        <time>2025-05-12T08:55:20.890000Z</time>
      </trkpt>
      <trkpt lat="55.469582" lon="13.132308">
        <ele>42.2</ele>
        <time>2025-05-12T08:55:23.890000Z</time>
      </trkpt>
      <trkpt lat="55.469667" lon="13.132218">
        <ele>42.4</ele>
        <time>2025-05-12T08:55:26.890000Z</time>
      </trkpt>
      <trkpt lat="55.469764" lon="13.13216">
        <ele>42.5</ele>
        <time>2025-05-12T08:55:30.890000Z</time>
      </trkpt>
      <trkpt lat="55.469847" lon="13.132091">
        <ele>42.7</ele>
        <time>2025-05-12T08:55:35.889000Z</time>
      </trkpt>
      <trkpt lat="55.469933" lon="13.132">
        <ele>42.8</ele>
        <time>2025-05-12T08:55:40.888000Z</time>
      </trkpt>
      <trkpt lat="55.470033" lon="13.131946">
        <ele>43.0</ele>
        <time>2025-05-12T08:55:45.888000Z</time>
      </trkpt>
      <trkpt lat="55.470133" lon="13.131913">
        <ele>43.2</ele>
        <time>2025-05-12T08:55:50.888000Z</time>
      </trkpt>
      <trkpt lat="55.470234" lon="13.131913">
        <ele>43.3</ele>
        <time>2025-05-12T08:55:55.888000Z</time>
      </trkpt>
      <trkpt lat="55.470333" lon="13.131955">
        <ele>43.5</ele>
        <time>2025-05-12T08:56:00.888000Z</time>
      </trkpt>
      <trkpt lat="55.470393" lon="13.132104">
        <ele>43.6</ele>
        <time>2025-05-12T08:56:06.888000Z</time>
      </trkpt>
      <trkpt lat="55.470422" lon="13.132262">
        <ele>43.7</ele>
        <time>2025-05-12T08:56:12.888000Z</time>
      </trkpt>
      <trkpt lat="55.470441" lon="13.132429">
        <ele>43.8</ele>
        <time>2025-05-12T08:56:19.888000Z</time>
      </trkpt>
      <trkpt lat="55.470463" lon="13.132586">
        <ele>44.0</ele>
        <time>2025-05-12T08:56:26.888000Z</time>
      </trkpt>
      <trkpt lat="55.470493" lon="13.132747">
        <ele>44.1</ele>
        <time>2025-05-12T08:56:33.887000Z</time>
      </trkpt>
      <trkpt lat="55.470504" lon="13.132914">
        <ele>44.2</ele>
        <time>2025-05-12T08:56:40.887000Z</time>
      </trkpt>
      <trkpt lat="55.47051" lon="13.133091">
        <ele>44.3</ele>
        <time>2025-05-12T08:56:47.887000Z</time>
      </trkpt>
      <trkpt lat="55.470496" lon="13.133248">
        <ele>44.4</ele>
        <time>2025-05-12T08:56:53.887000Z</time>
      </trkpt>
      <trkpt lat="55.470483" lon="13.133411">
        <ele>44.6</ele>
        <time>2025-05-12T08:56:59.887000Z</time>
      </trkpt>
      <trkpt lat="55.470471" lon="13.133579">
        <ele>44.7</ele>
        <time>2025-05-12T08:57:04.887000Z</time>
      </trkpt>
      <trkpt lat="55.470521" lon="13.133716">
        <ele>44.8</ele>
        <time>2025-05-12T08:57:08.887000Z</time>
      </trkpt>
      <trkpt lat="55.470581" lon="13.133839">
        <ele>44.9</ele>
        <time>2025-05-12T08:57:12.887000Z</time>
      </trkpt>
      <trkpt lat="55.47068" lon="13.133707">
        <ele>45.1</ele>
        <time>2025-05-12T08:57:13.887000Z</time>
      </trkpt>
      <trkpt lat="55.470774" lon="13.133616">
        <ele>45.2</ele>
        <time>2025-05-12T08:57:16.887000Z</time>
      </trkpt>
      <trkpt lat="55.470879" lon="13.133517">
        <ele>45.3</ele>
        <time>2025-05-12T08:57:19.887000Z</time>
      </trkpt>
      <trkpt lat="55.470996" lon="13.13345">
        <ele>45.5</ele>
        <time>2025-05-12T08:57:22.886000Z</time>
      </trkpt>
      <trkpt lat="55.471087" lon="13.133438">
        <ele>45.6</ele>
        <time>2025-05-12T08:57:24.886000Z</time>
      </trkpt>
      <trkpt lat="55.471179" lon="13.133423">
        <ele>45.6</ele>
        <time>2025-05-12T08:57:26.886000Z</time>
      </trkpt>
      <trkpt lat="55.47127" lon="13.133419">
        <ele>45.6</ele>
        <time>2025-05-12T08:57:28.886000Z</time>
      </trkpt>
      <trkpt lat="55.471401" lon="13.133422">
        <ele>45.5</ele>
        <time>2025-05-12T08:57:31.886000Z</time>
      </trkpt>
      <trkpt lat="55.471537" lon="13.13342">
        <ele>45.5</ele>
        <time>2025-05-12T08:57:34.886000Z</time>
      </trkpt>
      <trkpt lat="55.471633" lon="13.133398">
        <ele>45.5</ele>
        <time>2025-05-12T08:57:36.886000Z</time>
      </trkpt>
      <trkpt lat="55.471724" lon="13.133382">
        <ele>45.5</ele>
        <time>2025-05-12T08:57:38.886000Z</time>
      </trkpt>
      <trkpt lat="55.471815" lon="13.133342">
        <ele>45.5</ele>
        <time>2025-05-12T08:57:40.886000Z</time>
      </trkpt>
      <trkpt lat="55.471907" lon="13.133293">
        <ele>45.5</ele>
        <time>2025-05-12T08:57:42.886000Z</time>
      </trkpt>
      <trkpt lat="55.472" lon="13.133258">
        <ele>45.5</ele>
        <time>2025-05-12T08:57:44.886000Z</time>
      </trkpt>
      <trkpt lat="55.472118" lon="13.13316">
        <ele>45.4</ele>
        <time>2025-05-12T08:57:47.886000Z</time>
      </trkpt>
      <trkpt lat="55.472228" lon="13.133059">
        <ele>45.4</ele>
        <time>2025-05-12T08:57:50.886000Z</time>
      </trkpt>
      <trkpt lat="55.472328" lon="13.132961">
        <ele>45.4</ele>
        <time>2025-05-12T08:57:53.886000Z</time>
      </trkpt>
      <trkpt lat="55.472409" lon="13.132877">
        <ele>45.4</ele>
        <time>2025-05-12T08:57:56.886000Z</time>
      </trkpt>
      <trkpt lat="55.472492" lon="13.132769">
        <ele>45.4</ele>
        <time>2025-05-12T08:58:00.886000Z</time>
      </trkpt>
      <trkpt lat="55.472567" lon="13.132652">
        <ele>45.4</ele>
        <time>2025-05-12T08:58:05.886000Z</time>
      </trkpt>
      <trkpt lat="55.472654" lon="13.13253">
        <ele>45.3</ele>
        <time>2025-05-12T08:58:10.886000Z</time>
      </trkpt>
      <trkpt lat="55.47273" lon="13.132405">
        <ele>45.4</ele>
        <time>2025-05-12T08:58:14.886000Z</time>
      </trkpt>
      <trkpt lat="55.472811" lon="13.132299">
        <ele>45.4</ele>
        <time>2025-05-12T08:58:18.886000Z</time>
      </trkpt>
      <trkpt lat="55.472883" lon="13.132192">
        <ele>45.5</ele>
        <time>2025-05-12T08:58:22.886000Z</time>
      </trkpt>
      <trkpt lat="55.472968" lon="13.132082">
        <ele>45.6</ele>
        <time>2025-05-12T08:58:26.886000Z</time>
      </trkpt>
      <trkpt lat="55.473048" lon="13.131956">
        <ele>45.6</ele>
        <time>2025-05-12T08:58:30.886000Z</time>
      </trkpt>
      <trkpt lat="55.473137" lon="13.131838">
        <ele>45.7</ele>
        <time>2025-05-12T08:58:34.886000Z</time>
      </trkpt>
      <trkpt lat="55.473223" lon="13.131717">
        <ele>45.8</ele>
        <time>2025-05-12T08:58:38.886000Z</time>
      </trkpt>
      <trkpt lat="55.473318" lon="13.131617">
        <ele>45.9</ele>
        <time>2025-05-12T08:58:42.885000Z</time>
      </trkpt>
      <trkpt lat="55.473417" lon="13.13153">
        <ele>45.9</ele>
        <time>2025-05-12T08:58:46.885000Z</time>
      </trkpt>
      <trkpt lat="55.473519" lon="13.131457">
        <ele>46.0</ele>
        <time>2025-05-12T08:58:50.885000Z</time>
      </trkpt>
      <trkpt lat="55.473623" lon="13.131397">
        <ele>46.1</ele>
        <time>2025-05-12T08:58:54.885000Z</time>
      </trkpt>
      <trkpt lat="55.473706" lon="13.131333">
        <ele>46.2</ele>
        <time>2025-05-12T08:58:58.885000Z</time>
      </trkpt>
      <trkpt lat="55.47376" lon="13.131494">
        <ele>46.2</ele>
        <time>2025-05-12T08:59:01.885000Z</time>
      </trkpt>
      <trkpt lat="55.473801" lon="13.131683">
        <ele>46.3</ele>
        <time>2025-05-12T08:59:05.885000Z</time>
      </trkpt>
      <trkpt lat="55.473823" lon="13.131841">
        <ele>46.4</ele>
        <time>2025-05-12T08:59:08.885000Z</time>
      </trkpt>
      <trkpt lat="55.473847" lon="13.132045">
        <ele>46.5</ele>
        <time>2025-05-12T08:59:12.885000Z</time>
      </trkpt>
      <trkpt lat="55.473875" lon="13.132241">
        <ele>46.5</ele>
        <time>2025-05-12T08:59:16.885000Z</time>
      </trkpt>
      <trkpt lat="55.473899" lon="13.132429">
        <ele>46.6</ele>
        <time>2025-05-12T08:59:20.885000Z</time>
      </trkpt>
      <trkpt lat="55.473919" lon="13.132604">
        <ele>46.5</ele>
        <time>2025-05-12T08:59:24.885000Z</time>
      </trkpt>
      <trkpt lat="55.473926" lon="13.132778">
        <ele>46.4</ele>
        <time>2025-05-12T08:59:28.885000Z</time>
      </trkpt>
      <trkpt lat="55.474109" lon="13.133038">
        <ele>46.3</ele>
        <time>2025-05-12T08:59:35.884000Z</time>
      </trkpt>
      <trkpt lat="55.474212" lon="13.132975">
        <ele>46.2</ele>
        <time>2025-05-12T08:59:39.884000Z</time>
      </trkpt>
      <trkpt lat="55.474304" lon="13.132919">
        <ele>46.2</ele>
        <time>2025-05-12T08:59:42.884000Z</time>
      </trkpt>
      <trkpt lat="55.474392" lon="13.132867">
        <ele>46.1</ele>
        <time>2025-05-12T08:59:45.884000Z</time>
      </trkpt>
      <trkpt lat="55.474488" lon="13.132812">
        <ele>46.1</ele>
        <time>2025-05-12T08:59:48.884000Z</time>
      </trkpt>
      <trkpt lat="55.474569" lon="13.13274">
        <ele>46.0</ele>
        <time>2025-05-12T08:59:51.884000Z</time>
      </trkpt>
      <trkpt lat="55.474666" lon="13.132713">
        <ele>46.0</ele>
        <time>2025-05-12T08:59:54.884000Z</time>
      </trkpt>
      <trkpt lat="55.474758" lon="13.132666">
        <ele>45.9</ele>
        <time>2025-05-12T08:59:57.884000Z</time>
      </trkpt>
      <trkpt lat="55.474849" lon="13.132622">
        <ele>45.9</ele>
        <time>2025-05-12T09:00:00.884000Z</time>
      </trkpt>
      <trkpt lat="55.474949" lon="13.132563">
        <ele>45.8</ele>
        <time>2025-05-12T09:00:03.883000Z</time>
      </trkpt>
      <trkpt lat="55.47505" lon="13.132521">
        <ele>45.7</ele>
        <time>2025-05-12T09:00:06.884000Z</time>
      </trkpt>
      <trkpt lat="55.475146" lon="13.132479">
        <ele>45.7</ele>
        <time>2025-05-12T09:00:09.884000Z</time>
      </trkpt>
      <trkpt lat="55.475238" lon="13.132425">
        <ele>45.6</ele>
        <time>2025-05-12T09:00:12.884000Z</time>
      </trkpt>
      <trkpt lat="55.475339" lon="13.132362">
        <ele>45.6</ele>
        <time>2025-05-12T09:00:15.883000Z</time>
      </trkpt>
      <trkpt lat="55.475447" lon="13.132289">
        <ele>45.6</ele>
        <time>2025-05-12T09:00:18.883000Z</time>
      </trkpt>
      <trkpt lat="55.475559" lon="13.132212">
        <ele>45.7</ele>
        <time>2025-05-12T09:00:21.883000Z</time>
      </trkpt>
      <trkpt lat="55.475681" lon="13.132117">
        <ele>45.8</ele>
        <time>2025-05-12T09:00:24.883000Z</time>
      </trkpt>
      <trkpt lat="55.475763" lon="13.132049">
        <ele>45.8</ele>
        <time>2025-05-12T09:00:26.883000Z</time>
      </trkpt>
      <trkpt lat="55.475851" lon="13.131972">
        <ele>45.9</ele>
        <time>2025-05-12T09:00:28.883000Z</time>
      </trkpt>
      <trkpt lat="55.475929" lon="13.131877">
        <ele>45.9</ele>
        <time>2025-05-12T09:00:30.883000Z</time>
      </trkpt>
      <trkpt lat="55.476017" lon="13.131817">
        <ele>46.0</ele>
        <time>2025-05-12T09:00:32.883000Z</time>
      </trkpt>
      <trkpt lat="55.47613" lon="13.131706">
        <ele>46.1</ele>
        <time>2025-05-12T09:00:35.883000Z</time>
      </trkpt>
      <trkpt lat="55.47623" lon="13.131607">
        <ele>46.1</ele>
        <time>2025-05-12T09:00:38.883000Z</time>
      </trkpt>
      <trkpt lat="55.47632" lon="13.131486">
        <ele>46.2</ele>
        <time>2025-05-12T09:00:41.883000Z</time>
      </trkpt>
      <trkpt lat="55.476425" lon="13.131427">
        <ele>46.3</ele>
        <time>2025-05-12T09:00:44.883000Z</time>
      </trkpt>
      <trkpt lat="55.476508" lon="13.131331">
        <ele>46.3</ele>
        <time>2025-05-12T09:00:47.883000Z</time>
      </trkpt>
      <trkpt lat="55.476589" lon="13.131226">
        <ele>46.4</ele>
        <time>2025-05-12T09:00:50.883000Z</time>
      </trkpt>
      <trkpt lat="55.476695" lon="13.131151">
        <ele>46.4</ele>
        <time>2025-05-12T09:00:54.883000Z</time>
      </trkpt>
      <trkpt lat="55.476788" lon="13.131058">
        <ele>46.5</ele>
        <time>2025-05-12T09:00:58.883000Z</time>
      </trkpt>
      <trkpt lat="55.476873" lon="13.130973">
        <ele>46.6</ele>
        <time>2025-05-12T09:01:02.883000Z</time>
      </trkpt>
      <trkpt lat="55.47697" lon="13.130878">
        <ele>46.6</ele>
        <time>2025-05-12T09:01:06.882000Z</time>
      </trkpt>
      <trkpt lat="55.477065" lon="13.130785">
        <ele>46.7</ele>
        <time>2025-05-12T09:01:10.882000Z</time>
      </trkpt>
      <trkpt lat="55.477159" lon="13.130692">
        <ele>46.7</ele>
        <time>2025-05-12T09:01:14.882000Z</time>
      </trkpt>
      <trkpt lat="55.477244" lon="13.130609">
        <ele>46.7</ele>
        <time>2025-05-12T09:01:18.882000Z</time>
      </trkpt>
      <trkpt lat="55.477325" lon="13.130528">
        <ele>46.8</ele>
        <time>2025-05-12T09:01:22.882000Z</time>
      </trkpt>
      <trkpt lat="55.477412" lon="13.130443">
        <ele>46.8</ele>
        <time>2025-05-12T09:01:26.882000Z</time>
      </trkpt>
      <trkpt lat="55.477502" lon="13.130355">
        <ele>46.9</ele>
        <time>2025-05-12T09:01:30.882000Z</time>
      </trkpt>
      <trkpt lat="55.477595" lon="13.130265">
        <ele>46.9</ele>
        <time>2025-05-12T09:01:34.882000Z</time>
      </trkpt>
      <trkpt lat="55.477678" lon="13.130184">
        <ele>46.9</ele>
        <time>2025-05-12T09:01:38.882000Z</time>
      </trkpt>
      <trkpt lat="55.477769" lon="13.130098">
        <ele>47.0</ele>
        <time>2025-05-12T09:01:42.882000Z</time>
      </trkpt>
      <trkpt lat="55.477856" lon="13.130016">
        <ele>47.0</ele>
        <time>2025-05-12T09:01:46.882000Z</time>
      </trkpt>
      <trkpt lat="55.477942" lon="13.129935">
        <ele>47.0</ele>
        <time>2025-05-12T09:01:50.882000Z</time>
      </trkpt>
      <trkpt lat="55.478028" lon="13.129858">
        <ele>47.1</ele>
        <time>2025-05-12T09:01:54.881000Z</time>
      </trkpt>
      <trkpt lat="55.478113" lon="13.129782">
        <ele>47.1</ele>
        <time>2025-05-12T09:01:58.882000Z</time>
      </trkpt>
      <trkpt lat="55.478203" lon="13.129703">
        <ele>47.2</ele>
        <time>2025-05-12T09:02:03.881000Z</time>
      </trkpt>
      <trkpt lat="55.478287" lon="13.12964">
        <ele>47.2</ele>
        <time>2025-05-12T09:02:07.881000Z</time>
      </trkpt>
      <trkpt lat="55.478383" lon="13.129566">
        <ele>47.2</ele>
        <time>2025-05-12T09:02:11.881000Z</time>
      </trkpt>
      <trkpt lat="55.478479" lon="13.129492">
        <ele>47.3</ele>
        <time>2025-05-12T09:02:15.881000Z</time>
      </trkpt>
      <trkpt lat="55.478582" lon="13.12941">
        <ele>47.3</ele>
        <time>2025-05-12T09:02:19.881000Z</time>
      </trkpt>
      <trkpt lat="55.478665" lon="13.129345">
        <ele>47.2</ele>
        <time>2025-05-12T09:02:22.881000Z</time>
      </trkpt>
      <trkpt lat="55.478769" lon="13.129268">
        <ele>47.2</ele>
        <time>2025-05-12T09:02:26.881000Z</time>
      </trkpt>
      <trkpt lat="55.478855" lon="13.129207">
        <ele>47.1</ele>
        <time>2025-05-12T09:02:29.881000Z</time>
      </trkpt>
      <trkpt lat="55.47895" lon="13.129135">
        <ele>47.0</ele>
        <time>2025-05-12T09:02:32.880000Z</time>
      </trkpt>
      <trkpt lat="55.479052" lon="13.129058">
        <ele>47.0</ele>
        <time>2025-05-12T09:02:35.880000Z</time>
      </trkpt>
      <trkpt lat="55.479158" lon="13.128978">
        <ele>46.9</ele>
        <time>2025-05-12T09:02:38.880000Z</time>
      </trkpt>
      <trkpt lat="55.479271" lon="13.128893">
        <ele>46.8</ele>
        <time>2025-05-12T09:02:41.880000Z</time>
      </trkpt>
      <trkpt lat="55.479386" lon="13.128806">
        <ele>46.8</ele>
        <time>2025-05-12T09:02:44.880000Z</time>
      </trkpt>
      <trkpt lat="55.479502" lon="13.12872">
        <ele>46.7</ele>
        <time>2025-05-12T09:02:47.880000Z</time>
      </trkpt>
      <trkpt lat="55.479613" lon="13.128637">
        <ele>46.6</ele>
        <time>2025-05-12T09:02:50.880000Z</time>
      </trkpt>
      <trkpt lat="55.479726" lon="13.128552">
        <ele>46.5</ele>
        <time>2025-05-12T09:02:53.880000Z</time>
      </trkpt>
      <trkpt lat="55.479845" lon="13.128464">
        <ele>46.5</ele>
        <time>2025-05-12T09:02:56.880000Z</time>
      </trkpt>
      <trkpt lat="55.479964" lon="13.128374">
        <ele>46.4</ele>
        <time>2025-05-12T09:02:59.880000Z</time>
      </trkpt>
      <trkpt lat="55.480081" lon="13.128255">
        <ele>46.3</ele>
        <time>2025-05-12T09:03:02.880000Z</time>
      </trkpt>
      <trkpt lat="55.480191" lon="13.128212">
        <ele>46.2</ele>
        <time>2025-05-12T09:03:05.880000Z</time>
      </trkpt>
      <trkpt lat="55.480286" lon="13.128142">
        <ele>46.3</ele>
        <time>2025-05-12T09:03:08.880000Z</time>
      </trkpt>
      <trkpt lat="55.480386" lon="13.128072">
        <ele>46.4</ele>
        <time>2025-05-12T09:03:11.880000Z</time>
      </trkpt>
      <trkpt lat="55.480476" lon="13.127984">
        <ele>46.4</ele>
        <time>2025-05-12T09:03:14.880000Z</time>
      </trkpt>
      <trkpt lat="55.480572" lon="13.127921">
        <ele>46.5</ele>
        <time>2025-05-12T09:03:17.880000Z</time>
      </trkpt>
      <trkpt lat="55.480675" lon="13.127846">
        <ele>46.6</ele>
        <time>2025-05-12T09:03:20.880000Z</time>
      </trkpt>
      <trkpt lat="55.480783" lon="13.127764">
        <ele>46.6</ele>
        <time>2025-05-12T09:03:23.879000Z</time>
      </trkpt>
      <trkpt lat="55.480881" lon="13.127691">
        <ele>46.7</ele>
        <time>2025-05-12T09:03:26.879000Z</time>
      </trkpt>
      <trkpt lat="55.480977" lon="13.127621">
        <ele>46.8</ele>
        <time>2025-05-12T09:03:29.879000Z</time>
      </trkpt>
      <trkpt lat="55.481078" lon="13.127548">
        <ele>46.8</ele>
        <time>2025-05-12T09:03:32.879000Z</time>
      </trkpt>
      <trkpt lat="55.481175" lon="13.127477">
        <ele>46.9</ele>
        <time>2025-05-12T09:03:35.879000Z</time>
      </trkpt>
      <trkpt lat="55.48127" lon="13.127389">
        <ele>47.0</ele>
        <time>2025-05-12T09:03:39.879000Z</time>
      </trkpt>
      <trkpt lat="55.481372" lon="13.127334">
        <ele>47.0</ele>
        <time>2025-05-12T09:03:45.879000Z</time>
      </trkpt>
      <trkpt lat="55.481475" lon="13.12726">
        <ele>47.1</ele>
        <time>2025-05-12T09:03:48.879000Z</time>
      </trkpt>
      <trkpt lat="55.481575" lon="13.127189">
        <ele>47.2</ele>
        <time>2025-05-12T09:03:51.879000Z</time>
      </trkpt>
      <trkpt lat="55.481665" lon="13.127125">
        <ele>47.2</ele>
        <time>2025-05-12T09:03:55.879000Z</time>
      </trkpt>
      <trkpt lat="55.481769" lon="13.127051">
        <ele>47.3</ele>
        <time>2025-05-12T09:04:00.879000Z</time>
      </trkpt>
      <trkpt lat="55.481871" lon="13.126978">
        <ele>47.4</ele>
        <time>2025-05-12T09:04:05.879000Z</time>
      </trkpt>
      <trkpt lat="55.481971" lon="13.126907">
        <ele>47.4</ele>
        <time>2025-05-12T09:04:09.879000Z</time>
      </trkpt>
      <trkpt lat="55.482072" lon="13.126843">
        <ele>47.3</ele>
        <time>2025-05-12T09:04:13.879000Z</time>
      </trkpt>
      <trkpt lat="55.482173" lon="13.126776">
        <ele>47.3</ele>
        <time>2025-05-12T09:04:17.879000Z</time>
      </trkpt>
      <trkpt lat="55.482277" lon="13.126707">
        <ele>47.3</ele>
        <time>2025-05-12T09:04:22.879000Z</time>
      </trkpt>
      <trkpt lat="55.482368" lon="13.126619">
        <ele>47.3</ele>
        <time>2025-05-12T09:04:27.879000Z</time>
      </trkpt>
      <trkpt lat="55.482457" lon="13.126586">
        <ele>47.3</ele>
        <time>2025-05-12T09:04:31.879000Z</time>
      </trkpt>
      <trkpt lat="55.482537" lon="13.126511">
        <ele>47.3</ele>
        <time>2025-05-12T09:04:35.879000Z</time>
      </trkpt>
      <trkpt lat="55.482644" lon="13.126449">
        <ele>47.3</ele>
        <time>2025-05-12T09:04:39.878000Z</time>
      </trkpt>
      <trkpt lat="55.482752" lon="13.126394">
        <ele>47.3</ele>
        <time>2025-05-12T09:04:43.878000Z</time>
      </trkpt>
      <trkpt lat="55.48284" lon="13.126337">
        <ele>47.3</ele>
        <time>2025-05-12T09:04:46.878000Z</time>
      </trkpt>
      <trkpt lat="55.48293" lon="13.126278">
        <ele>47.3</ele>
        <time>2025-05-12T09:04:49.878000Z</time>
      </trkpt>
      <trkpt lat="55.483019" lon="13.12622">
        <ele>47.3</ele>
        <time>2025-05-12T09:04:52.878000Z</time>
      </trkpt>
      <trkpt lat="55.483111" lon="13.12616">
        <ele>47.3</ele>
        <time>2025-05-12T09:04:55.878000Z</time>
      </trkpt>
      <trkpt lat="55.483209" lon="13.126097">
        <ele>47.2</ele>
        <time>2025-05-12T09:04:58.878000Z</time>
      </trkpt>
      <trkpt lat="55.483308" lon="13.126032">
        <ele>47.2</ele>
        <time>2025-05-12T09:05:01.878000Z</time>
      </trkpt>
      <trkpt lat="55.483404" lon="13.125951">
        <ele>47.2</ele>
        <time>2025-05-12T09:05:04.878000Z</time>
      </trkpt>
      <trkpt lat="55.483503" lon="13.125887">
        <ele>47.2</ele>
        <time>2025-05-12T09:05:07.878000Z</time>
      </trkpt>
      <trkpt lat="55.483593" lon="13.125846">
        <ele>47.1</ele>
        <time>2025-05-12T09:05:10.878000Z</time>
      </trkpt>
      <trkpt lat="55.483691" lon="13.125768">
        <ele>47.0</ele>
        <time>2025-05-12T09:05:13.878000Z</time>
      </trkpt>
      <trkpt lat="55.483791" lon="13.125716">
        <ele>46.8</ele>
        <time>2025-05-12T09:05:16.878000Z</time>
      </trkpt>
      <trkpt lat="55.483894" lon="13.125646">
        <ele>46.7</ele>
        <time>2025-05-12T09:05:19.878000Z</time>
      </trkpt>
      <trkpt lat="55.483997" lon="13.125578">
        <ele>46.5</ele>
        <time>2025-05-12T09:05:22.878000Z</time>
      </trkpt>
      <trkpt lat="55.484101" lon="13.125509">
        <ele>46.3</ele>
        <time>2025-05-12T09:05:25.878000Z</time>
      </trkpt>
      <trkpt lat="55.484208" lon="13.125427">
        <ele>46.2</ele>
        <time>2025-05-12T09:05:28.878000Z</time>
      </trkpt>
      <trkpt lat="55.484311" lon="13.125352">
        <ele>46.0</ele>
        <time>2025-05-12T09:05:31.877000Z</time>
      </trkpt>
      <trkpt lat="55.48442" lon="13.125272">
        <ele>45.8</ele>
        <time>2025-05-12T09:05:34.877000Z</time>
      </trkpt>
      <trkpt lat="55.484532" lon="13.125189">
        <ele>45.6</ele>
        <time>2025-05-12T09:05:37.877000Z</time>
      </trkpt>
      <trkpt lat="55.484649" lon="13.125093">
        <ele>45.4</ele>
        <time>2025-05-12T09:05:40.877000Z</time>
      </trkpt>
      <trkpt lat="55.484737" lon="13.125021">
        <ele>45.3</ele>
        <time>2025-05-12T09:05:42.877000Z</time>
      </trkpt>
      <trkpt lat="55.484829" lon="13.124947">
        <ele>45.1</ele>
        <time>2025-05-12T09:05:44.877000Z</time>
      </trkpt>
      <trkpt lat="55.484927" lon="13.124862">
        <ele>45.0</ele>
        <time>2025-05-12T09:05:46.877000Z</time>
      </trkpt>
      <trkpt lat="55.485031" lon="13.12477">
        <ele>44.8</ele>
        <time>2025-05-12T09:05:48.877000Z</time>
      </trkpt>
      <trkpt lat="55.485133" lon="13.12468">
        <ele>44.6</ele>
        <time>2025-05-12T09:05:50.877000Z</time>
      </trkpt>
      <trkpt lat="55.485233" lon="13.124584">
        <ele>44.5</ele>
        <time>2025-05-12T09:05:52.877000Z</time>
      </trkpt>
      <trkpt lat="55.48533" lon="13.124489">
        <ele>44.5</ele>
        <time>2025-05-12T09:05:54.877000Z</time>
      </trkpt>
      <trkpt lat="55.485427" lon="13.124393">
        <ele>44.4</ele>
        <time>2025-05-12T09:05:56.877000Z</time>
      </trkpt>
      <trkpt lat="55.485523" lon="13.124299">
        <ele>44.4</ele>
        <time>2025-05-12T09:05:58.877000Z</time>
      </trkpt>
      <trkpt lat="55.485613" lon="13.124207">
        <ele>44.3</ele>
        <time>2025-05-12T09:06:00.877000Z</time>
      </trkpt>
      <trkpt lat="55.485704" lon="13.124113">
        <ele>44.3</ele>
        <time>2025-05-12T09:06:02.877000Z</time>
      </trkpt>
      <trkpt lat="55.485793" lon="13.124021">
        <ele>44.2</ele>
        <time>2025-05-12T09:06:04.877000Z</time>
      </trkpt>
      <trkpt lat="55.48588" lon="13.123932">
        <ele>44.2</ele>
        <time>2025-05-12T09:06:06.877000Z</time>
      </trkpt>
      <trkpt lat="55.485972" lon="13.123838">
        <ele>44.2</ele>
        <time>2025-05-12T09:06:08.877000Z</time>
      </trkpt>
      <trkpt lat="55.486065" lon="13.123741">
        <ele>44.1</ele>
        <time>2025-05-12T09:06:10.877000Z</time>
      </trkpt>
      <trkpt lat="55.48616" lon="13.123643">
        <ele>44.1</ele>
        <time>2025-05-12T09:06:12.877000Z</time>
      </trkpt>
      <trkpt lat="55.486255" lon="13.123544">
        <ele>44.0</ele>
        <time>2025-05-12T09:06:14.877000Z</time>
      </trkpt>
      <trkpt lat="55.48635" lon="13.123445">
        <ele>44.0</ele>
        <time>2025-05-12T09:06:16.876000Z</time>
      </trkpt>
      <trkpt lat="55.486443" lon="13.123348">
        <ele>43.9</ele>
        <time>2025-05-12T09:06:18.877000Z</time>
      </trkpt>
      <trkpt lat="55.486535" lon="13.123252">
        <ele>43.9</ele>
        <time>2025-05-12T09:06:20.877000Z</time>
      </trkpt>
      <trkpt lat="55.486621" lon="13.123163">
        <ele>43.9</ele>
        <time>2025-05-12T09:06:22.877000Z</time>
      </trkpt>
      <trkpt lat="55.486705" lon="13.123075">
        <ele>43.8</ele>
        <time>2025-05-12T09:06:24.877000Z</time>
      </trkpt>
      <trkpt lat="55.486788" lon="13.122989">
        <ele>43.8</ele>
        <time>2025-05-12T09:06:26.877000Z</time>
      </trkpt>
      <trkpt lat="55.486866" lon="13.122907">
        <ele>43.9</ele>
        <time>2025-05-12T09:06:28.877000Z</time>
      </trkpt>
      <trkpt lat="55.486946" lon="13.122824">
        <ele>43.9</ele>
        <time>2025-05-12T09:06:30.877000Z</time>
      </trkpt>
      <trkpt lat="55.487027" lon="13.122739">
        <ele>43.9</ele>
        <time>2025-05-12T09:06:32.877000Z</time>
      </trkpt>
      <trkpt lat="55.487139" lon="13.122621">
        <ele>44.0</ele>
        <time>2025-05-12T09:06:35.877000Z</time>
      </trkpt>
      <trkpt lat="55.487249" lon="13.122505">
        <ele>44.1</ele>
        <time>2025-05-12T09:06:38.877000Z</time>
      </trkpt>
      <trkpt lat="55.487363" lon="13.122387">
        <ele>44.1</ele>
        <time>2025-05-12T09:06:41.876000Z</time>
      </trkpt>
      <trkpt lat="55.487472" lon="13.122273">
        <ele>44.2</ele>
        <time>2025-05-12T09:06:44.876000Z</time>
      </trkpt>
      <trkpt lat="55.487572" lon="13.12217">
        <ele>44.2</ele>
        <time>2025-05-12T09:06:47.876000Z</time>
      </trkpt>
      <trkpt lat="55.487666" lon="13.122071">
        <ele>44.3</ele>
        <time>2025-05-12T09:06:50.876000Z</time>
      </trkpt>
      <trkpt lat="55.48776" lon="13.121973">
        <ele>44.3</ele>
        <time>2025-05-12T09:06:53.876000Z</time>
      </trkpt>
      <trkpt lat="55.487841" lon="13.121888">
        <ele>44.4</ele>
        <time>2025-05-12T09:06:56.876000Z</time>
      </trkpt>
      <trkpt lat="55.487932" lon="13.121794">
        <ele>44.4</ele>
        <time>2025-05-12T09:06:59.876000Z</time>
      </trkpt>
      <trkpt lat="55.488014" lon="13.121707">
        <ele>44.5</ele>
        <time>2025-05-12T09:07:02.876000Z</time>
      </trkpt>
      <trkpt lat="55.488254" lon="13.120721">
        <ele>44.4</ele>
        <time>2025-05-12T09:07:22.876000Z</time>
      </trkpt>
      <trkpt lat="55.488248" lon="13.12054">
        <ele>44.3</ele>
        <time>2025-05-12T09:07:25.876000Z</time>
      </trkpt>
      <trkpt lat="55.488246" lon="13.120328">
        <ele>44.2</ele>
        <time>2025-05-12T09:07:28.876000Z</time>
      </trkpt>
      <trkpt lat="55.488242" lon="13.120118">
        <ele>44.1</ele>
        <time>2025-05-12T09:07:31.875000Z</time>
      </trkpt>
      <trkpt lat="55.488241" lon="13.11994">
        <ele>44.0</ele>
        <time>2025-05-12T09:07:34.875000Z</time>
      </trkpt>
      <trkpt lat="55.488266" lon="13.119754">
        <ele>43.9</ele>
        <time>2025-05-12T09:07:37.875000Z</time>
      </trkpt>
      <trkpt lat="55.488297" lon="13.11955">
        <ele>43.7</ele>
        <time>2025-05-12T09:07:40.875000Z</time>
      </trkpt>
      <trkpt lat="55.488341" lon="13.119371">
        <ele>43.6</ele>
        <time>2025-05-12T09:07:43.875000Z</time>
      </trkpt>
      <trkpt lat="55.48842" lon="13.11921">
        <ele>43.5</ele>
        <time>2025-05-12T09:07:45.875000Z</time>
      </trkpt>
      <trkpt lat="55.488486" lon="13.119046">
        <ele>43.4</ele>
        <time>2025-05-12T09:07:47.875000Z</time>
      </trkpt>
      <trkpt lat="55.48854" lon="13.118904">
        <ele>43.3</ele>
        <time>2025-05-12T09:07:49.875000Z</time>
      </trkpt>
      <trkpt lat="55.488604" lon="13.118784">
        <ele>43.2</ele>
        <time>2025-05-12T09:07:51.875000Z</time>
      </trkpt>
      <trkpt lat="55.488695" lon="13.118623">
        <ele>43.1</ele>
        <time>2025-05-12T09:07:54.875000Z</time>
      </trkpt>
      <trkpt lat="55.488781" lon="13.118462">
        <ele>43.0</ele>
        <time>2025-05-12T09:07:57.875000Z</time>
      </trkpt>
      <trkpt lat="55.488857" lon="13.118308">
        <ele>42.9</ele>
        <time>2025-05-12T09:08:00.875000Z</time>
      </trkpt>
      <trkpt lat="55.488929" lon="13.118148">
        <ele>43.0</ele>
        <time>2025-05-12T09:08:03.875000Z</time>
      </trkpt>
      <trkpt lat="55.488993" lon="13.117989">
        <ele>43.0</ele>
        <time>2025-05-12T09:08:06.875000Z</time>
      </trkpt>
      <trkpt lat="55.489069" lon="13.117854">
        <ele>43.0</ele>
        <time>2025-05-12T09:08:09.875000Z</time>
      </trkpt>
      <trkpt lat="55.489127" lon="13.117708">
        <ele>43.0</ele>
        <time>2025-05-12T09:08:12.875000Z</time>
      </trkpt>
      <trkpt lat="55.489173" lon="13.117571">
        <ele>43.0</ele>
        <time>2025-05-12T09:08:15.875000Z</time>
      </trkpt>
      <trkpt lat="55.48922" lon="13.117434">
        <ele>43.0</ele>
        <time>2025-05-12T09:08:18.874000Z</time>
      </trkpt>
      <trkpt lat="55.489275" lon="13.117256">
        <ele>43.0</ele>
        <time>2025-05-12T09:08:22.874000Z</time>
      </trkpt>
      <trkpt lat="55.489337" lon="13.117103">
        <ele>43.0</ele>
        <time>2025-05-12T09:08:26.874000Z</time>
      </trkpt>
      <trkpt lat="55.4894" lon="13.116958">
        <ele>43.0</ele>
        <time>2025-05-12T09:08:30.874000Z</time>
      </trkpt>
      <trkpt lat="55.489459" lon="13.116833">
        <ele>43.0</ele>
        <time>2025-05-12T09:08:33.874000Z</time>
      </trkpt>
      <trkpt lat="55.489553" lon="13.116745">
        <ele>43.0</ele>
        <time>2025-05-12T09:08:36.874000Z</time>
      </trkpt>
      <trkpt lat="55.489631" lon="13.116664">
        <ele>43.1</ele>
        <time>2025-05-12T09:08:38.874000Z</time>
      </trkpt>
      <trkpt lat="55.489741" lon="13.116549">
        <ele>43.1</ele>
        <time>2025-05-12T09:08:41.874000Z</time>
      </trkpt>
      <trkpt lat="55.489853" lon="13.116449">
        <ele>43.1</ele>
        <time>2025-05-12T09:08:44.874000Z</time>
      </trkpt>
      <trkpt lat="55.489939" lon="13.116381">
        <ele>43.1</ele>
        <time>2025-05-12T09:08:47.874000Z</time>
      </trkpt>
      <trkpt lat="55.49003" lon="13.116285">
        <ele>43.1</ele>
        <time>2025-05-12T09:08:50.874000Z</time>
      </trkpt>
      <trkpt lat="55.490113" lon="13.116195">
        <ele>43.1</ele>
        <time>2025-05-12T09:08:53.874000Z</time>
      </trkpt>
      <trkpt lat="55.490198" lon="13.116094">
        <ele>43.0</ele>
        <time>2025-05-12T09:08:56.874000Z</time>
      </trkpt>
      <trkpt lat="55.490286" lon="13.116005">
        <ele>42.9</ele>
        <time>2025-05-12T09:08:59.874000Z</time>
      </trkpt>
      <trkpt lat="55.490381" lon="13.115888">
        <ele>42.8</ele>
        <time>2025-05-12T09:09:02.873000Z</time>
      </trkpt>
      <trkpt lat="55.490464" lon="13.115789">
        <ele>42.7</ele>
        <time>2025-05-12T09:09:05.873000Z</time>
      </trkpt>
      <trkpt lat="55.490534" lon="13.115676">
        <ele>42.6</ele>
        <time>2025-05-12T09:09:08.873000Z</time>
      </trkpt>
      <trkpt lat="55.490621" lon="13.115535">
        <ele>42.4</ele>
        <time>2025-05-12T09:09:12.863000Z</time>
      </trkpt>
      <trkpt lat="55.490716" lon="13.115396">
        <ele>42.3</ele>
        <time>2025-05-12T09:09:16.855000Z</time>
      </trkpt>
      <trkpt lat="55.490807" lon="13.115262">
        <ele>42.2</ele>
        <time>2025-05-12T09:09:20.848000Z</time>
      </trkpt>
      <trkpt lat="55.490866" lon="13.115135">
        <ele>42.1</ele>
        <time>2025-05-12T09:09:23.845000Z</time>
      </trkpt>
      <trkpt lat="55.490936" lon="13.115032">
        <ele>42.0</ele>
        <time>2025-05-12T09:09:27.841000Z</time>
      </trkpt>
      <trkpt lat="55.491013" lon="13.114906">
        <ele>41.9</ele>
        <time>2025-05-12T09:09:32.837000Z</time>
      </trkpt>
      <trkpt lat="55.491089" lon="13.114769">
        <ele>41.8</ele>
        <time>2025-05-12T09:09:37.834000Z</time>
      </trkpt>
      <trkpt lat="55.491169" lon="13.114675">
        <ele>41.7</ele>
        <time>2025-05-12T09:09:41.833000Z</time>
      </trkpt>
      <trkpt lat="55.491231" lon="13.114558">
        <ele>41.6</ele>
        <time>2025-05-12T09:09:44.832000Z</time>
      </trkpt>
      <trkpt lat="55.491308" lon="13.114441">
        <ele>41.5</ele>
        <time>2025-05-12T09:09:47.831000Z</time>
      </trkpt>
      <trkpt lat="55.491402" lon="13.114331">
        <ele>41.4</ele>
        <time>2025-05-12T09:09:50.830000Z</time>
      </trkpt>
      <trkpt lat="55.491497" lon="13.114233">
        <ele>41.3</ele>
        <time>2025-05-12T09:09:53.829000Z</time>
      </trkpt>
      <trkpt lat="55.491582" lon="13.114138">
        <ele>41.3</ele>
        <time>2025-05-12T09:09:56.829000Z</time>
      </trkpt>
      <trkpt lat="55.491671" lon="13.114051">
        <ele>41.2</ele>
        <time>2025-05-12T09:09:59.828000Z</time>
      </trkpt>
      <trkpt lat="55.491757" lon="13.11399">
        <ele>41.2</ele>
        <time>2025-05-12T09:10:02.828000Z</time>
      </trkpt>
      <trkpt lat="55.491855" lon="13.113881">
        <ele>41.1</ele>
        <time>2025-05-12T09:10:05.828000Z</time>
      </trkpt>
      <trkpt lat="55.491954" lon="13.113811">
        <ele>41.0</ele>
        <time>2025-05-12T09:10:08.827000Z</time>
      </trkpt>
      <trkpt lat="55.492065" lon="13.11374">
        <ele>40.9</ele>
        <time>2025-05-12T09:10:11.827000Z</time>
      </trkpt>
      <trkpt lat="55.492181" lon="13.113669">
        <ele>40.9</ele>
        <time>2025-05-12T09:10:14.827000Z</time>
      </trkpt>
      <trkpt lat="55.492278" lon="13.113568">
        <ele>40.8</ele>
        <time>2025-05-12T09:10:17.827000Z</time>
      </trkpt>
      <trkpt lat="55.492388" lon="13.113482">
        <ele>40.7</ele>
        <time>2025-05-12T09:10:21.826000Z</time>
      </trkpt>
      <trkpt lat="55.492482" lon="13.113417">
        <ele>40.6</ele>
        <time>2025-05-12T09:10:24.826000Z</time>
      </trkpt>
      <trkpt lat="55.492581" lon="13.11335">
        <ele>40.6</ele>
        <time>2025-05-12T09:10:27.827000Z</time>
      </trkpt>
      <trkpt lat="55.492693" lon="13.113266">
        <ele>40.5</ele>
        <time>2025-05-12T09:10:30.826000Z</time>
      </trkpt>
      <trkpt lat="55.4928" lon="13.11322">
        <ele>40.4</ele>
        <time>2025-05-12T09:10:34.826000Z</time>
      </trkpt>
      <trkpt lat="55.492899" lon="13.113254">
        <ele>40.4</ele>
        <time>2025-05-12T09:10:37.826000Z</time>
      </trkpt>
      <trkpt lat="55.49299" lon="13.113305">
        <ele>40.3</ele>
        <time>2025-05-12T09:10:40.826000Z</time>
      </trkpt>
      <trkpt lat="55.493156" lon="13.11324">
        <ele>40.2</ele>
        <time>2025-05-12T09:10:41.826000Z</time>
      </trkpt>
      <trkpt lat="55.493258" lon="13.113092">
        <ele>40.3</ele>
        <time>2025-05-12T09:10:44.826000Z</time>
      </trkpt>
      <trkpt lat="55.493358" lon="13.112946">
        <ele>40.4</ele>
        <time>2025-05-12T09:10:47.826000Z</time>
      </trkpt>
      <trkpt lat="55.493457" lon="13.11281">
        <ele>40.5</ele>
        <time>2025-05-12T09:10:50.826000Z</time>
      </trkpt>
      <trkpt lat="55.49353" lon="13.112711">
        <ele>40.6</ele>
        <time>2025-05-12T09:10:52.826000Z</time>
      </trkpt>
      <trkpt lat="55.493607" lon="13.112607">
        <ele>40.6</ele>
        <time>2025-05-12T09:10:54.826000Z</time>
      </trkpt>
      <trkpt lat="55.493691" lon="13.112499">
        <ele>40.7</ele>
        <time>2025-05-12T09:10:56.825000Z</time>
      </trkpt>
      <trkpt lat="55.493782" lon="13.112382">
        <ele>40.8</ele>
        <time>2025-05-12T09:10:58.825000Z</time>
      </trkpt>
      <trkpt lat="55.493877" lon="13.112262">
        <ele>40.9</ele>
        <time>2025-05-12T09:11:00.825000Z</time>
      </trkpt>
      <trkpt lat="55.493974" lon="13.112144">
        <ele>41.0</ele>
        <time>2025-05-12T09:11:02.825000Z</time>
      </trkpt>
      <trkpt lat="55.494072" lon="13.112024">
        <ele>41.0</ele>
        <time>2025-05-12T09:11:04.825000Z</time>
      </trkpt>
      <trkpt lat="55.494165" lon="13.111912">
        <ele>41.1</ele>
        <time>2025-05-12T09:11:06.825000Z</time>
      </trkpt>
      <trkpt lat="55.494261" lon="13.111804">
        <ele>41.2</ele>
        <time>2025-05-12T09:11:08.825000Z</time>
      </trkpt>
      <trkpt lat="55.494355" lon="13.111696">
        <ele>41.3</ele>
        <time>2025-05-12T09:11:10.825000Z</time>
      </trkpt>
      <trkpt lat="55.494436" lon="13.111602">
        <ele>41.4</ele>
        <time>2025-05-12T09:11:12.825000Z</time>
      </trkpt>
      <trkpt lat="55.494517" lon="13.11151">
        <ele>41.4</ele>
        <time>2025-05-12T09:11:15.825000Z</time>
      </trkpt>
      <trkpt lat="55.494604" lon="13.111409">
        <ele>41.5</ele>
        <time>2025-05-12T09:11:21.825000Z</time>
      </trkpt>
      <trkpt lat="55.494687" lon="13.111314">
        <ele>41.5</ele>
        <time>2025-05-12T09:11:25.825000Z</time>
      </trkpt>
      <trkpt lat="55.494776" lon="13.111215">
        <ele>41.5</ele>
        <time>2025-05-12T09:11:28.825000Z</time>
      </trkpt>
      <trkpt lat="55.494872" lon="13.111107">
        <ele>41.5</ele>
        <time>2025-05-12T09:11:32.824000Z</time>
      </trkpt>
      <trkpt lat="55.494957" lon="13.111012">
        <ele>41.5</ele>
        <time>2025-05-12T09:11:36.824000Z</time>
      </trkpt>
      <trkpt lat="55.495027" lon="13.11091">
        <ele>41.5</ele>
        <time>2025-05-12T09:11:39.824000Z</time>
      </trkpt>
      <trkpt lat="55.495112" lon="13.110853">
        <ele>41.5</ele>
        <time>2025-05-12T09:11:42.824000Z</time>
      </trkpt>
      <trkpt lat="55.495178" lon="13.110738">
        <ele>41.5</ele>
        <time>2025-05-12T09:11:45.824000Z</time>
      </trkpt>
      <trkpt lat="55.495265" lon="13.110672">
        <ele>41.4</ele>
        <time>2025-05-12T09:11:48.824000Z</time>
      </trkpt>
      <trkpt lat="55.495366" lon="13.110565">
        <ele>41.4</ele>
        <time>2025-05-12T09:11:52.824000Z</time>
      </trkpt>
      <trkpt lat="55.495447" lon="13.110451">
        <ele>41.4</ele>
        <time>2025-05-12T09:11:56.824000Z</time>
      </trkpt>
      <trkpt lat="55.495526" lon="13.110365">
        <ele>41.4</ele>
        <time>2025-05-12T09:12:01.824000Z</time>
      </trkpt>
      <trkpt lat="55.495604" lon="13.110282">
        <ele>41.4</ele>
        <time>2025-05-12T09:12:06.824000Z</time>
      </trkpt>
      <trkpt lat="55.495681" lon="13.110196">
        <ele>41.4</ele>
        <time>2025-05-12T09:12:10.824000Z</time>
      </trkpt>
      <trkpt lat="55.495773" lon="13.110095">
        <ele>41.4</ele>
        <time>2025-05-12T09:12:14.824000Z</time>
      </trkpt>
      <trkpt lat="55.49587" lon="13.109988">
        <ele>41.4</ele>
        <time>2025-05-12T09:12:18.824000Z</time>
      </trkpt>
      <trkpt lat="55.495971" lon="13.109876">
        <ele>41.4</ele>
        <time>2025-05-12T09:12:21.823000Z</time>
      </trkpt>
      <trkpt lat="55.496074" lon="13.109762">
        <ele>41.4</ele>
        <time>2025-05-12T09:12:24.823000Z</time>
      </trkpt>
      <trkpt lat="55.496163" lon="13.109664">
        <ele>41.3</ele>
        <time>2025-05-12T09:12:27.824000Z</time>
      </trkpt>
      <trkpt lat="55.496254" lon="13.109564">
        <ele>41.2</ele>
        <time>2025-05-12T09:12:31.823000Z</time>
      </trkpt>
      <trkpt lat="55.496352" lon="13.109451">
        <ele>41.1</ele>
        <time>2025-05-12T09:12:35.823000Z</time>
      </trkpt>
      <trkpt lat="55.496432" lon="13.109363">
        <ele>41.0</ele>
        <time>2025-05-12T09:12:38.823000Z</time>
      </trkpt>
      <trkpt lat="55.496519" lon="13.109265">
        <ele>40.9</ele>
        <time>2025-05-12T09:12:42.823000Z</time>
      </trkpt>
      <trkpt lat="55.496617" lon="13.109154">
        <ele>40.8</ele>
        <time>2025-05-12T09:12:47.823000Z</time>
      </trkpt>
      <trkpt lat="55.496698" lon="13.109064">
        <ele>40.7</ele>
        <time>2025-05-12T09:12:50.823000Z</time>
      </trkpt>
      <trkpt lat="55.496788" lon="13.108963">
        <ele>40.6</ele>
        <time>2025-05-12T09:12:53.823000Z</time>
      </trkpt>
      <trkpt lat="55.496867" lon="13.108875">
        <ele>40.5</ele>
        <time>2025-05-12T09:12:56.823000Z</time>
      </trkpt>
      <trkpt lat="55.49721" lon="13.108491">
        <ele>40.0</ele>
        <time>2025-05-12T09:18:22.814000Z</time>
      </trkpt>
      <trkpt lat="55.497297" lon="13.108394">
        <ele>39.9</ele>
        <time>2025-05-12T09:18:26.814000Z</time>
      </trkpt>
      <trkpt lat="55.497378" lon="13.108303">
        <ele>39.8</ele>
        <time>2025-05-12T09:18:30.814000Z</time>
      </trkpt>
      <trkpt lat="55.497468" lon="13.108202">
        <ele>39.7</ele>
        <time>2025-05-12T09:18:34.814000Z</time>
      </trkpt>
      <trkpt lat="55.497556" lon="13.108103">
        <ele>39.6</ele>
        <time>2025-05-12T09:18:38.814000Z</time>
      </trkpt>
      <trkpt lat="55.49765" lon="13.107998">
        <ele>39.5</ele>
        <time>2025-05-12T09:18:43.813000Z</time>
      </trkpt>
      <trkpt lat="55.497733" lon="13.107905">
        <ele>39.4</ele>
        <time>2025-05-12T09:18:47.813000Z</time>
      </trkpt>
      <trkpt lat="55.49781" lon="13.107818">
        <ele>39.3</ele>
        <time>2025-05-12T09:18:50.813000Z</time>
      </trkpt>
      <trkpt lat="55.497889" lon="13.107728">
        <ele>39.2</ele>
        <time>2025-05-12T09:18:53.813000Z</time>
      </trkpt>
      <trkpt lat="55.497972" lon="13.107633">
        <ele>39.1</ele>
        <time>2025-05-12T09:18:56.813000Z</time>
      </trkpt>
      <trkpt lat="55.498074" lon="13.107519">
        <ele>38.9</ele>
        <time>2025-05-12T09:18:59.813000Z</time>
      </trkpt>
      <trkpt lat="55.498151" lon="13.107433">
        <ele>38.8</ele>
        <time>2025-05-12T09:19:01.813000Z</time>
      </trkpt>
      <trkpt lat="55.498238" lon="13.107301">
        <ele>38.7</ele>
        <time>2025-05-12T09:19:04.813000Z</time>
      </trkpt>
      <trkpt lat="55.498346" lon="13.107212">
        <ele>38.5</ele>
        <time>2025-05-12T09:19:07.813000Z</time>
      </trkpt>
      <trkpt lat="55.498451" lon="13.107093">
        <ele>38.4</ele>
        <time>2025-05-12T09:19:10.813000Z</time>
      </trkpt>
      <trkpt lat="55.498568" lon="13.106968">
        <ele>38.2</ele>
        <time>2025-05-12T09:19:13.813000Z</time>
      </trkpt>
      <trkpt lat="55.498655" lon="13.106875">
        <ele>38.1</ele>
        <time>2025-05-12T09:19:15.813000Z</time>
      </trkpt>
      <trkpt lat="55.498742" lon="13.106783">
        <ele>38.0</ele>
        <time>2025-05-12T09:19:17.813000Z</time>
      </trkpt>
      <trkpt lat="55.498826" lon="13.106692">
        <ele>37.9</ele>
        <time>2025-05-12T09:19:19.813000Z</time>
      </trkpt>
      <trkpt lat="55.498905" lon="13.106608">
        <ele>37.8</ele>
        <time>2025-05-12T09:19:21.813000Z</time>
      </trkpt>
      <trkpt lat="55.499017" lon="13.106489">
        <ele>37.6</ele>
        <time>2025-05-12T09:19:24.813000Z</time>
      </trkpt>
      <trkpt lat="55.499117" lon="13.106383">
        <ele>37.5</ele>
        <time>2025-05-12T09:19:27.812000Z</time>
      </trkpt>
      <trkpt lat="55.499206" lon="13.106287">
        <ele>37.4</ele>
        <time>2025-05-12T09:19:30.812000Z</time>
      </trkpt>
      <trkpt lat="55.499294" lon="13.106197">
        <ele>37.4</ele>
        <time>2025-05-12T09:19:33.812000Z</time>
      </trkpt>
      <trkpt lat="55.499383" lon="13.106104">
        <ele>37.5</ele>
        <time>2025-05-12T09:19:36.812000Z</time>
      </trkpt>
      <trkpt lat="55.499463" lon="13.106021">
        <ele>37.5</ele>
        <time>2025-05-12T09:19:39.812000Z</time>
      </trkpt>
      <trkpt lat="55.499563" lon="13.105917">
        <ele>37.5</ele>
        <time>2025-05-12T09:19:43.812000Z</time>
      </trkpt>
      <trkpt lat="55.499647" lon="13.10583">
        <ele>37.5</ele>
        <time>2025-05-12T09:19:46.812000Z</time>
      </trkpt>
      <trkpt lat="55.499725" lon="13.105748">
        <ele>37.5</ele>
        <time>2025-05-12T09:19:49.812000Z</time>
      </trkpt>
      <trkpt lat="55.499814" lon="13.105658">
        <ele>37.5</ele>
        <time>2025-05-12T09:19:52.812000Z</time>
      </trkpt>
      <trkpt lat="55.499913" lon="13.105559">
        <ele>37.5</ele>
        <time>2025-05-12T09:19:55.812000Z</time>
      </trkpt>
      <trkpt lat="55.500003" lon="13.105468">
        <ele>37.5</ele>
        <time>2025-05-12T09:19:58.812000Z</time>
      </trkpt>
      <trkpt lat="55.500091" lon="13.105382">
        <ele>37.6</ele>
        <time>2025-05-12T09:20:01.812000Z</time>
      </trkpt>
      <trkpt lat="55.50018" lon="13.105298">
        <ele>37.6</ele>
        <time>2025-05-12T09:20:04.811000Z</time>
      </trkpt>
      <trkpt lat="55.500269" lon="13.105215">
        <ele>37.6</ele>
        <time>2025-05-12T09:20:07.811000Z</time>
      </trkpt>
      <trkpt lat="55.500359" lon="13.105131">
        <ele>37.6</ele>
        <time>2025-05-12T09:20:10.811000Z</time>
      </trkpt>
      <trkpt lat="55.500461" lon="13.105035">
        <ele>37.6</ele>
        <time>2025-05-12T09:20:13.811000Z</time>
      </trkpt>
      <trkpt lat="55.500561" lon="13.104941">
        <ele>37.6</ele>
        <time>2025-05-12T09:20:16.811000Z</time>
      </trkpt>
      <trkpt lat="55.50066" lon="13.104848">
        <ele>37.6</ele>
        <time>2025-05-12T09:20:19.811000Z</time>
      </trkpt>
      <trkpt lat="55.500756" lon="13.104758">
        <ele>37.6</ele>
        <time>2025-05-12T09:20:22.811000Z</time>
      </trkpt>
      <trkpt lat="55.500863" lon="13.104681">
        <ele>37.5</ele>
        <time>2025-05-12T09:20:25.811000Z</time>
      </trkpt>
      <trkpt lat="55.500983" lon="13.10458">
        <ele>37.4</ele>
        <time>2025-05-12T09:20:28.811000Z</time>
      </trkpt>
      <trkpt lat="55.501066" lon="13.104511">
        <ele>37.3</ele>
        <time>2025-05-12T09:20:30.811000Z</time>
      </trkpt>
      <trkpt lat="55.50118" lon="13.104416">
        <ele>37.2</ele>
        <time>2025-05-12T09:20:33.811000Z</time>
      </trkpt>
      <trkpt lat="55.501298" lon="13.104325">
        <ele>37.1</ele>
        <time>2025-05-12T09:20:36.811000Z</time>
      </trkpt>
      <trkpt lat="55.501386" lon="13.104255">
        <ele>37.0</ele>
        <time>2025-05-12T09:20:38.811000Z</time>
      </trkpt>
      <trkpt lat="55.501475" lon="13.104185">
        <ele>36.9</ele>
        <time>2025-05-12T09:20:40.810000Z</time>
      </trkpt>
      <trkpt lat="55.501572" lon="13.104108">
        <ele>36.8</ele>
        <time>2025-05-12T09:20:42.810000Z</time>
      </trkpt>
      <trkpt lat="55.501667" lon="13.104033">
        <ele>36.7</ele>
        <time>2025-05-12T09:20:44.810000Z</time>
      </trkpt>
      <trkpt lat="55.501761" lon="13.103959">
        <ele>36.7</ele>
        <time>2025-05-12T09:20:46.810000Z</time>
      </trkpt>
      <trkpt lat="55.501854" lon="13.103887">
        <ele>36.6</ele>
        <time>2025-05-12T09:20:48.810000Z</time>
      </trkpt>
      <trkpt lat="55.501948" lon="13.103816">
        <ele>36.5</ele>
        <time>2025-05-12T09:20:50.810000Z</time>
      </trkpt>
      <trkpt lat="55.502042" lon="13.103744">
        <ele>36.4</ele>
        <time>2025-05-12T09:20:52.810000Z</time>
      </trkpt>
      <trkpt lat="55.50214" lon="13.103669">
        <ele>36.3</ele>
        <time>2025-05-12T09:20:54.810000Z</time>
      </trkpt>
      <trkpt lat="55.502232" lon="13.103599">
        <ele>36.2</ele>
        <time>2025-05-12T09:20:56.810000Z</time>
      </trkpt>
      <trkpt lat="55.502323" lon="13.10353">
        <ele>36.1</ele>
        <time>2025-05-12T09:20:58.810000Z</time>
      </trkpt>
      <trkpt lat="55.502413" lon="13.103461">
        <ele>36.1</ele>
        <time>2025-05-12T09:21:00.810000Z</time>
      </trkpt>
      <trkpt lat="55.502505" lon="13.10339">
        <ele>36.0</ele>
        <time>2025-05-12T09:21:02.810000Z</time>
      </trkpt>
      <trkpt lat="55.5026" lon="13.103317">
        <ele>35.9</ele>
        <time>2025-05-12T09:21:04.810000Z</time>
      </trkpt>
      <trkpt lat="55.502695" lon="13.103244">
        <ele>35.9</ele>
        <time>2025-05-12T09:21:06.810000Z</time>
      </trkpt>
      <trkpt lat="55.50279" lon="13.10317">
        <ele>35.8</ele>
        <time>2025-05-12T09:21:08.810000Z</time>
      </trkpt>
      <trkpt lat="55.502893" lon="13.103091">
        <ele>35.8</ele>
        <time>2025-05-12T09:21:10.810000Z</time>
      </trkpt>
      <trkpt lat="55.502999" lon="13.103009">
        <ele>35.7</ele>
        <time>2025-05-12T09:21:12.809000Z</time>
      </trkpt>
      <trkpt lat="55.503103" lon="13.10293">
        <ele>35.6</ele>
        <time>2025-05-12T09:21:14.809000Z</time>
      </trkpt>
      <trkpt lat="55.503203" lon="13.102853">
        <ele>35.6</ele>
        <time>2025-05-12T09:21:16.809000Z</time>
      </trkpt>
      <trkpt lat="55.503307" lon="13.102774">
        <ele>35.5</ele>
        <time>2025-05-12T09:21:18.809000Z</time>
      </trkpt>
      <trkpt lat="55.50341" lon="13.102695">
        <ele>35.4</ele>
        <time>2025-05-12T09:21:20.809000Z</time>
      </trkpt>
      <trkpt lat="55.503513" lon="13.102616">
        <ele>35.4</ele>
        <time>2025-05-12T09:21:22.809000Z</time>
      </trkpt>
      <trkpt lat="55.503618" lon="13.102537">
        <ele>35.3</ele>
        <time>2025-05-12T09:21:24.809000Z</time>
      </trkpt>
      <trkpt lat="55.503724" lon="13.102456">
        <ele>35.2</ele>
        <time>2025-05-12T09:21:26.809000Z</time>
      </trkpt>
      <trkpt lat="55.503833" lon="13.10237">
        <ele>35.2</ele>
        <time>2025-05-12T09:21:28.809000Z</time>
      </trkpt>
      <trkpt lat="55.503938" lon="13.102291">
        <ele>35.1</ele>
        <time>2025-05-12T09:21:30.809000Z</time>
      </trkpt>
      <trkpt lat="55.504039" lon="13.102215">
        <ele>35.1</ele>
        <time>2025-05-12T09:21:32.809000Z</time>
      </trkpt>
      <trkpt lat="55.504131" lon="13.102144">
        <ele>35.2</ele>
        <time>2025-05-12T09:21:34.809000Z</time>
      </trkpt>
      <trkpt lat="55.504226" lon="13.10207">
        <ele>35.2</ele>
        <time>2025-05-12T09:21:36.809000Z</time>
      </trkpt>
      <trkpt lat="55.504316" lon="13.102">
        <ele>35.3</ele>
        <time>2025-05-12T09:21:38.809000Z</time>
      </trkpt>
      <trkpt lat="55.5044" lon="13.101935">
        <ele>35.4</ele>
        <time>2025-05-12T09:21:40.809000Z</time>
      </trkpt>
      <trkpt lat="55.504482" lon="13.10187">
        <ele>35.5</ele>
        <time>2025-05-12T09:21:42.809000Z</time>
      </trkpt>
      <trkpt lat="55.504605" lon="13.101774">
        <ele>35.6</ele>
        <time>2025-05-12T09:21:45.809000Z</time>
      </trkpt>
      <trkpt lat="55.504717" lon="13.101684">
        <ele>35.7</ele>
        <time>2025-05-12T09:21:48.809000Z</time>
      </trkpt>
      <trkpt lat="55.504834" lon="13.101589">
        <ele>35.8</ele>
        <time>2025-05-12T09:21:51.808000Z</time>
      </trkpt>
      <trkpt lat="55.504948" lon="13.101494">
        <ele>35.9</ele>
        <time>2025-05-12T09:21:54.808000Z</time>
      </trkpt>
      <trkpt lat="55.505067" lon="13.101394">
        <ele>36.0</ele>
        <time>2025-05-12T09:21:57.808000Z</time>
      </trkpt>
      <trkpt lat="55.50518" lon="13.101298">
        <ele>36.1</ele>
        <time>2025-05-12T09:22:00.808000Z</time>
      </trkpt>
      <trkpt lat="55.505292" lon="13.101202">
        <ele>36.2</ele>
        <time>2025-05-12T09:22:03.808000Z</time>
      </trkpt>
      <trkpt lat="55.505403" lon="13.101101">
        <ele>36.3</ele>
        <time>2025-05-12T09:22:06.808000Z</time>
      </trkpt>
      <trkpt lat="55.505508" lon="13.101007">
        <ele>36.4</ele>
        <time>2025-05-12T09:22:09.808000Z</time>
      </trkpt>
      <trkpt lat="55.505608" lon="13.100914">
        <ele>36.5</ele>
        <time>2025-05-12T09:22:12.808000Z</time>
      </trkpt>
      <trkpt lat="55.505721" lon="13.10081">
        <ele>36.6</ele>
        <time>2025-05-12T09:22:15.808000Z</time>
      </trkpt>
      <trkpt lat="55.505822" lon="13.100713">
        <ele>36.6</ele>
        <time>2025-05-12T09:22:18.808000Z</time>
      </trkpt>
      <trkpt lat="55.505926" lon="13.100614">
        <ele>36.7</ele>
        <time>2025-05-12T09:22:21.808000Z</time>
      </trkpt>
      <trkpt lat="55.506029" lon="13.100513">
        <ele>36.7</ele>
        <time>2025-05-12T09:22:24.808000Z</time>
      </trkpt>
      <trkpt lat="55.506129" lon="13.100414">
        <ele>36.8</ele>
        <time>2025-05-12T09:22:27.807000Z</time>
      </trkpt>
      <trkpt lat="55.506228" lon="13.100315">
        <ele>36.8</ele>
        <time>2025-05-12T09:22:30.807000Z</time>
      </trkpt>
      <trkpt lat="55.506332" lon="13.100211">
        <ele>36.8</ele>
        <time>2025-05-12T09:22:33.807000Z</time>
      </trkpt>
      <trkpt lat="55.50641" lon="13.100131">
        <ele>36.9</ele>
        <time>2025-05-12T09:22:35.807000Z</time>
      </trkpt>
      <trkpt lat="55.506513" lon="13.100023">
        <ele>36.9</ele>
        <time>2025-05-12T09:22:38.807000Z</time>
      </trkpt>
      <trkpt lat="55.50662" lon="13.099908">
        <ele>36.9</ele>
        <time>2025-05-12T09:22:41.807000Z</time>
      </trkpt>
      <trkpt lat="55.506728" lon="13.09979">
        <ele>37.0</ele>
        <time>2025-05-12T09:22:44.807000Z</time>
      </trkpt>
      <trkpt lat="55.506836" lon="13.09967">
        <ele>37.0</ele>
        <time>2025-05-12T09:22:47.807000Z</time>
      </trkpt>
      <trkpt lat="55.506939" lon="13.099553">
        <ele>37.1</ele>
        <time>2025-05-12T09:22:50.807000Z</time>
      </trkpt>
      <trkpt lat="55.507041" lon="13.099438">
        <ele>37.1</ele>
        <time>2025-05-12T09:22:53.807000Z</time>
      </trkpt>
      <trkpt lat="55.507148" lon="13.099315">
        <ele>37.2</ele>
        <time>2025-05-12T09:22:56.807000Z</time>
      </trkpt>
      <trkpt lat="55.507242" lon="13.099169">
        <ele>37.2</ele>
        <time>2025-05-12T09:22:59.807000Z</time>
      </trkpt>
      <trkpt lat="55.507345" lon="13.099083">
        <ele>37.3</ele>
        <time>2025-05-12T09:23:02.807000Z</time>
      </trkpt>
      <trkpt lat="55.507446" lon="13.098965">
        <ele>37.4</ele>
        <time>2025-05-12T09:23:05.806000Z</time>
      </trkpt>
      <trkpt lat="55.507541" lon="13.09885">
        <ele>37.5</ele>
        <time>2025-05-12T09:23:08.807000Z</time>
      </trkpt>
      <trkpt lat="55.507634" lon="13.098735">
        <ele>37.6</ele>
        <time>2025-05-12T09:23:11.807000Z</time>
      </trkpt>
      <trkpt lat="55.507724" lon="13.098621">
        <ele>37.7</ele>
        <time>2025-05-12T09:23:14.807000Z</time>
      </trkpt>
      <trkpt lat="55.507818" lon="13.098503">
        <ele>37.8</ele>
        <time>2025-05-12T09:23:17.807000Z</time>
      </trkpt>
      <trkpt lat="55.507904" lon="13.098392">
        <ele>37.9</ele>
        <time>2025-05-12T09:23:20.807000Z</time>
      </trkpt>
      <trkpt lat="55.507992" lon="13.098278">
        <ele>37.9</ele>
        <time>2025-05-12T09:23:23.807000Z</time>
      </trkpt>
      <trkpt lat="55.508081" lon="13.09816">
        <ele>38.0</ele>
        <time>2025-05-12T09:23:26.807000Z</time>
      </trkpt>
      <trkpt lat="55.508169" lon="13.098043">
        <ele>38.1</ele>
        <time>2025-05-12T09:23:29.807000Z</time>
      </trkpt>
      <trkpt lat="55.508256" lon="13.097929">
        <ele>38.2</ele>
        <time>2025-05-12T09:23:32.806000Z</time>
      </trkpt>
      <trkpt lat="55.508342" lon="13.097813">
        <ele>38.3</ele>
        <time>2025-05-12T09:23:35.806000Z</time>
      </trkpt>
      <trkpt lat="55.508429" lon="13.097697">
        <ele>38.4</ele>
        <time>2025-05-12T09:23:38.806000Z</time>
      </trkpt>
      <trkpt lat="55.50852" lon="13.097576">
        <ele>38.5</ele>
        <time>2025-05-12T09:23:41.806000Z</time>
      </trkpt>
      <trkpt lat="55.508615" lon="13.097449">
        <ele>38.6</ele>
        <time>2025-05-12T09:23:44.806000Z</time>
      </trkpt>
      <trkpt lat="55.508711" lon="13.097322">
        <ele>38.6</ele>
        <time>2025-05-12T09:23:47.806000Z</time>
      </trkpt>
      <trkpt lat="55.508796" lon="13.097208">
        <ele>38.7</ele>
        <time>2025-05-12T09:23:50.806000Z</time>
      </trkpt>
      <trkpt lat="55.508885" lon="13.097091">
        <ele>38.8</ele>
        <time>2025-05-12T09:23:53.806000Z</time>
      </trkpt>
      <trkpt lat="55.508973" lon="13.096976">
        <ele>38.8</ele>
        <time>2025-05-12T09:23:56.806000Z</time>
      </trkpt>
      <trkpt lat="55.509058" lon="13.096866">
        <ele>38.9</ele>
        <time>2025-05-12T09:23:59.806000Z</time>
      </trkpt>
      <trkpt lat="55.509139" lon="13.096758">
        <ele>38.9</ele>
        <time>2025-05-12T09:24:02.806000Z</time>
      </trkpt>
      <trkpt lat="55.509223" lon="13.09665">
        <ele>39.0</ele>
        <time>2025-05-12T09:24:05.806000Z</time>
      </trkpt>
      <trkpt lat="55.509305" lon="13.096542">
        <ele>39.0</ele>
        <time>2025-05-12T09:24:08.805000Z</time>
      </trkpt>
      <trkpt lat="55.509394" lon="13.096427">
        <ele>39.1</ele>
        <time>2025-05-12T09:24:11.805000Z</time>
      </trkpt>
      <trkpt lat="55.509486" lon="13.09631">
        <ele>39.2</ele>
        <time>2025-05-12T09:24:14.805000Z</time>
      </trkpt>
      <trkpt lat="55.509586" lon="13.096185">
        <ele>39.2</ele>
        <time>2025-05-12T09:24:17.805000Z</time>
      </trkpt>
      <trkpt lat="55.50968" lon="13.096068">
        <ele>39.3</ele>
        <time>2025-05-12T09:24:20.809000Z</time>
      </trkpt>
      <trkpt lat="55.509778" lon="13.095948">
        <ele>39.4</ele>
        <time>2025-05-12T09:24:23.814000Z</time>
      </trkpt>
      <trkpt lat="55.509878" lon="13.095825">
        <ele>39.4</ele>
        <time>2025-05-12T09:24:26.819000Z</time>
      </trkpt>
      <trkpt lat="55.509975" lon="13.095706">
        <ele>39.5</ele>
        <time>2025-05-12T09:24:29.823000Z</time>
      </trkpt>
      <trkpt lat="55.510072" lon="13.09559">
        <ele>39.6</ele>
        <time>2025-05-12T09:24:32.826000Z</time>
      </trkpt>
      <trkpt lat="55.51017" lon="13.095475">
        <ele>39.6</ele>
        <time>2025-05-12T09:24:35.829000Z</time>
      </trkpt>
      <trkpt lat="55.510272" lon="13.095357">
        <ele>39.6</ele>
        <time>2025-05-12T09:24:38.831000Z</time>
      </trkpt>
      <trkpt lat="55.510374" lon="13.095242">
        <ele>39.7</ele>
        <time>2025-05-12T09:24:41.833000Z</time>
      </trkpt>
      <trkpt lat="55.510476" lon="13.095126">
        <ele>39.7</ele>
        <time>2025-05-12T09:24:44.835000Z</time>
      </trkpt>
      <trkpt lat="55.51058" lon="13.095014">
        <ele>39.7</ele>
        <time>2025-05-12T09:24:47.836000Z</time>
      </trkpt>
      <trkpt lat="55.510685" lon="13.0949">
        <ele>39.8</ele>
        <time>2025-05-12T09:24:50.837000Z</time>
      </trkpt>
      <trkpt lat="55.510793" lon="13.094784">
        <ele>39.8</ele>
        <time>2025-05-12T09:24:53.838000Z</time>
      </trkpt>
      <trkpt lat="55.510901" lon="13.094671">
        <ele>39.9</ele>
        <time>2025-05-12T09:24:56.838000Z</time>
      </trkpt>
      <trkpt lat="55.511005" lon="13.094564">
        <ele>39.9</ele>
        <time>2025-05-12T09:24:59.839000Z</time>
      </trkpt>
      <trkpt lat="55.511104" lon="13.094463">
        <ele>39.9</ele>
        <time>2025-05-12T09:25:02.839000Z</time>
      </trkpt>
      <trkpt lat="55.511204" lon="13.094363">
        <ele>40.0</ele>
        <time>2025-05-12T09:25:05.839000Z</time>
      </trkpt>
      <trkpt lat="55.511303" lon="13.094265">
        <ele>40.0</ele>
        <time>2025-05-12T09:25:08.840000Z</time>
      </trkpt>
      <trkpt lat="55.511403" lon="13.094165">
        <ele>40.0</ele>
        <time>2025-05-12T09:25:11.840000Z</time>
      </trkpt>
      <trkpt lat="55.511508" lon="13.094065">
        <ele>40.1</ele>
        <time>2025-05-12T09:25:14.839000Z</time>
      </trkpt>
      <trkpt lat="55.511618" lon="13.09396">
        <ele>40.1</ele>
        <time>2025-05-12T09:25:17.840000Z</time>
      </trkpt>
      <trkpt lat="55.511727" lon="13.093856">
        <ele>40.2</ele>
        <time>2025-05-12T09:25:20.840000Z</time>
      </trkpt>
      <trkpt lat="55.511839" lon="13.093751">
        <ele>40.3</ele>
        <time>2025-05-12T09:25:23.840000Z</time>
      </trkpt>
      <trkpt lat="55.511948" lon="13.09365">
        <ele>40.4</ele>
        <time>2025-05-12T09:25:26.840000Z</time>
      </trkpt>
      <trkpt lat="55.512057" lon="13.093549">
        <ele>40.6</ele>
        <time>2025-05-12T09:25:29.840000Z</time>
      </trkpt>
      <trkpt lat="55.512164" lon="13.093445">
        <ele>40.7</ele>
        <time>2025-05-12T09:25:32.840000Z</time>
      </trkpt>
      <trkpt lat="55.512269" lon="13.093346">
        <ele>40.8</ele>
        <time>2025-05-12T09:25:35.840000Z</time>
      </trkpt>
      <trkpt lat="55.512377" lon="13.093248">
        <ele>40.9</ele>
        <time>2025-05-12T09:25:38.840000Z</time>
      </trkpt>
      <trkpt lat="55.512481" lon="13.093152">
        <ele>41.0</ele>
        <time>2025-05-12T09:25:41.840000Z</time>
      </trkpt>
      <trkpt lat="55.512586" lon="13.093056">
        <ele>41.2</ele>
        <time>2025-05-12T09:25:44.840000Z</time>
      </trkpt>
      <trkpt lat="55.512696" lon="13.092954">
        <ele>41.3</ele>
        <time>2025-05-12T09:25:47.840000Z</time>
      </trkpt>
      <trkpt lat="55.512807" lon="13.092851">
        <ele>41.4</ele>
        <time>2025-05-12T09:25:50.840000Z</time>
      </trkpt>
      <trkpt lat="55.512919" lon="13.092745">
        <ele>41.5</ele>
        <time>2025-05-12T09:25:53.840000Z</time>
      </trkpt>
      <trkpt lat="55.513028" lon="13.092642">
        <ele>41.7</ele>
        <time>2025-05-12T09:25:56.840000Z</time>
      </trkpt>
      <trkpt lat="55.513141" lon="13.092535">
        <ele>41.8</ele>
        <time>2025-05-12T09:25:59.839000Z</time>
      </trkpt>
      <trkpt lat="55.513252" lon="13.092431">
        <ele>41.9</ele>
        <time>2025-05-12T09:26:02.839000Z</time>
      </trkpt>
      <trkpt lat="55.513356" lon="13.092334">
        <ele>41.9</ele>
        <time>2025-05-12T09:26:05.839000Z</time>
      </trkpt>
      <trkpt lat="55.513447" lon="13.092248">
        <ele>41.9</ele>
        <time>2025-05-12T09:26:08.839000Z</time>
      </trkpt>
      <trkpt lat="55.513533" lon="13.092167">
        <ele>41.9</ele>
        <time>2025-05-12T09:26:11.839000Z</time>
      </trkpt>
      <trkpt lat="55.513629" lon="13.092077">
        <ele>41.9</ele>
        <time>2025-05-12T09:26:15.839000Z</time>
      </trkpt>
      <trkpt lat="55.513721" lon="13.091989">
        <ele>41.9</ele>
        <time>2025-05-12T09:26:19.839000Z</time>
      </trkpt>
      <trkpt lat="55.513816" lon="13.091897">
        <ele>41.9</ele>
        <time>2025-05-12T09:26:23.839000Z</time>
      </trkpt>
      <trkpt lat="55.513897" lon="13.091818">
        <ele>41.9</ele>
        <time>2025-05-12T09:26:26.839000Z</time>
      </trkpt>
      <trkpt lat="55.513999" lon="13.091718">
        <ele>41.9</ele>
        <time>2025-05-12T09:26:30.839000Z</time>
      </trkpt>
      <trkpt lat="55.514086" lon="13.091627">
        <ele>41.9</ele>
        <time>2025-05-12T09:26:34.839000Z</time>
      </trkpt>
      <trkpt lat="55.51418" lon="13.091527">
        <ele>41.9</ele>
        <time>2025-05-12T09:26:38.839000Z</time>
      </trkpt>
      <trkpt lat="55.514273" lon="13.091428">
        <ele>41.9</ele>
        <time>2025-05-12T09:26:42.839000Z</time>
      </trkpt>
      <trkpt lat="55.514285" lon="13.091099">
        <ele>41.9</ele>
        <time>2025-05-12T09:26:47.839000Z</time>
      </trkpt>
      <trkpt lat="55.514274" lon="13.090898">
        <ele>41.9</ele>
        <time>2025-05-12T09:26:50.838000Z</time>
      </trkpt>
      <trkpt lat="55.514239" lon="13.090684">
        <ele>41.9</ele>
        <time>2025-05-12T09:26:53.838000Z</time>
      </trkpt>
      <trkpt lat="55.514219" lon="13.090462">
        <ele>41.9</ele>
        <time>2025-05-12T09:26:56.838000Z</time>
      </trkpt>
      <trkpt lat="55.514366" lon="13.090302">
        <ele>42.0</ele>
        <time>2025-05-12T09:27:02.838000Z</time>
      </trkpt>
      <trkpt lat="55.514484" lon="13.090248">
        <ele>42.0</ele>
        <time>2025-05-12T09:27:06.838000Z</time>
      </trkpt>
      <trkpt lat="55.514578" lon="13.090192">
        <ele>42.0</ele>
        <time>2025-05-12T09:27:09.839000Z</time>
      </trkpt>
      <trkpt lat="55.514679" lon="13.090165">
        <ele>42.1</ele>
        <time>2025-05-12T09:27:12.839000Z</time>
      </trkpt>
      <trkpt lat="55.514784" lon="13.090141">
        <ele>42.1</ele>
        <time>2025-05-12T09:27:15.838000Z</time>
      </trkpt>
      <trkpt lat="55.514879" lon="13.090193">
        <ele>42.1</ele>
        <time>2025-05-12T09:27:18.839000Z</time>
      </trkpt>
      <trkpt lat="55.514971" lon="13.090274">
        <ele>42.2</ele>
        <time>2025-05-12T09:27:22.838000Z</time>
      </trkpt>
      <trkpt lat="55.515063" lon="13.090282">
        <ele>42.2</ele>
        <time>2025-05-12T09:27:26.838000Z</time>
      </trkpt>
      <trkpt lat="55.51516" lon="13.090343">
        <ele>42.2</ele>
        <time>2025-05-12T09:27:28.838000Z</time>
      </trkpt>
      <trkpt lat="55.515241" lon="13.090233">
        <ele>42.3</ele>
        <time>2025-05-12T09:27:31.838000Z</time>
      </trkpt>
      <trkpt lat="55.51532" lon="13.090126">
        <ele>42.3</ele>
        <time>2025-05-12T09:27:34.838000Z</time>
      </trkpt>
      <trkpt lat="55.515404" lon="13.090011">
        <ele>42.4</ele>
        <time>2025-05-12T09:27:37.838000Z</time>
      </trkpt>
      <trkpt lat="55.515491" lon="13.089893">
        <ele>42.4</ele>
        <time>2025-05-12T09:27:40.838000Z</time>
      </trkpt>
      <trkpt lat="55.515572" lon="13.089783">
        <ele>42.4</ele>
        <time>2025-05-12T09:27:43.838000Z</time>
      </trkpt>
      <trkpt lat="55.515651" lon="13.089675">
        <ele>42.5</ele>
        <time>2025-05-12T09:27:46.838000Z</time>
      </trkpt>
      <trkpt lat="55.515735" lon="13.089559">
        <ele>42.5</ele>
        <time>2025-05-12T09:27:49.838000Z</time>
      </trkpt>
      <trkpt lat="55.515824" lon="13.089441">
        <ele>42.5</ele>
        <time>2025-05-12T09:27:52.838000Z</time>
      </trkpt>
      <trkpt lat="55.515917" lon="13.089317">
        <ele>42.5</ele>
        <time>2025-05-12T09:27:55.838000Z</time>
      </trkpt>
      <trkpt lat="55.516005" lon="13.0892">
        <ele>42.4</ele>
        <time>2025-05-12T09:27:58.838000Z</time>
      </trkpt>
      <trkpt lat="55.516093" lon="13.089081">
        <ele>42.4</ele>
        <time>2025-05-12T09:28:01.837000Z</time>
      </trkpt>
      <trkpt lat="55.516177" lon="13.088969">
        <ele>42.3</ele>
        <time>2025-05-12T09:28:04.837000Z</time>
      </trkpt>
      <trkpt lat="55.51627" lon="13.088845">
        <ele>42.3</ele>
        <time>2025-05-12T09:28:08.837000Z</time>
      </trkpt>
      <trkpt lat="55.51635" lon="13.088738">
        <ele>42.2</ele>
        <time>2025-05-12T09:28:12.837000Z</time>
      </trkpt>
      <trkpt lat="55.516335" lon="13.088476">
        <ele>42.1</ele>
        <time>2025-05-12T09:28:16.837000Z</time>
      </trkpt>
      <trkpt lat="55.516299" lon="13.088314">
        <ele>42.1</ele>
        <time>2025-05-12T09:28:19.837000Z</time>
      </trkpt>
      <trkpt lat="55.516362" lon="13.088054">
        <ele>42.0</ele>
        <time>2025-05-12T09:28:22.837000Z</time>
      </trkpt>
      <trkpt lat="55.516311" lon="13.087875">
        <ele>41.9</ele>
        <time>2025-05-12T09:28:25.837000Z</time>
      </trkpt>
      <trkpt lat="55.516258" lon="13.087689">
        <ele>41.8</ele>
        <time>2025-05-12T09:28:28.837000Z</time>
      </trkpt>
      <trkpt lat="55.51632" lon="13.086886">
        <ele>41.6</ele>
        <time>2025-05-12T09:28:39.837000Z</time>
      </trkpt>
      <trkpt lat="55.516307" lon="13.086695">
        <ele>41.6</ele>
        <time>2025-05-12T09:28:41.837000Z</time>
      </trkpt>
      <trkpt lat="55.5163" lon="13.086525">
        <ele>41.6</ele>
        <time>2025-05-12T09:28:43.837000Z</time>
      </trkpt>
      <trkpt lat="55.516305" lon="13.086334">
        <ele>41.7</ele>
        <time>2025-05-12T09:28:46.837000Z</time>
      </trkpt>
      <trkpt lat="55.516363" lon="13.086201">
        <ele>41.7</ele>
        <time>2025-05-12T09:28:51.836000Z</time>
      </trkpt>
      <trkpt lat="55.516461" lon="13.086181">
        <ele>41.7</ele>
        <time>2025-05-12T09:28:56.836000Z</time>
      </trkpt>
      <trkpt lat="55.516547" lon="13.086309">
        <ele>41.8</ele>
        <time>2025-05-12T09:29:00.836000Z</time>
      </trkpt>
      <trkpt lat="55.516633" lon="13.086439">
        <ele>41.8</ele>
        <time>2025-05-12T09:29:04.836000Z</time>
      </trkpt>
      <trkpt lat="55.516715" lon="13.086574">
        <ele>41.9</ele>
        <time>2025-05-12T09:29:08.836000Z</time>
      </trkpt>
      <trkpt lat="55.516651" lon="13.086855">
        <ele>41.9</ele>
        <time>2025-05-12T09:29:11.836000Z</time>
      </trkpt>
      <trkpt lat="55.516712" lon="13.086981">
        <ele>42.0</ele>
        <time>2025-05-12T09:29:15.837000Z</time>
      </trkpt>
      <trkpt lat="55.516773" lon="13.087118">
        <ele>42.0</ele>
        <time>2025-05-12T09:29:20.836000Z</time>
      </trkpt>
      <trkpt lat="55.517374" lon="13.08741">
        <ele>42.3</ele>
        <time>2025-05-12T09:29:30.836000Z</time>
      </trkpt>
      <trkpt lat="55.517471" lon="13.087356">
        <ele>42.4</ele>
        <time>2025-05-12T09:29:34.835000Z</time>
      </trkpt>
      <trkpt lat="55.517559" lon="13.087253">
        <ele>42.4</ele>
        <time>2025-05-12T09:29:37.835000Z</time>
      </trkpt>
      <trkpt lat="55.517659" lon="13.087136">
        <ele>42.5</ele>
        <time>2025-05-12T09:29:40.835000Z</time>
      </trkpt>
      <trkpt lat="55.517756" lon="13.087022">
        <ele>42.6</ele>
        <time>2025-05-12T09:29:43.835000Z</time>
      </trkpt>
      <trkpt lat="55.517854" lon="13.086905">
        <ele>42.7</ele>
        <time>2025-05-12T09:29:46.835000Z</time>
      </trkpt>
      <trkpt lat="55.517958" lon="13.086775">
        <ele>42.9</ele>
        <time>2025-05-12T09:29:49.835000Z</time>
      </trkpt>
      <trkpt lat="55.518063" lon="13.086649">
        <ele>43.0</ele>
        <time>2025-05-12T09:29:52.835000Z</time>
      </trkpt>
      <trkpt lat="55.518166" lon="13.086524">
        <ele>43.1</ele>
        <time>2025-05-12T09:29:55.835000Z</time>
      </trkpt>
      <trkpt lat="55.518259" lon="13.086411">
        <ele>43.2</ele>
        <time>2025-05-12T09:29:58.835000Z</time>
      </trkpt>
      <trkpt lat="55.518353" lon="13.086297">
        <ele>43.3</ele>
        <time>2025-05-12T09:30:01.835000Z</time>
      </trkpt>
      <trkpt lat="55.518442" lon="13.08619">
        <ele>43.4</ele>
        <time>2025-05-12T09:30:04.835000Z</time>
      </trkpt>
      <trkpt lat="55.518527" lon="13.086086">
        <ele>43.4</ele>
        <time>2025-05-12T09:30:07.835000Z</time>
      </trkpt>
      <trkpt lat="55.51861" lon="13.085985">
        <ele>43.5</ele>
        <time>2025-05-12T09:30:10.835000Z</time>
      </trkpt>
      <trkpt lat="55.518697" lon="13.085882">
        <ele>43.6</ele>
        <time>2025-05-12T09:30:13.835000Z</time>
      </trkpt>
      <trkpt lat="55.518783" lon="13.085779">
        <ele>43.7</ele>
        <time>2025-05-12T09:30:16.835000Z</time>
      </trkpt>
      <trkpt lat="55.51887" lon="13.085674">
        <ele>43.8</ele>
        <time>2025-05-12T09:30:19.834000Z</time>
      </trkpt>
      <trkpt lat="55.518951" lon="13.085577">
        <ele>43.8</ele>
        <time>2025-05-12T09:30:22.834000Z</time>
      </trkpt>
      <trkpt lat="55.519032" lon="13.085481">
        <ele>43.8</ele>
        <time>2025-05-12T09:30:25.834000Z</time>
      </trkpt>
      <trkpt lat="55.519113" lon="13.085382">
        <ele>43.8</ele>
        <time>2025-05-12T09:30:28.834000Z</time>
      </trkpt>
      <trkpt lat="55.51919" lon="13.085286">
        <ele>43.9</ele>
        <time>2025-05-12T09:30:31.834000Z</time>
      </trkpt>
      <trkpt lat="55.519278" lon="13.085175">
        <ele>43.9</ele>
        <time>2025-05-12T09:30:34.834000Z</time>
      </trkpt>
      <trkpt lat="55.519366" lon="13.085067">
        <ele>43.9</ele>
        <time>2025-05-12T09:30:37.834000Z</time>
      </trkpt>
      <trkpt lat="55.519455" lon="13.084958">
        <ele>43.9</ele>
        <time>2025-05-12T09:30:40.834000Z</time>
      </trkpt>
      <trkpt lat="55.519545" lon="13.084847">
        <ele>43.9</ele>
        <time>2025-05-12T09:30:43.834000Z</time>
      </trkpt>
      <trkpt lat="55.519639" lon="13.084731">
        <ele>43.9</ele>
        <time>2025-05-12T09:30:46.834000Z</time>
      </trkpt>
      <trkpt lat="55.519739" lon="13.084612">
        <ele>43.9</ele>
        <time>2025-05-12T09:30:49.834000Z</time>
      </trkpt>
      <trkpt lat="55.519841" lon="13.08449">
        <ele>43.9</ele>
        <time>2025-05-12T09:30:52.834000Z</time>
      </trkpt>
      <trkpt lat="55.519947" lon="13.084362">
        <ele>43.9</ele>
        <time>2025-05-12T09:30:55.834000Z</time>
      </trkpt>
      <trkpt lat="55.520052" lon="13.084235">
        <ele>43.9</ele>
        <time>2025-05-12T09:30:58.834000Z</time>
      </trkpt>
      <trkpt lat="55.520153" lon="13.084111">
        <ele>43.9</ele>
        <time>2025-05-12T09:31:01.834000Z</time>
      </trkpt>
      <trkpt lat="55.520253" lon="13.083994">
        <ele>43.9</ele>
        <time>2025-05-12T09:31:04.834000Z</time>
      </trkpt>
      <trkpt lat="55.520347" lon="13.083884">
        <ele>43.9</ele>
        <time>2025-05-12T09:31:07.833000Z</time>
      </trkpt>
      <trkpt lat="55.520431" lon="13.083792">
        <ele>44.0</ele>
        <time>2025-05-12T09:31:10.833000Z</time>
      </trkpt>
      <trkpt lat="55.520526" lon="13.083698">
        <ele>44.0</ele>
        <time>2025-05-12T09:31:14.833000Z</time>
      </trkpt>
      <trkpt lat="55.520623" lon="13.083609">
        <ele>44.0</ele>
        <time>2025-05-12T09:31:18.833000Z</time>
      </trkpt>
      <trkpt lat="55.520728" lon="13.083523">
        <ele>44.0</ele>
        <time>2025-05-12T09:31:22.834000Z</time>
      </trkpt>
      <trkpt lat="55.520828" lon="13.083448">
        <ele>44.1</ele>
        <time>2025-05-12T09:31:25.834000Z</time>
      </trkpt>
      <trkpt lat="55.520948" lon="13.083373">
        <ele>44.1</ele>
        <time>2025-05-12T09:31:28.834000Z</time>
      </trkpt>
      <trkpt lat="55.521075" lon="13.083308">
        <ele>44.1</ele>
        <time>2025-05-12T09:31:31.834000Z</time>
      </trkpt>
      <trkpt lat="55.521168" lon="13.083271">
        <ele>44.2</ele>
        <time>2025-05-12T09:31:33.834000Z</time>
      </trkpt>
      <trkpt lat="55.521266" lon="13.083238">
        <ele>44.2</ele>
        <time>2025-05-12T09:31:35.834000Z</time>
      </trkpt>
      <trkpt lat="55.521363" lon="13.08321">
        <ele>44.2</ele>
        <time>2025-05-12T09:31:37.834000Z</time>
      </trkpt>
      <trkpt lat="55.521459" lon="13.083183">
        <ele>44.2</ele>
        <time>2025-05-12T09:31:39.834000Z</time>
      </trkpt>
      <trkpt lat="55.521551" lon="13.083159">
        <ele>44.3</ele>
        <time>2025-05-12T09:31:41.834000Z</time>
      </trkpt>
      <trkpt lat="55.521672" lon="13.083132">
        <ele>44.3</ele>
        <time>2025-05-12T09:31:44.833000Z</time>
      </trkpt>
      <trkpt lat="55.521778" lon="13.083107">
        <ele>44.3</ele>
        <time>2025-05-12T09:31:47.833000Z</time>
      </trkpt>
      <trkpt lat="55.521892" lon="13.083081">
        <ele>44.4</ele>
        <time>2025-05-12T09:31:51.833000Z</time>
      </trkpt>
      <trkpt lat="55.521999" lon="13.083057">
        <ele>44.4</ele>
        <time>2025-05-12T09:31:55.833000Z</time>
      </trkpt>
      <trkpt lat="55.522119" lon="13.08303">
        <ele>44.4</ele>
        <time>2025-05-12T09:31:59.833000Z</time>
      </trkpt>
      <trkpt lat="55.522239" lon="13.083003">
        <ele>44.5</ele>
        <time>2025-05-12T09:32:03.833000Z</time>
      </trkpt>
      <trkpt lat="55.522331" lon="13.082981">
        <ele>44.6</ele>
        <time>2025-05-12T09:32:06.833000Z</time>
      </trkpt>
      <trkpt lat="55.52245" lon="13.082952">
        <ele>44.7</ele>
        <time>2025-05-12T09:32:10.833000Z</time>
      </trkpt>
      <trkpt lat="55.522565" lon="13.082925">
        <ele>44.8</ele>
        <time>2025-05-12T09:32:14.833000Z</time>
      </trkpt>
      <trkpt lat="55.522683" lon="13.082897">
        <ele>44.9</ele>
        <time>2025-05-12T09:32:18.833000Z</time>
      </trkpt>
      <trkpt lat="55.522774" lon="13.082874">
        <ele>45.0</ele>
        <time>2025-05-12T09:32:21.833000Z</time>
      </trkpt>
      <trkpt lat="55.522874" lon="13.082846">
        <ele>45.1</ele>
        <time>2025-05-12T09:32:24.833000Z</time>
      </trkpt>
      <trkpt lat="55.522981" lon="13.082813">
        <ele>45.2</ele>
        <time>2025-05-12T09:32:27.833000Z</time>
      </trkpt>
      <trkpt lat="55.523095" lon="13.082781">
        <ele>45.3</ele>
        <time>2025-05-12T09:32:30.833000Z</time>
      </trkpt>
      <trkpt lat="55.523216" lon="13.082746">
        <ele>45.4</ele>
        <time>2025-05-12T09:32:33.832000Z</time>
      </trkpt>
      <trkpt lat="55.523341" lon="13.082706">
        <ele>45.6</ele>
        <time>2025-05-12T09:32:36.832000Z</time>
      </trkpt>
      <trkpt lat="55.523431" lon="13.082676">
        <ele>45.6</ele>
        <time>2025-05-12T09:32:38.832000Z</time>
      </trkpt>
      <trkpt lat="55.523524" lon="13.082645">
        <ele>45.7</ele>
        <time>2025-05-12T09:32:40.832000Z</time>
      </trkpt>
      <trkpt lat="55.523621" lon="13.082613">
        <ele>45.8</ele>
        <time>2025-05-12T09:32:42.832000Z</time>
      </trkpt>
      <trkpt lat="55.523724" lon="13.08258">
        <ele>45.9</ele>
        <time>2025-05-12T09:32:44.832000Z</time>
      </trkpt>
      <trkpt lat="55.523827" lon="13.082547">
        <ele>46.0</ele>
        <time>2025-05-12T09:32:46.832000Z</time>
      </trkpt>
      <trkpt lat="55.523926" lon="13.082515">
        <ele>46.1</ele>
        <time>2025-05-12T09:32:48.832000Z</time>
      </trkpt>
      <trkpt lat="55.524026" lon="13.082483">
        <ele>46.2</ele>
        <time>2025-05-12T09:32:50.832000Z</time>
      </trkpt>
      <trkpt lat="55.524117" lon="13.082452">
        <ele>46.3</ele>
        <time>2025-05-12T09:32:52.832000Z</time>
      </trkpt>
      <trkpt lat="55.524208" lon="13.08242">
        <ele>46.4</ele>
        <time>2025-05-12T09:32:54.832000Z</time>
      </trkpt>
      <trkpt lat="55.524333" lon="13.082378">
        <ele>46.6</ele>
        <time>2025-05-12T09:32:57.832000Z</time>
      </trkpt>
      <trkpt lat="55.524443" lon="13.082342">
        <ele>46.7</ele>
        <time>2025-05-12T09:33:00.832000Z</time>
      </trkpt>
      <trkpt lat="55.524551" lon="13.082307">
        <ele>46.8</ele>
        <time>2025-05-12T09:33:03.832000Z</time>
      </trkpt>
      <trkpt lat="55.524656" lon="13.082261">
        <ele>46.9</ele>
        <time>2025-05-12T09:33:06.832000Z</time>
      </trkpt>
      <trkpt lat="55.524757" lon="13.082205">
        <ele>47.0</ele>
        <time>2025-05-12T09:33:09.832000Z</time>
      </trkpt>
      <trkpt lat="55.524866" lon="13.082133">
        <ele>47.2</ele>
        <time>2025-05-12T09:33:13.832000Z</time>
      </trkpt>
      <trkpt lat="55.524975" lon="13.082056">
        <ele>47.3</ele>
        <time>2025-05-12T09:33:17.832000Z</time>
      </trkpt>
      <trkpt lat="55.525066" lon="13.081986">
        <ele>47.4</ele>
        <time>2025-05-12T09:33:21.831000Z</time>
      </trkpt>
      <trkpt lat="55.525156" lon="13.081912">
        <ele>47.5</ele>
        <time>2025-05-12T09:33:25.832000Z</time>
      </trkpt>
      <trkpt lat="55.525258" lon="13.081818">
        <ele>47.6</ele>
        <time>2025-05-12T09:33:29.831000Z</time>
      </trkpt>
      <trkpt lat="55.525337" lon="13.081742">
        <ele>47.7</ele>
        <time>2025-05-12T09:33:32.831000Z</time>
      </trkpt>
      <trkpt lat="55.52542" lon="13.081639">
        <ele>47.9</ele>
        <time>2025-05-12T09:33:35.832000Z</time>
      </trkpt>
      <trkpt lat="55.525501" lon="13.081542">
        <ele>48.0</ele>
        <time>2025-05-12T09:33:38.831000Z</time>
      </trkpt>
      <trkpt lat="55.525579" lon="13.081443">
        <ele>48.0</ele>
        <time>2025-05-12T09:33:41.831000Z</time>
      </trkpt>
      <trkpt lat="55.525656" lon="13.081342">
        <ele>48.1</ele>
        <time>2025-05-12T09:33:44.831000Z</time>
      </trkpt>
      <trkpt lat="55.525741" lon="13.081227">
        <ele>48.1</ele>
        <time>2025-05-12T09:33:47.831000Z</time>
      </trkpt>
      <trkpt lat="55.52583" lon="13.081107">
        <ele>48.1</ele>
        <time>2025-05-12T09:33:50.831000Z</time>
      </trkpt>
      <trkpt lat="55.525915" lon="13.080992">
        <ele>48.1</ele>
        <time>2025-05-12T09:33:53.831000Z</time>
      </trkpt>
      <trkpt lat="55.525999" lon="13.080877">
        <ele>48.1</ele>
        <time>2025-05-12T09:33:56.831000Z</time>
      </trkpt>
      <trkpt lat="55.526083" lon="13.080761">
        <ele>48.1</ele>
        <time>2025-05-12T09:33:59.831000Z</time>
      </trkpt>
      <trkpt lat="55.526174" lon="13.080636">
        <ele>48.1</ele>
        <time>2025-05-12T09:34:02.831000Z</time>
      </trkpt>
      <trkpt lat="55.526261" lon="13.080515">
        <ele>48.2</ele>
        <time>2025-05-12T09:34:05.830000Z</time>
      </trkpt>
      <trkpt lat="55.526348" lon="13.080395">
        <ele>48.2</ele>
        <time>2025-05-12T09:34:08.830000Z</time>
      </trkpt>
      <trkpt lat="55.526436" lon="13.080271">
        <ele>48.2</ele>
        <time>2025-05-12T09:34:11.830000Z</time>
      </trkpt>
      <trkpt lat="55.526514" lon="13.080159">
        <ele>48.2</ele>
        <time>2025-05-12T09:34:14.830000Z</time>
      </trkpt>
      <trkpt lat="55.526589" lon="13.08005">
        <ele>48.2</ele>
        <time>2025-05-12T09:34:17.830000Z</time>
      </trkpt>
      <trkpt lat="55.526663" lon="13.079937">
        <ele>48.2</ele>
        <time>2025-05-12T09:34:20.830000Z</time>
      </trkpt>
      <trkpt lat="55.526737" lon="13.079818">
        <ele>48.3</ele>
        <time>2025-05-12T09:34:23.830000Z</time>
      </trkpt>
      <trkpt lat="55.526809" lon="13.079705">
        <ele>48.3</ele>
        <time>2025-05-12T09:34:26.830000Z</time>
      </trkpt>
      <trkpt lat="55.526882" lon="13.079589">
        <ele>48.3</ele>
        <time>2025-05-12T09:34:29.830000Z</time>
      </trkpt>
      <trkpt lat="55.526961" lon="13.079465">
        <ele>48.3</ele>
        <time>2025-05-12T09:34:32.830000Z</time>
      </trkpt>
      <trkpt lat="55.527044" lon="13.079335">
        <ele>48.2</ele>
        <time>2025-05-12T09:34:35.830000Z</time>
      </trkpt>
      <trkpt lat="55.527133" lon="13.079199">
        <ele>48.1</ele>
        <time>2025-05-12T09:34:38.830000Z</time>
      </trkpt>
      <trkpt lat="55.527217" lon="13.079074">
        <ele>48.1</ele>
        <time>2025-05-12T09:34:41.830000Z</time>
      </trkpt>
      <trkpt lat="55.527302" lon="13.078949">
        <ele>48.0</ele>
        <time>2025-05-12T09:34:44.830000Z</time>
      </trkpt>
      <trkpt lat="55.527387" lon="13.078829">
        <ele>47.9</ele>
        <time>2025-05-12T09:34:47.830000Z</time>
      </trkpt>
      <trkpt lat="55.527477" lon="13.078702">
        <ele>47.9</ele>
        <time>2025-05-12T09:34:50.830000Z</time>
      </trkpt>
      <trkpt lat="55.527572" lon="13.078568">
        <ele>47.8</ele>
        <time>2025-05-12T09:34:53.829000Z</time>
      </trkpt>
      <trkpt lat="55.527671" lon="13.078428">
        <ele>47.7</ele>
        <time>2025-05-12T09:34:56.829000Z</time>
      </trkpt>
      <trkpt lat="55.527771" lon="13.078288">
        <ele>47.6</ele>
        <time>2025-05-12T09:34:59.829000Z</time>
      </trkpt>
      <trkpt lat="55.527878" lon="13.078141">
        <ele>47.5</ele>
        <time>2025-05-12T09:35:02.829000Z</time>
      </trkpt>
      <trkpt lat="55.52795" lon="13.078041">
        <ele>47.5</ele>
        <time>2025-05-12T09:35:04.829000Z</time>
      </trkpt>
      <trkpt lat="55.528026" lon="13.077938">
        <ele>47.4</ele>
        <time>2025-05-12T09:35:06.829000Z</time>
      </trkpt>
      <trkpt lat="55.528099" lon="13.077838">
        <ele>47.3</ele>
        <time>2025-05-12T09:35:08.829000Z</time>
      </trkpt>
      <trkpt lat="55.528176" lon="13.077733">
        <ele>47.3</ele>
        <time>2025-05-12T09:35:10.829000Z</time>
      </trkpt>
      <trkpt lat="55.528279" lon="13.077593">
        <ele>47.2</ele>
        <time>2025-05-12T09:35:13.829000Z</time>
      </trkpt>
      <trkpt lat="55.528367" lon="13.077472">
        <ele>47.2</ele>
        <time>2025-05-12T09:35:16.829000Z</time>
      </trkpt>
      <trkpt lat="55.528447" lon="13.077363">
        <ele>47.4</ele>
        <time>2025-05-12T09:35:19.829000Z</time>
      </trkpt>
      <trkpt lat="55.52854" lon="13.077243">
        <ele>47.6</ele>
        <time>2025-05-12T09:35:23.829000Z</time>
      </trkpt>
      <trkpt lat="55.52862" lon="13.077148">
        <ele>47.8</ele>
        <time>2025-05-12T09:35:28.829000Z</time>
      </trkpt>
      <trkpt lat="55.528705" lon="13.077069">
        <ele>48.0</ele>
        <time>2025-05-12T09:35:35.828000Z</time>
      </trkpt>
      <trkpt lat="55.528801" lon="13.076999">
        <ele>48.2</ele>
        <time>2025-05-12T09:35:46.829000Z</time>
      </trkpt>
      <trkpt lat="55.52891" lon="13.076931">
        <ele>48.4</ele>
        <time>2025-05-12T09:35:51.829000Z</time>
      </trkpt>
      <trkpt lat="55.529018" lon="13.07688">
        <ele>48.6</ele>
        <time>2025-05-12T09:35:56.829000Z</time>
      </trkpt>
      <trkpt lat="55.529107" lon="13.076859">
        <ele>48.8</ele>
        <time>2025-05-12T09:36:00.829000Z</time>
      </trkpt>
      <trkpt lat="55.529213" lon="13.076862">
        <ele>49.0</ele>
        <time>2025-05-12T09:36:05.828000Z</time>
      </trkpt>
      <trkpt lat="55.529308" lon="13.076845">
        <ele>49.2</ele>
        <time>2025-05-12T09:36:08.828000Z</time>
      </trkpt>
      <trkpt lat="55.529402" lon="13.076843">
        <ele>49.4</ele>
        <time>2025-05-12T09:36:11.828000Z</time>
      </trkpt>
      <trkpt lat="55.529501" lon="13.076809">
        <ele>49.6</ele>
        <time>2025-05-12T09:36:14.828000Z</time>
      </trkpt>
      <trkpt lat="55.529592" lon="13.076742">
        <ele>49.8</ele>
        <time>2025-05-12T09:36:17.828000Z</time>
      </trkpt>
      <trkpt lat="55.5297" lon="13.076695">
        <ele>50.0</ele>
        <time>2025-05-12T09:36:20.828000Z</time>
      </trkpt>
      <trkpt lat="55.529823" lon="13.076639">
        <ele>50.2</ele>
        <time>2025-05-12T09:36:23.828000Z</time>
      </trkpt>
      <trkpt lat="55.529948" lon="13.076606">
        <ele>50.5</ele>
        <time>2025-05-12T09:36:26.828000Z</time>
      </trkpt>
      <trkpt lat="55.530066" lon="13.076545">
        <ele>50.7</ele>
        <time>2025-05-12T09:36:29.828000Z</time>
      </trkpt>
      <trkpt lat="55.530196" lon="13.07652">
        <ele>50.8</ele>
        <time>2025-05-12T09:36:32.828000Z</time>
      </trkpt>
      <trkpt lat="55.530316" lon="13.076506">
        <ele>50.8</ele>
        <time>2025-05-12T09:36:35.828000Z</time>
      </trkpt>
      <trkpt lat="55.530453" lon="13.076508">
        <ele>50.9</ele>
        <time>2025-05-12T09:36:38.828000Z</time>
      </trkpt>
      <trkpt lat="55.530558" lon="13.076496">
        <ele>51.0</ele>
        <time>2025-05-12T09:36:40.828000Z</time>
      </trkpt>
      <trkpt lat="55.530653" lon="13.076464">
        <ele>51.0</ele>
        <time>2025-05-12T09:36:42.828000Z</time>
      </trkpt>
      <trkpt lat="55.530759" lon="13.076492">
        <ele>51.1</ele>
        <time>2025-05-12T09:36:44.828000Z</time>
      </trkpt>
      <trkpt lat="55.53086" lon="13.076478">
        <ele>51.2</ele>
        <time>2025-05-12T09:36:46.828000Z</time>
      </trkpt>
      <trkpt lat="55.530992" lon="13.076456">
        <ele>51.2</ele>
        <time>2025-05-12T09:36:49.827000Z</time>
      </trkpt>
      <trkpt lat="55.531108" lon="13.076422">
        <ele>51.3</ele>
        <time>2025-05-12T09:36:52.827000Z</time>
      </trkpt>
      <trkpt lat="55.531214" lon="13.076404">
        <ele>51.4</ele>
        <time>2025-05-12T09:36:55.827000Z</time>
      </trkpt>
      <trkpt lat="55.531304" lon="13.076377">
        <ele>51.4</ele>
        <time>2025-05-12T09:36:58.827000Z</time>
      </trkpt>
      <trkpt lat="55.531408" lon="13.076352">
        <ele>51.5</ele>
        <time>2025-05-12T09:37:02.827000Z</time>
      </trkpt>
      <trkpt lat="55.531499" lon="13.07634">
        <ele>51.6</ele>
        <time>2025-05-12T09:37:05.827000Z</time>
      </trkpt>
      <trkpt lat="55.531605" lon="13.076275">
        <ele>51.6</ele>
        <time>2025-05-12T09:37:09.827000Z</time>
      </trkpt>
      <trkpt lat="55.531716" lon="13.07625">
        <ele>51.7</ele>
        <time>2025-05-12T09:37:12.827000Z</time>
      </trkpt>
      <trkpt lat="55.531825" lon="13.076164">
        <ele>51.7</ele>
        <time>2025-05-12T09:37:15.827000Z</time>
      </trkpt>
      <trkpt lat="55.531914" lon="13.076105">
        <ele>51.7</ele>
        <time>2025-05-12T09:37:17.827000Z</time>
      </trkpt>
      <trkpt lat="55.532001" lon="13.076061">
        <ele>51.7</ele>
        <time>2025-05-12T09:37:19.827000Z</time>
      </trkpt>
      <trkpt lat="55.532085" lon="13.076005">
        <ele>51.7</ele>
        <time>2025-05-12T09:37:21.827000Z</time>
      </trkpt>
      <trkpt lat="55.532203" lon="13.075912">
        <ele>51.7</ele>
        <time>2025-05-12T09:37:24.827000Z</time>
      </trkpt>
      <trkpt lat="55.53229" lon="13.075859">
        <ele>51.6</ele>
        <time>2025-05-12T09:37:26.827000Z</time>
      </trkpt>
      <trkpt lat="55.532375" lon="13.075798">
        <ele>51.6</ele>
        <time>2025-05-12T09:37:28.827000Z</time>
      </trkpt>
      <trkpt lat="55.532496" lon="13.075751">
        <ele>51.6</ele>
        <time>2025-05-12T09:37:31.827000Z</time>
      </trkpt>
      <trkpt lat="55.532623" lon="13.07566">
        <ele>51.6</ele>
        <time>2025-05-12T09:37:34.827000Z</time>
      </trkpt>
      <trkpt lat="55.53272" lon="13.075644">
        <ele>51.6</ele>
        <time>2025-05-12T09:37:36.826000Z</time>
      </trkpt>
      <trkpt lat="55.532808" lon="13.0756">
        <ele>51.5</ele>
        <time>2025-05-12T09:37:38.826000Z</time>
      </trkpt>
      <trkpt lat="55.532895" lon="13.075549">
        <ele>51.5</ele>
        <time>2025-05-12T09:37:40.826000Z</time>
      </trkpt>
      <trkpt lat="55.533028" lon="13.075481">
        <ele>51.5</ele>
        <time>2025-05-12T09:37:43.827000Z</time>
      </trkpt>
      <trkpt lat="55.533117" lon="13.075445">
        <ele>51.5</ele>
        <time>2025-05-12T09:37:45.826000Z</time>
      </trkpt>
      <trkpt lat="55.533205" lon="13.075406">
        <ele>51.5</ele>
        <time>2025-05-12T09:37:47.827000Z</time>
      </trkpt>
      <trkpt lat="55.533329" lon="13.075347">
        <ele>51.4</ele>
        <time>2025-05-12T09:37:50.827000Z</time>
      </trkpt>
      <trkpt lat="55.533459" lon="13.075327">
        <ele>51.4</ele>
        <time>2025-05-12T09:37:53.827000Z</time>
      </trkpt>
      <trkpt lat="55.533548" lon="13.075304">
        <ele>51.4</ele>
        <time>2025-05-12T09:37:55.827000Z</time>
      </trkpt>
      <trkpt lat="55.533638" lon="13.075284">
        <ele>51.3</ele>
        <time>2025-05-12T09:37:57.827000Z</time>
      </trkpt>
      <trkpt lat="55.533775" lon="13.075264">
        <ele>51.2</ele>
        <time>2025-05-12T09:38:00.826000Z</time>
      </trkpt>
      <trkpt lat="55.533901" lon="13.075237">
        <ele>51.1</ele>
        <time>2025-05-12T09:38:03.826000Z</time>
      </trkpt>
      <trkpt lat="55.534018" lon="13.075236">
        <ele>51.0</ele>
        <time>2025-05-12T09:38:06.826000Z</time>
      </trkpt>
      <trkpt lat="55.534131" lon="13.075225">
        <ele>50.9</ele>
        <time>2025-05-12T09:38:09.826000Z</time>
      </trkpt>
      <trkpt lat="55.534254" lon="13.075214">
        <ele>50.8</ele>
        <time>2025-05-12T09:38:12.826000Z</time>
      </trkpt>
      <trkpt lat="55.534378" lon="13.075202">
        <ele>50.7</ele>
        <time>2025-05-12T09:38:15.826000Z</time>
      </trkpt>
      <trkpt lat="55.534499" lon="13.075193">
        <ele>50.5</ele>
        <time>2025-05-12T09:38:18.826000Z</time>
      </trkpt>
      <trkpt lat="55.534618" lon="13.075177">
        <ele>50.4</ele>
        <time>2025-05-12T09:38:21.826000Z</time>
      </trkpt>
      <trkpt lat="55.534738" lon="13.075137">
        <ele>50.3</ele>
        <time>2025-05-12T09:38:24.826000Z</time>
      </trkpt>
      <trkpt lat="55.534871" lon="13.075118">
        <ele>50.2</ele>
        <time>2025-05-12T09:38:27.826000Z</time>
      </trkpt>
      <trkpt lat="55.53497" lon="13.075109">
        <ele>50.1</ele>
        <time>2025-05-12T09:38:29.826000Z</time>
      </trkpt>
      <trkpt lat="55.535071" lon="13.075094">
        <ele>50.1</ele>
        <time>2025-05-12T09:38:31.826000Z</time>
      </trkpt>
      <trkpt lat="55.535177" lon="13.075066">
        <ele>50.0</ele>
        <time>2025-05-12T09:38:33.826000Z</time>
      </trkpt>
      <trkpt lat="55.535281" lon="13.075037">
        <ele>49.9</ele>
        <time>2025-05-12T09:38:35.826000Z</time>
      </trkpt>
      <trkpt lat="55.535397" lon="13.075029">
        <ele>49.7</ele>
        <time>2025-05-12T09:38:37.826000Z</time>
      </trkpt>
      <trkpt lat="55.535516" lon="13.075017">
        <ele>49.4</ele>
        <time>2025-05-12T09:38:39.826000Z</time>
      </trkpt>
      <trkpt lat="55.535635" lon="13.074991">
        <ele>49.1</ele>
        <time>2025-05-12T09:38:41.826000Z</time>
      </trkpt>
      <trkpt lat="55.535756" lon="13.074955">
        <ele>48.8</ele>
        <time>2025-05-12T09:38:43.826000Z</time>
      </trkpt>
      <trkpt lat="55.535877" lon="13.074925">
        <ele>48.5</ele>
        <time>2025-05-12T09:38:45.825000Z</time>
      </trkpt>
      <trkpt lat="55.535998" lon="13.074902">
        <ele>48.3</ele>
        <time>2025-05-12T09:38:47.825000Z</time>
      </trkpt>
      <trkpt lat="55.536117" lon="13.074874">
        <ele>48.0</ele>
        <time>2025-05-12T09:38:49.825000Z</time>
      </trkpt>
      <trkpt lat="55.536239" lon="13.074855">
        <ele>47.7</ele>
        <time>2025-05-12T09:38:51.825000Z</time>
      </trkpt>
      <trkpt lat="55.536358" lon="13.074831">
        <ele>47.4</ele>
        <time>2025-05-12T09:38:53.825000Z</time>
      </trkpt>
      <trkpt lat="55.536473" lon="13.074805">
        <ele>47.2</ele>
        <time>2025-05-12T09:38:55.825000Z</time>
      </trkpt>
      <trkpt lat="55.536586" lon="13.074769">
        <ele>46.9</ele>
        <time>2025-05-12T09:38:57.825000Z</time>
      </trkpt>
      <trkpt lat="55.5367" lon="13.074781">
        <ele>46.6</ele>
        <time>2025-05-12T09:38:59.825000Z</time>
      </trkpt>
      <trkpt lat="55.536802" lon="13.074759">
        <ele>46.4</ele>
        <time>2025-05-12T09:39:01.825000Z</time>
      </trkpt>
      <trkpt lat="55.536902" lon="13.074723">
        <ele>46.2</ele>
        <time>2025-05-12T09:39:03.825000Z</time>
      </trkpt>
      <trkpt lat="55.537001" lon="13.074697">
        <ele>45.9</ele>
        <time>2025-05-12T09:39:05.825000Z</time>
      </trkpt>
      <trkpt lat="55.537093" lon="13.074665">
        <ele>45.7</ele>
        <time>2025-05-12T09:39:07.825000Z</time>
      </trkpt>
      <trkpt lat="55.537193" lon="13.074694">
        <ele>45.6</ele>
        <time>2025-05-12T09:39:09.825000Z</time>
      </trkpt>
      <trkpt lat="55.537288" lon="13.074697">
        <ele>45.4</ele>
        <time>2025-05-12T09:39:11.825000Z</time>
      </trkpt>
      <trkpt lat="55.537401" lon="13.074674">
        <ele>45.3</ele>
        <time>2025-05-12T09:39:13.825000Z</time>
      </trkpt>
      <trkpt lat="55.537535" lon="13.074661">
        <ele>45.1</ele>
        <time>2025-05-12T09:39:16.825000Z</time>
      </trkpt>
      <trkpt lat="55.53767" lon="13.074643">
        <ele>44.9</ele>
        <time>2025-05-12T09:39:19.825000Z</time>
      </trkpt>
      <trkpt lat="55.537768" lon="13.07466">
        <ele>44.7</ele>
        <time>2025-05-12T09:39:21.824000Z</time>
      </trkpt>
      <trkpt lat="55.537881" lon="13.074625">
        <ele>44.6</ele>
        <time>2025-05-12T09:39:23.822000Z</time>
      </trkpt>
      <trkpt lat="55.537975" lon="13.074606">
        <ele>44.4</ele>
        <time>2025-05-12T09:39:25.819000Z</time>
      </trkpt>
      <trkpt lat="55.538088" lon="13.074535">
        <ele>44.3</ele>
        <time>2025-05-12T09:39:27.817000Z</time>
      </trkpt>
      <trkpt lat="55.538232" lon="13.074541">
        <ele>44.1</ele>
        <time>2025-05-12T09:39:29.816000Z</time>
      </trkpt>
      <trkpt lat="55.538351" lon="13.074605">
        <ele>43.9</ele>
        <time>2025-05-12T09:39:31.814000Z</time>
      </trkpt>
      <trkpt lat="55.538453" lon="13.074676">
        <ele>43.7</ele>
        <time>2025-05-12T09:39:33.813000Z</time>
      </trkpt>
      <trkpt lat="55.538556" lon="13.074675">
        <ele>43.6</ele>
        <time>2025-05-12T09:39:39.809000Z</time>
      </trkpt>
      <trkpt lat="55.538638" lon="13.074572">
        <ele>43.4</ele>
        <time>2025-05-12T09:39:44.807000Z</time>
      </trkpt>
      <trkpt lat="55.538796" lon="13.074474">
        <ele>43.2</ele>
        <time>2025-05-12T09:39:46.806000Z</time>
      </trkpt>
      <trkpt lat="55.53892" lon="13.074441">
        <ele>43.1</ele>
        <time>2025-05-12T09:39:49.806000Z</time>
      </trkpt>
      <trkpt lat="55.539044" lon="13.074412">
        <ele>42.9</ele>
        <time>2025-05-12T09:39:52.805000Z</time>
      </trkpt>
      <trkpt lat="55.539165" lon="13.074385">
        <ele>42.8</ele>
        <time>2025-05-12T09:39:55.804000Z</time>
      </trkpt>
      <trkpt lat="55.539284" lon="13.07436">
        <ele>42.8</ele>
        <time>2025-05-12T09:39:58.804000Z</time>
      </trkpt>
      <trkpt lat="55.539375" lon="13.074336">
        <ele>42.7</ele>
        <time>2025-05-12T09:40:00.803000Z</time>
      </trkpt>
      <trkpt lat="55.539489" lon="13.074312">
        <ele>42.6</ele>
        <time>2025-05-12T09:40:03.803000Z</time>
      </trkpt>
      <trkpt lat="55.539596" lon="13.07429">
        <ele>42.5</ele>
        <time>2025-05-12T09:40:06.803000Z</time>
      </trkpt>
      <trkpt lat="55.539699" lon="13.074269">
        <ele>42.4</ele>
        <time>2025-05-12T09:40:09.802000Z</time>
      </trkpt>
      <trkpt lat="55.539795" lon="13.07425">
        <ele>42.3</ele>
        <time>2025-05-12T09:40:12.802000Z</time>
      </trkpt>
      <trkpt lat="55.539911" lon="13.074221">
        <ele>42.2</ele>
        <time>2025-05-12T09:40:16.802000Z</time>
      </trkpt>
      <trkpt lat="55.540021" lon="13.074189">
        <ele>42.1</ele>
        <time>2025-05-12T09:40:19.802000Z</time>
      </trkpt>
      <trkpt lat="55.540133" lon="13.074153">
        <ele>42.0</ele>
        <time>2025-05-12T09:40:22.802000Z</time>
      </trkpt>
      <trkpt lat="55.540232" lon="13.074108">
        <ele>42.0</ele>
        <time>2025-05-12T09:40:25.801000Z</time>
      </trkpt>
      <trkpt lat="55.540332" lon="13.074049">
        <ele>41.9</ele>
        <time>2025-05-12T09:40:28.801000Z</time>
      </trkpt>
      <trkpt lat="55.54043" lon="13.073971">
        <ele>41.8</ele>
        <time>2025-05-12T09:40:31.801000Z</time>
      </trkpt>
      <trkpt lat="55.540544" lon="13.073875">
        <ele>41.7</ele>
        <time>2025-05-12T09:40:34.801000Z</time>
      </trkpt>
      <trkpt lat="55.540628" lon="13.073804">
        <ele>41.6</ele>
        <time>2025-05-12T09:40:36.801000Z</time>
      </trkpt>
      <trkpt lat="55.540737" lon="13.073699">
        <ele>41.3</ele>
        <time>2025-05-12T09:40:39.801000Z</time>
      </trkpt>
      <trkpt lat="55.540849" lon="13.073588">
        <ele>41.0</ele>
        <time>2025-05-12T09:40:42.801000Z</time>
      </trkpt>
      <trkpt lat="55.540961" lon="13.073463">
        <ele>40.7</ele>
        <time>2025-05-12T09:40:45.801000Z</time>
      </trkpt>
      <trkpt lat="55.541053" lon="13.073432">
        <ele>40.5</ele>
        <time>2025-05-12T09:40:47.801000Z</time>
      </trkpt>
      <trkpt lat="55.54113" lon="13.073331">
        <ele>40.3</ele>
        <time>2025-05-12T09:40:49.801000Z</time>
      </trkpt>
      <trkpt lat="55.54121" lon="13.073221">
        <ele>40.1</ele>
        <time>2025-05-12T09:40:51.801000Z</time>
      </trkpt>
      <trkpt lat="55.541293" lon="13.073109">
        <ele>39.9</ele>
        <time>2025-05-12T09:40:53.800000Z</time>
      </trkpt>
      <trkpt lat="55.541373" lon="13.073">
        <ele>39.6</ele>
        <time>2025-05-12T09:40:55.800000Z</time>
      </trkpt>
      <trkpt lat="55.541447" lon="13.072899">
        <ele>39.4</ele>
        <time>2025-05-12T09:40:57.800000Z</time>
      </trkpt>
      <trkpt lat="55.54153" lon="13.072784">
        <ele>39.2</ele>
        <time>2025-05-12T09:40:59.800000Z</time>
      </trkpt>
      <trkpt lat="55.541613" lon="13.072666">
        <ele>39.0</ele>
        <time>2025-05-12T09:41:01.800000Z</time>
      </trkpt>
      <trkpt lat="55.541708" lon="13.072525">
        <ele>38.7</ele>
        <time>2025-05-12T09:41:03.800000Z</time>
      </trkpt>
      <trkpt lat="55.5418" lon="13.072387">
        <ele>38.4</ele>
        <time>2025-05-12T09:41:05.800000Z</time>
      </trkpt>
      <trkpt lat="55.541902" lon="13.072268">
        <ele>38.2</ele>
        <time>2025-05-12T09:41:07.800000Z</time>
      </trkpt>
      <trkpt lat="55.54199" lon="13.072125">
        <ele>37.9</ele>
        <time>2025-05-12T09:41:09.800000Z</time>
      </trkpt>
      <trkpt lat="55.542091" lon="13.071952">
        <ele>37.6</ele>
        <time>2025-05-12T09:41:11.800000Z</time>
      </trkpt>
      <trkpt lat="55.542192" lon="13.071801">
        <ele>37.5</ele>
        <time>2025-05-12T09:41:13.800000Z</time>
      </trkpt>
      <trkpt lat="55.542292" lon="13.071648">
        <ele>37.3</ele>
        <time>2025-05-12T09:41:15.800000Z</time>
      </trkpt>
      <trkpt lat="55.542392" lon="13.0715">
        <ele>37.1</ele>
        <time>2025-05-12T09:41:17.800000Z</time>
      </trkpt>
      <trkpt lat="55.542486" lon="13.071381">
        <ele>37.0</ele>
        <time>2025-05-12T09:41:19.800000Z</time>
      </trkpt>
      <trkpt lat="55.542593" lon="13.07128">
        <ele>36.8</ele>
        <time>2025-05-12T09:41:21.800000Z</time>
      </trkpt>
      <trkpt lat="55.542693" lon="13.071192">
        <ele>36.7</ele>
        <time>2025-05-12T09:41:23.800000Z</time>
      </trkpt>
      <trkpt lat="55.542792" lon="13.071115">
        <ele>36.6</ele>
        <time>2025-05-12T09:41:25.800000Z</time>
      </trkpt>
      <trkpt lat="55.542885" lon="13.071055">
        <ele>36.4</ele>
        <time>2025-05-12T09:41:27.800000Z</time>
      </trkpt>
      <trkpt lat="55.542977" lon="13.071006">
        <ele>36.3</ele>
        <time>2025-05-12T09:41:29.800000Z</time>
      </trkpt>
      <trkpt lat="55.543073" lon="13.070972">
        <ele>36.2</ele>
        <time>2025-05-12T09:41:31.800000Z</time>
      </trkpt>
      <trkpt lat="55.543167" lon="13.07095">
        <ele>36.1</ele>
        <time>2025-05-12T09:41:33.799000Z</time>
      </trkpt>
      <trkpt lat="55.543265" lon="13.070928">
        <ele>36.0</ele>
        <time>2025-05-12T09:41:35.799000Z</time>
      </trkpt>
      <trkpt lat="55.54338" lon="13.070916">
        <ele>35.8</ele>
        <time>2025-05-12T09:41:37.800000Z</time>
      </trkpt>
      <trkpt lat="55.543491" lon="13.070926">
        <ele>35.7</ele>
        <time>2025-05-12T09:41:39.800000Z</time>
      </trkpt>
      <trkpt lat="55.543596" lon="13.07096">
        <ele>35.5</ele>
        <time>2025-05-12T09:41:41.800000Z</time>
      </trkpt>
      <trkpt lat="55.543713" lon="13.07098">
        <ele>35.5</ele>
        <time>2025-05-12T09:41:43.800000Z</time>
      </trkpt>
      <trkpt lat="55.543835" lon="13.071">
        <ele>35.5</ele>
        <time>2025-05-12T09:41:45.800000Z</time>
      </trkpt>
      <trkpt lat="55.543951" lon="13.071037">
        <ele>35.6</ele>
        <time>2025-05-12T09:41:47.799000Z</time>
      </trkpt>
      <trkpt lat="55.544052" lon="13.071072">
        <ele>35.6</ele>
        <time>2025-05-12T09:41:49.800000Z</time>
      </trkpt>
      <trkpt lat="55.544145" lon="13.071085">
        <ele>35.7</ele>
        <time>2025-05-12T09:41:51.800000Z</time>
      </trkpt>
      <trkpt lat="55.544262" lon="13.071122">
        <ele>35.8</ele>
        <time>2025-05-12T09:41:54.800000Z</time>
      </trkpt>
      <trkpt lat="55.544363" lon="13.071128">
        <ele>35.8</ele>
        <time>2025-05-12T09:41:57.800000Z</time>
      </trkpt>
      <trkpt lat="55.544452" lon="13.071148">
        <ele>35.9</ele>
        <time>2025-05-12T09:42:00.799000Z</time>
      </trkpt>
      <trkpt lat="55.544572" lon="13.071173">
        <ele>35.9</ele>
        <time>2025-05-12T09:42:04.800000Z</time>
      </trkpt>
      <trkpt lat="55.544674" lon="13.071183">
        <ele>36.0</ele>
        <time>2025-05-12T09:42:07.800000Z</time>
      </trkpt>
      <trkpt lat="55.544803" lon="13.071186">
        <ele>36.1</ele>
        <time>2025-05-12T09:42:10.799000Z</time>
      </trkpt>
      <trkpt lat="55.544894" lon="13.071185">
        <ele>36.1</ele>
        <time>2025-05-12T09:42:12.799000Z</time>
      </trkpt>
      <trkpt lat="55.545026" lon="13.071176">
        <ele>36.2</ele>
        <time>2025-05-12T09:42:15.799000Z</time>
      </trkpt>
      <trkpt lat="55.545149" lon="13.071153">
        <ele>36.3</ele>
        <time>2025-05-12T09:42:18.799000Z</time>
      </trkpt>
      <trkpt lat="55.545281" lon="13.07116">
        <ele>36.3</ele>
        <time>2025-05-12T09:42:21.799000Z</time>
      </trkpt>
      <trkpt lat="55.545407" lon="13.071161">
        <ele>36.4</ele>
        <time>2025-05-12T09:42:24.799000Z</time>
      </trkpt>
      <trkpt lat="55.545515" lon="13.071102">
        <ele>36.4</ele>
        <time>2025-05-12T09:42:27.799000Z</time>
      </trkpt>
      <trkpt lat="55.545634" lon="13.071072">
        <ele>36.4</ele>
        <time>2025-05-12T09:42:30.799000Z</time>
      </trkpt>
      <trkpt lat="55.545745" lon="13.071007">
        <ele>36.3</ele>
        <time>2025-05-12T09:42:33.799000Z</time>
      </trkpt>
      <trkpt lat="55.545855" lon="13.07095">
        <ele>36.3</ele>
        <time>2025-05-12T09:42:36.799000Z</time>
      </trkpt>
      <trkpt lat="55.545965" lon="13.070914">
        <ele>36.3</ele>
        <time>2025-05-12T09:42:39.799000Z</time>
      </trkpt>
      <trkpt lat="55.54606" lon="13.070856">
        <ele>36.2</ele>
        <time>2025-05-12T09:42:42.799000Z</time>
      </trkpt>
      <trkpt lat="55.546151" lon="13.070798">
        <ele>36.2</ele>
        <time>2025-05-12T09:42:45.799000Z</time>
      </trkpt>
      <trkpt lat="55.546245" lon="13.070736">
        <ele>36.1</ele>
        <time>2025-05-12T09:42:48.799000Z</time>
      </trkpt>
      <trkpt lat="55.546344" lon="13.070665">
        <ele>36.1</ele>
        <time>2025-05-12T09:42:51.799000Z</time>
      </trkpt>
      <trkpt lat="55.546443" lon="13.070587">
        <ele>36.1</ele>
        <time>2025-05-12T09:42:54.798000Z</time>
      </trkpt>
      <trkpt lat="55.546551" lon="13.070499">
        <ele>36.0</ele>
        <time>2025-05-12T09:42:57.798000Z</time>
      </trkpt>
      <trkpt lat="55.546638" lon="13.070429">
        <ele>36.0</ele>
        <time>2025-05-12T09:42:59.798000Z</time>
      </trkpt>
      <trkpt lat="55.546741" lon="13.070346">
        <ele>35.9</ele>
        <time>2025-05-12T09:43:01.798000Z</time>
      </trkpt>
      <trkpt lat="55.546846" lon="13.070256">
        <ele>35.9</ele>
        <time>2025-05-12T09:43:03.798000Z</time>
      </trkpt>
      <trkpt lat="55.54695" lon="13.070157">
        <ele>35.9</ele>
        <time>2025-05-12T09:43:05.798000Z</time>
      </trkpt>
      <trkpt lat="55.547039" lon="13.070073">
        <ele>35.8</ele>
        <time>2025-05-12T09:43:07.798000Z</time>
      </trkpt>
      <trkpt lat="55.547122" lon="13.070009">
        <ele>35.8</ele>
        <time>2025-05-12T09:43:09.798000Z</time>
      </trkpt>
      <trkpt lat="55.547241" lon="13.06992">
        <ele>35.9</ele>
        <time>2025-05-12T09:43:12.798000Z</time>
      </trkpt>
      <trkpt lat="55.547359" lon="13.069833">
        <ele>36.0</ele>
        <time>2025-05-12T09:43:15.798000Z</time>
      </trkpt>
      <trkpt lat="55.547444" lon="13.069772">
        <ele>36.1</ele>
        <time>2025-05-12T09:43:17.798000Z</time>
      </trkpt>
      <trkpt lat="55.54753" lon="13.069721">
        <ele>36.2</ele>
        <time>2025-05-12T09:43:19.798000Z</time>
      </trkpt>
      <trkpt lat="55.547656" lon="13.069646">
        <ele>36.3</ele>
        <time>2025-05-12T09:43:22.798000Z</time>
      </trkpt>
      <trkpt lat="55.547745" lon="13.069592">
        <ele>36.4</ele>
        <time>2025-05-12T09:43:24.798000Z</time>
      </trkpt>
      <trkpt lat="55.547871" lon="13.069532">
        <ele>36.5</ele>
        <time>2025-05-12T09:43:27.798000Z</time>
      </trkpt>
      <trkpt lat="55.547994" lon="13.069476">
        <ele>36.6</ele>
        <time>2025-05-12T09:43:30.798000Z</time>
      </trkpt>
      <trkpt lat="55.548116" lon="13.069425">
        <ele>36.7</ele>
        <time>2025-05-12T09:43:33.798000Z</time>
      </trkpt>
      <trkpt lat="55.54823" lon="13.069384">
        <ele>36.8</ele>
        <time>2025-05-12T09:43:36.797000Z</time>
      </trkpt>
      <trkpt lat="55.548352" lon="13.069344">
        <ele>37.0</ele>
        <time>2025-05-12T09:43:39.797000Z</time>
      </trkpt>
      <trkpt lat="55.548474" lon="13.069309">
        <ele>37.1</ele>
        <time>2025-05-12T09:43:42.797000Z</time>
      </trkpt>
      <trkpt lat="55.54859" lon="13.069283">
        <ele>37.2</ele>
        <time>2025-05-12T09:43:45.797000Z</time>
      </trkpt>
      <trkpt lat="55.548704" lon="13.069259">
        <ele>37.3</ele>
        <time>2025-05-12T09:43:48.797000Z</time>
      </trkpt>
      <trkpt lat="55.548819" lon="13.069237">
        <ele>37.4</ele>
        <time>2025-05-12T09:43:51.797000Z</time>
      </trkpt>
      <trkpt lat="55.548932" lon="13.069215">
        <ele>37.4</ele>
        <time>2025-05-12T09:43:54.797000Z</time>
      </trkpt>
      <trkpt lat="55.549045" lon="13.069193">
        <ele>37.4</ele>
        <time>2025-05-12T09:43:57.797000Z</time>
      </trkpt>
      <trkpt lat="55.549152" lon="13.069173">
        <ele>37.4</ele>
        <time>2025-05-12T09:44:00.797000Z</time>
      </trkpt>
      <trkpt lat="55.549268" lon="13.069148">
        <ele>37.4</ele>
        <time>2025-05-12T09:44:03.797000Z</time>
      </trkpt>
      <trkpt lat="55.549388" lon="13.069122">
        <ele>37.4</ele>
        <time>2025-05-12T09:44:06.797000Z</time>
      </trkpt>
      <trkpt lat="55.549509" lon="13.06909">
        <ele>37.5</ele>
        <time>2025-05-12T09:44:09.797000Z</time>
      </trkpt>
      <trkpt lat="55.549639" lon="13.069053">
        <ele>37.5</ele>
        <time>2025-05-12T09:44:12.797000Z</time>
      </trkpt>
      <trkpt lat="55.549728" lon="13.069028">
        <ele>37.5</ele>
        <time>2025-05-12T09:44:14.797000Z</time>
      </trkpt>
      <trkpt lat="55.549817" lon="13.069002">
        <ele>37.5</ele>
        <time>2025-05-12T09:44:16.797000Z</time>
      </trkpt>
      <trkpt lat="55.549948" lon="13.068963">
        <ele>37.5</ele>
        <time>2025-05-12T09:44:19.796000Z</time>
      </trkpt>
      <trkpt lat="55.550078" lon="13.068926">
        <ele>37.5</ele>
        <time>2025-05-12T09:44:22.796000Z</time>
      </trkpt>
      <trkpt lat="55.550195" lon="13.068888">
        <ele>37.5</ele>
        <time>2025-05-12T09:44:25.796000Z</time>
      </trkpt>
      <trkpt lat="55.550293" lon="13.068849">
        <ele>37.5</ele>
        <time>2025-05-12T09:44:28.796000Z</time>
      </trkpt>
      <trkpt lat="55.550383" lon="13.068809">
        <ele>37.5</ele>
        <time>2025-05-12T09:44:31.796000Z</time>
      </trkpt>
      <trkpt lat="55.550471" lon="13.068757">
        <ele>37.5</ele>
        <time>2025-05-12T09:44:34.796000Z</time>
      </trkpt>
      <trkpt lat="55.550565" lon="13.068696">
        <ele>37.5</ele>
        <time>2025-05-12T09:44:37.796000Z</time>
      </trkpt>
      <trkpt lat="55.550674" lon="13.068622">
        <ele>37.5</ele>
        <time>2025-05-12T09:44:40.796000Z</time>
      </trkpt>
      <trkpt lat="55.550761" lon="13.06856">
        <ele>37.4</ele>
        <time>2025-05-12T09:44:42.796000Z</time>
      </trkpt>
      <trkpt lat="55.550857" lon="13.06849">
        <ele>37.3</ele>
        <time>2025-05-12T09:44:44.796000Z</time>
      </trkpt>
      <trkpt lat="55.550964" lon="13.068408">
        <ele>37.2</ele>
        <time>2025-05-12T09:44:46.796000Z</time>
      </trkpt>
      <trkpt lat="55.551098" lon="13.068412">
        <ele>37.0</ele>
        <time>2025-05-12T09:44:48.796000Z</time>
      </trkpt>
      <trkpt lat="55.551211" lon="13.06831">
        <ele>36.9</ele>
        <time>2025-05-12T09:44:50.796000Z</time>
      </trkpt>
      <trkpt lat="55.551319" lon="13.068194">
        <ele>36.8</ele>
        <time>2025-05-12T09:44:52.796000Z</time>
      </trkpt>
      <trkpt lat="55.551416" lon="13.068059">
        <ele>36.7</ele>
        <time>2025-05-12T09:44:54.796000Z</time>
      </trkpt>
      <trkpt lat="55.551512" lon="13.067917">
        <ele>36.6</ele>
        <time>2025-05-12T09:44:56.796000Z</time>
      </trkpt>
      <trkpt lat="55.551612" lon="13.067787">
        <ele>36.5</ele>
        <time>2025-05-12T09:44:58.795000Z</time>
      </trkpt>
      <trkpt lat="55.551713" lon="13.067675">
        <ele>36.3</ele>
        <time>2025-05-12T09:45:00.795000Z</time>
      </trkpt>
      <trkpt lat="55.551812" lon="13.067563">
        <ele>36.2</ele>
        <time>2025-05-12T09:45:02.795000Z</time>
      </trkpt>
      <trkpt lat="55.551907" lon="13.067456">
        <ele>36.1</ele>
        <time>2025-05-12T09:45:04.795000Z</time>
      </trkpt>
      <trkpt lat="55.552" lon="13.06735">
        <ele>36.0</ele>
        <time>2025-05-12T09:45:06.795000Z</time>
      </trkpt>
      <trkpt lat="55.552089" lon="13.067247">
        <ele>35.9</ele>
        <time>2025-05-12T09:45:08.795000Z</time>
      </trkpt>
      <trkpt lat="55.552179" lon="13.067145">
        <ele>35.8</ele>
        <time>2025-05-12T09:45:10.795000Z</time>
      </trkpt>
      <trkpt lat="55.552266" lon="13.067051">
        <ele>36.1</ele>
        <time>2025-05-12T09:45:12.795000Z</time>
      </trkpt>
      <trkpt lat="55.552343" lon="13.066948">
        <ele>36.3</ele>
        <time>2025-05-12T09:45:14.795000Z</time>
      </trkpt>
      <trkpt lat="55.552457" lon="13.066826">
        <ele>36.6</ele>
        <time>2025-05-12T09:45:17.795000Z</time>
      </trkpt>
      <trkpt lat="55.552566" lon="13.066706">
        <ele>36.9</ele>
        <time>2025-05-12T09:45:20.795000Z</time>
      </trkpt>
      <trkpt lat="55.552669" lon="13.066596">
        <ele>37.2</ele>
        <time>2025-05-12T09:45:23.795000Z</time>
      </trkpt>
      <trkpt lat="55.55277" lon="13.066499">
        <ele>37.5</ele>
        <time>2025-05-12T09:45:26.795000Z</time>
      </trkpt>
      <trkpt lat="55.552869" lon="13.066385">
        <ele>37.7</ele>
        <time>2025-05-12T09:45:29.795000Z</time>
      </trkpt>
      <trkpt lat="55.552969" lon="13.066273">
        <ele>38.0</ele>
        <time>2025-05-12T09:45:32.795000Z</time>
      </trkpt>
      <trkpt lat="55.553072" lon="13.066163">
        <ele>38.3</ele>
        <time>2025-05-12T09:45:35.795000Z</time>
      </trkpt>
      <trkpt lat="55.553178" lon="13.06605">
        <ele>38.6</ele>
        <time>2025-05-12T09:45:38.795000Z</time>
      </trkpt>
      <trkpt lat="55.553286" lon="13.065931">
        <ele>38.9</ele>
        <time>2025-05-12T09:45:41.794000Z</time>
      </trkpt>
      <trkpt lat="55.5534" lon="13.065812">
        <ele>39.2</ele>
        <time>2025-05-12T09:45:44.794000Z</time>
      </trkpt>
      <trkpt lat="55.553481" lon="13.065732">
        <ele>39.4</ele>
        <time>2025-05-12T09:45:46.794000Z</time>
      </trkpt>
      <trkpt lat="55.553565" lon="13.065656">
        <ele>39.7</ele>
        <time>2025-05-12T09:45:48.794000Z</time>
      </trkpt>
      <trkpt lat="55.553655" lon="13.065591">
        <ele>39.9</ele>
        <time>2025-05-12T09:45:50.794000Z</time>
      </trkpt>
      <trkpt lat="55.553736" lon="13.065488">
        <ele>40.0</ele>
        <time>2025-05-12T09:45:52.794000Z</time>
      </trkpt>
      <trkpt lat="55.553831" lon="13.065392">
        <ele>39.5</ele>
        <time>2025-05-12T09:45:54.794000Z</time>
      </trkpt>
      <trkpt lat="55.553928" lon="13.065293">
        <ele>38.9</ele>
        <time>2025-05-12T09:45:56.794000Z</time>
      </trkpt>
      <trkpt lat="55.55403" lon="13.06519">
        <ele>38.3</ele>
        <time>2025-05-12T09:45:58.794000Z</time>
      </trkpt>
      <trkpt lat="55.554146" lon="13.065074">
        <ele>37.7</ele>
        <time>2025-05-12T09:46:00.795000Z</time>
      </trkpt>
      <trkpt lat="55.554272" lon="13.06495">
        <ele>37.0</ele>
        <time>2025-05-12T09:46:02.794000Z</time>
      </trkpt>
      <trkpt lat="55.554394" lon="13.064827">
        <ele>36.3</ele>
        <time>2025-05-12T09:46:04.794000Z</time>
      </trkpt>
      <trkpt lat="55.554514" lon="13.064707">
        <ele>35.6</ele>
        <time>2025-05-12T09:46:06.794000Z</time>
      </trkpt>
      <trkpt lat="55.554638" lon="13.064582">
        <ele>34.9</ele>
        <time>2025-05-12T09:46:08.794000Z</time>
      </trkpt>
      <trkpt lat="55.55476" lon="13.064458">
        <ele>34.2</ele>
        <time>2025-05-12T09:46:10.794000Z</time>
      </trkpt>
      <trkpt lat="55.554856" lon="13.064278">
        <ele>33.5</ele>
        <time>2025-05-12T09:46:12.794000Z</time>
      </trkpt>
      <trkpt lat="55.554964" lon="13.064165">
        <ele>32.9</ele>
        <time>2025-05-12T09:46:14.794000Z</time>
      </trkpt>
      <trkpt lat="55.55507" lon="13.064054">
        <ele>32.3</ele>
        <time>2025-05-12T09:46:16.794000Z</time>
      </trkpt>
      <trkpt lat="55.555172" lon="13.063946">
        <ele>31.7</ele>
        <time>2025-05-12T09:46:18.794000Z</time>
      </trkpt>
      <trkpt lat="55.55527" lon="13.06384">
        <ele>31.2</ele>
        <time>2025-05-12T09:46:20.794000Z</time>
      </trkpt>
      <trkpt lat="55.555364" lon="13.063739">
        <ele>31.2</ele>
        <time>2025-05-12T09:46:22.794000Z</time>
      </trkpt>
      <trkpt lat="55.555456" lon="13.063639">
        <ele>31.2</ele>
        <time>2025-05-12T09:46:24.794000Z</time>
      </trkpt>
      <trkpt lat="55.555544" lon="13.063543">
        <ele>31.1</ele>
        <time>2025-05-12T09:46:26.794000Z</time>
      </trkpt>
      <trkpt lat="55.555629" lon="13.063451">
        <ele>31.1</ele>
        <time>2025-05-12T09:46:28.793000Z</time>
      </trkpt>
      <trkpt lat="55.555713" lon="13.063361">
        <ele>31.1</ele>
        <time>2025-05-12T09:46:30.793000Z</time>
      </trkpt>
      <trkpt lat="55.555793" lon="13.063274">
        <ele>31.1</ele>
        <time>2025-05-12T09:46:32.793000Z</time>
      </trkpt>
      <trkpt lat="55.555873" lon="13.063187">
        <ele>31.1</ele>
        <time>2025-05-12T09:46:34.793000Z</time>
      </trkpt>
      <trkpt lat="55.555977" lon="13.063075">
        <ele>31.1</ele>
        <time>2025-05-12T09:46:37.793000Z</time>
      </trkpt>
      <trkpt lat="55.55607" lon="13.062975">
        <ele>31.0</ele>
        <time>2025-05-12T09:46:40.793000Z</time>
      </trkpt>
      <trkpt lat="55.556161" lon="13.062881">
        <ele>31.0</ele>
        <time>2025-05-12T09:46:43.793000Z</time>
      </trkpt>
      <trkpt lat="55.556259" lon="13.062781">
        <ele>31.0</ele>
        <time>2025-05-12T09:46:46.793000Z</time>
      </trkpt>
      <trkpt lat="55.556373" lon="13.062668">
        <ele>31.0</ele>
        <time>2025-05-12T09:46:49.793000Z</time>
      </trkpt>
      <trkpt lat="55.556457" lon="13.062587">
        <ele>31.0</ele>
        <time>2025-05-12T09:46:51.793000Z</time>
      </trkpt>
      <trkpt lat="55.556537" lon="13.062509">
        <ele>30.9</ele>
        <time>2025-05-12T09:46:53.793000Z</time>
      </trkpt>
      <trkpt lat="55.556619" lon="13.06243">
        <ele>30.9</ele>
        <time>2025-05-12T09:46:55.793000Z</time>
      </trkpt>
      <trkpt lat="55.556709" lon="13.062346">
        <ele>30.9</ele>
        <time>2025-05-12T09:46:57.793000Z</time>
      </trkpt>
      <trkpt lat="55.556806" lon="13.062256">
        <ele>30.9</ele>
        <time>2025-05-12T09:46:59.793000Z</time>
      </trkpt>
      <trkpt lat="55.556907" lon="13.062166">
        <ele>30.9</ele>
        <time>2025-05-12T09:47:01.793000Z</time>
      </trkpt>
      <trkpt lat="55.557012" lon="13.062075">
        <ele>30.8</ele>
        <time>2025-05-12T09:47:03.793000Z</time>
      </trkpt>
      <trkpt lat="55.557117" lon="13.061987">
        <ele>30.8</ele>
        <time>2025-05-12T09:47:05.793000Z</time>
      </trkpt>
      <trkpt lat="55.557218" lon="13.061903">
        <ele>30.7</ele>
        <time>2025-05-12T09:47:07.793000Z</time>
      </trkpt>
      <trkpt lat="55.557317" lon="13.061824">
        <ele>30.7</ele>
        <time>2025-05-12T09:47:09.792000Z</time>
      </trkpt>
      <trkpt lat="55.55741" lon="13.061751">
        <ele>30.7</ele>
        <time>2025-05-12T09:47:11.792000Z</time>
      </trkpt>
      <trkpt lat="55.557502" lon="13.061698">
        <ele>30.6</ele>
        <time>2025-05-12T09:47:13.792000Z</time>
      </trkpt>
      <trkpt lat="55.557582" lon="13.06162">
        <ele>30.6</ele>
        <time>2025-05-12T09:47:15.792000Z</time>
      </trkpt>
      <trkpt lat="55.557667" lon="13.061562">
        <ele>30.6</ele>
        <time>2025-05-12T09:47:17.792000Z</time>
      </trkpt>
      <trkpt lat="55.557791" lon="13.061479">
        <ele>30.5</ele>
        <time>2025-05-12T09:47:20.792000Z</time>
      </trkpt>
      <trkpt lat="55.557914" lon="13.061397">
        <ele>30.5</ele>
        <time>2025-05-12T09:47:23.792000Z</time>
      </trkpt>
      <trkpt lat="55.557998" lon="13.061341">
        <ele>30.4</ele>
        <time>2025-05-12T09:47:25.792000Z</time>
      </trkpt>
      <trkpt lat="55.558084" lon="13.061283">
        <ele>30.4</ele>
        <time>2025-05-12T09:47:27.792000Z</time>
      </trkpt>
      <trkpt lat="55.558171" lon="13.061225">
        <ele>30.4</ele>
        <time>2025-05-12T09:47:29.792000Z</time>
      </trkpt>
      <trkpt lat="55.55826" lon="13.061166">
        <ele>30.3</ele>
        <time>2025-05-12T09:47:31.792000Z</time>
      </trkpt>
      <trkpt lat="55.55835" lon="13.061106">
        <ele>30.3</ele>
        <time>2025-05-12T09:47:33.792000Z</time>
      </trkpt>
      <trkpt lat="55.558439" lon="13.061046">
        <ele>30.3</ele>
        <time>2025-05-12T09:47:35.792000Z</time>
      </trkpt>
      <trkpt lat="55.558533" lon="13.060993">
        <ele>30.2</ele>
        <time>2025-05-12T09:47:37.792000Z</time>
      </trkpt>
      <trkpt lat="55.558622" lon="13.060949">
        <ele>30.2</ele>
        <time>2025-05-12T09:47:39.792000Z</time>
      </trkpt>
      <trkpt lat="55.558749" lon="13.060895">
        <ele>30.2</ele>
        <time>2025-05-12T09:47:42.792000Z</time>
      </trkpt>
      <trkpt lat="55.558859" lon="13.060841">
        <ele>30.2</ele>
        <time>2025-05-12T09:47:45.792000Z</time>
      </trkpt>
      <trkpt lat="55.558978" lon="13.060771">
        <ele>30.2</ele>
        <time>2025-05-12T09:47:48.792000Z</time>
      </trkpt>
      <trkpt lat="55.559091" lon="13.060694">
        <ele>30.1</ele>
        <time>2025-05-12T09:47:51.791000Z</time>
      </trkpt>
      <trkpt lat="55.559204" lon="13.060611">
        <ele>30.1</ele>
        <time>2025-05-12T09:47:54.791000Z</time>
      </trkpt>
      <trkpt lat="55.559313" lon="13.060526">
        <ele>30.1</ele>
        <time>2025-05-12T09:47:57.791000Z</time>
      </trkpt>
      <trkpt lat="55.559418" lon="13.060444">
        <ele>30.1</ele>
        <time>2025-05-12T09:48:00.791000Z</time>
      </trkpt>
      <trkpt lat="55.559532" lon="13.060363">
        <ele>30.1</ele>
        <time>2025-05-12T09:48:03.791000Z</time>
      </trkpt>
      <trkpt lat="55.559637" lon="13.06029">
        <ele>30.0</ele>
        <time>2025-05-12T09:48:06.791000Z</time>
      </trkpt>
      <trkpt lat="55.559742" lon="13.060199">
        <ele>30.0</ele>
        <time>2025-05-12T09:48:09.792000Z</time>
      </trkpt>
      <trkpt lat="55.559859" lon="13.060086">
        <ele>30.0</ele>
        <time>2025-05-12T09:48:12.791000Z</time>
      </trkpt>
      <trkpt lat="55.559945" lon="13.06">
        <ele>30.0</ele>
        <time>2025-05-12T09:48:14.792000Z</time>
      </trkpt>
      <trkpt lat="55.560033" lon="13.059907">
        <ele>30.0</ele>
        <time>2025-05-12T09:48:16.792000Z</time>
      </trkpt>
      <trkpt lat="55.560116" lon="13.059821">
        <ele>29.9</ele>
        <time>2025-05-12T09:48:18.791000Z</time>
      </trkpt>
      <trkpt lat="55.560201" lon="13.059732">
        <ele>30.0</ele>
        <time>2025-05-12T09:48:20.791000Z</time>
      </trkpt>
      <trkpt lat="55.560296" lon="13.059677">
        <ele>30.0</ele>
        <time>2025-05-12T09:48:22.791000Z</time>
      </trkpt>
      <trkpt lat="55.560378" lon="13.059586">
        <ele>30.0</ele>
        <time>2025-05-12T09:48:24.791000Z</time>
      </trkpt>
      <trkpt lat="55.560461" lon="13.059499">
        <ele>30.1</ele>
        <time>2025-05-12T09:48:26.791000Z</time>
      </trkpt>
      <trkpt lat="55.560546" lon="13.059414">
        <ele>30.1</ele>
        <time>2025-05-12T09:48:28.791000Z</time>
      </trkpt>
      <trkpt lat="55.560636" lon="13.059341">
        <ele>30.1</ele>
        <time>2025-05-12T09:48:30.791000Z</time>
      </trkpt>
      <trkpt lat="55.560761" lon="13.059244">
        <ele>30.2</ele>
        <time>2025-05-12T09:48:33.791000Z</time>
      </trkpt>
      <trkpt lat="55.560844" lon="13.059151">
        <ele>30.2</ele>
        <time>2025-05-12T09:48:35.791000Z</time>
      </trkpt>
      <trkpt lat="55.560932" lon="13.059103">
        <ele>30.2</ele>
        <time>2025-05-12T09:48:37.791000Z</time>
      </trkpt>
      <trkpt lat="55.561023" lon="13.059015">
        <ele>30.3</ele>
        <time>2025-05-12T09:48:39.791000Z</time>
      </trkpt>
      <trkpt lat="55.561108" lon="13.058953">
        <ele>30.3</ele>
        <time>2025-05-12T09:48:41.791000Z</time>
      </trkpt>
      <trkpt lat="55.5612" lon="13.05888">
        <ele>30.3</ele>
        <time>2025-05-12T09:48:43.791000Z</time>
      </trkpt>
      <trkpt lat="55.561285" lon="13.058802">
        <ele>30.4</ele>
        <time>2025-05-12T09:48:45.791000Z</time>
      </trkpt>
      <trkpt lat="55.561407" lon="13.058701">
        <ele>30.4</ele>
        <time>2025-05-12T09:48:48.790000Z</time>
      </trkpt>
      <trkpt lat="55.561522" lon="13.058583">
        <ele>30.4</ele>
        <time>2025-05-12T09:48:51.790000Z</time>
      </trkpt>
      <trkpt lat="55.561596" lon="13.058488">
        <ele>30.5</ele>
        <time>2025-05-12T09:48:53.790000Z</time>
      </trkpt>
      <trkpt lat="55.561688" lon="13.058343">
        <ele>30.5</ele>
        <time>2025-05-12T09:48:56.790000Z</time>
      </trkpt>
      <trkpt lat="55.561805" lon="13.058287">
        <ele>30.7</ele>
        <time>2025-05-12T09:48:59.790000Z</time>
      </trkpt>
      <trkpt lat="55.561921" lon="13.058311">
        <ele>31.0</ele>
        <time>2025-05-12T09:49:03.790000Z</time>
      </trkpt>
      <trkpt lat="55.562009" lon="13.05827">
        <ele>31.2</ele>
        <time>2025-05-12T09:49:07.790000Z</time>
      </trkpt>
      <trkpt lat="55.562102" lon="13.058198">
        <ele>31.4</ele>
        <time>2025-05-12T09:49:11.790000Z</time>
      </trkpt>
      <trkpt lat="55.562167" lon="13.058066">
        <ele>31.6</ele>
        <time>2025-05-12T09:49:15.790000Z</time>
      </trkpt>
      <trkpt lat="55.56217" lon="13.05789">
        <ele>31.8</ele>
        <time>2025-05-12T09:49:25.790000Z</time>
      </trkpt>
      <trkpt lat="55.56214" lon="13.057727">
        <ele>32.0</ele>
        <time>2025-05-12T09:49:29.790000Z</time>
      </trkpt>
      <trkpt lat="55.562113" lon="13.057547">
        <ele>32.2</ele>
        <time>2025-05-12T09:49:33.789000Z</time>
      </trkpt>
      <trkpt lat="55.562198" lon="13.057476">
        <ele>32.4</ele>
        <time>2025-05-12T09:49:36.789000Z</time>
      </trkpt>
      <trkpt lat="55.562294" lon="13.057395">
        <ele>32.6</ele>
        <time>2025-05-12T09:49:40.789000Z</time>
      </trkpt>
      <trkpt lat="55.562393" lon="13.057332">
        <ele>32.8</ele>
        <time>2025-05-12T09:49:44.789000Z</time>
      </trkpt>
      <trkpt lat="55.562477" lon="13.057265">
        <ele>33.0</ele>
        <time>2025-05-12T09:49:50.789000Z</time>
      </trkpt>
      <trkpt lat="55.56257" lon="13.057192">
        <ele>33.2</ele>
        <time>2025-05-12T09:49:56.789000Z</time>
      </trkpt>
      <trkpt lat="55.562674" lon="13.057147">
        <ele>33.4</ele>
        <time>2025-05-12T09:50:02.789000Z</time>
      </trkpt>
      <trkpt lat="55.562771" lon="13.057103">
        <ele>33.7</ele>
        <time>2025-05-12T09:50:08.789000Z</time>
      </trkpt>
      <trkpt lat="55.562863" lon="13.057056">
        <ele>33.9</ele>
        <time>2025-05-12T09:50:13.788000Z</time>
      </trkpt>
      <trkpt lat="55.562951" lon="13.057018">
        <ele>34.0</ele>
        <time>2025-05-12T09:50:18.788000Z</time>
      </trkpt>
      <trkpt lat="55.56304" lon="13.05699">
        <ele>34.2</ele>
        <time>2025-05-12T09:50:23.789000Z</time>
      </trkpt>
      <trkpt lat="55.563131" lon="13.056966">
        <ele>34.4</ele>
        <time>2025-05-12T09:50:30.788000Z</time>
      </trkpt>
      <trkpt lat="55.563232" lon="13.056931">
        <ele>34.6</ele>
        <time>2025-05-12T09:50:36.788000Z</time>
      </trkpt>
      <trkpt lat="55.563342" lon="13.05692">
        <ele>34.9</ele>
        <time>2025-05-12T09:50:41.788000Z</time>
      </trkpt>
      <trkpt lat="55.563446" lon="13.056909">
        <ele>35.1</ele>
        <time>2025-05-12T09:50:49.788000Z</time>
      </trkpt>
      <trkpt lat="55.563554" lon="13.056922">
        <ele>35.3</ele>
        <time>2025-05-12T09:50:56.788000Z</time>
      </trkpt>
      <trkpt lat="55.563568" lon="13.056733">
        <ele>35.5</ele>
        <time>2025-05-12T09:51:04.787000Z</time>
      </trkpt>
      <trkpt lat="55.563542" lon="13.056551">
        <ele>35.8</ele>
        <time>2025-05-12T09:51:09.787000Z</time>
      </trkpt>
      <trkpt lat="55.563541" lon="13.05639">
        <ele>35.9</ele>
        <time>2025-05-12T09:51:13.787000Z</time>
      </trkpt>
      <trkpt lat="55.563571" lon="13.056232">
        <ele>36.1</ele>
        <time>2025-05-12T09:51:18.787000Z</time>
      </trkpt>
      <trkpt lat="55.563609" lon="13.056076">
        <ele>36.3</ele>
        <time>2025-05-12T09:51:24.787000Z</time>
      </trkpt>
      <trkpt lat="55.563527" lon="13.055976">
        <ele>36.6</ele>
        <time>2025-05-12T09:51:36.787000Z</time>
      </trkpt>
      <trkpt lat="55.563575" lon="13.055832">
        <ele>36.8</ele>
        <time>2025-05-12T09:51:40.787000Z</time>
      </trkpt>
      <trkpt lat="55.563641" lon="13.055703">
        <ele>37.0</ele>
        <time>2025-05-12T09:51:44.786000Z</time>
      </trkpt>
      <trkpt lat="55.563714" lon="13.05557">
        <ele>37.2</ele>
        <time>2025-05-12T09:51:48.786000Z</time>
      </trkpt>
      <trkpt lat="55.563785" lon="13.055463">
        <ele>37.4</ele>
        <time>2025-05-12T09:51:52.786000Z</time>
      </trkpt>
      <trkpt lat="55.563864" lon="13.055336">
        <ele>37.6</ele>
        <time>2025-05-12T09:51:56.786000Z</time>
      </trkpt>
      <trkpt lat="55.563951" lon="13.055194">
        <ele>37.8</ele>
        <time>2025-05-12T09:52:00.786000Z</time>
      </trkpt>
      <trkpt lat="55.564036" lon="13.055063">
        <ele>37.9</ele>
        <time>2025-05-12T09:52:04.786000Z</time>
      </trkpt>
      <trkpt lat="55.564102" lon="13.05494">
        <ele>37.7</ele>
        <time>2025-05-12T09:52:07.786000Z</time>
      </trkpt>
      <trkpt lat="55.564173" lon="13.05484">
        <ele>37.5</ele>
        <time>2025-05-12T09:52:10.786000Z</time>
      </trkpt>
      <trkpt lat="55.564244" lon="13.054733">
        <ele>37.3</ele>
        <time>2025-05-12T09:52:13.786000Z</time>
      </trkpt>
      <trkpt lat="55.564323" lon="13.054588">
        <ele>37.1</ele>
        <time>2025-05-12T09:52:17.786000Z</time>
      </trkpt>
      <trkpt lat="55.564396" lon="13.054484">
        <ele>36.9</ele>
        <time>2025-05-12T09:52:20.786000Z</time>
      </trkpt>
      <trkpt lat="55.564468" lon="13.054353">
        <ele>36.7</ele>
        <time>2025-05-12T09:52:23.785000Z</time>
      </trkpt>
      <trkpt lat="55.564546" lon="13.054216">
        <ele>36.5</ele>
        <time>2025-05-12T09:52:26.786000Z</time>
      </trkpt>
      <trkpt lat="55.564635" lon="13.054075">
        <ele>36.2</ele>
        <time>2025-05-12T09:52:29.786000Z</time>
      </trkpt>
      <trkpt lat="55.564719" lon="13.053937">
        <ele>36.0</ele>
        <time>2025-05-12T09:52:32.785000Z</time>
      </trkpt>
      <trkpt lat="55.564814" lon="13.053789">
        <ele>35.8</ele>
        <time>2025-05-12T09:52:35.785000Z</time>
      </trkpt>
      <trkpt lat="55.564915" lon="13.053643">
        <ele>35.5</ele>
        <time>2025-05-12T09:52:38.785000Z</time>
      </trkpt>
      <trkpt lat="55.565027" lon="13.05364">
        <ele>35.3</ele>
        <time>2025-05-12T09:52:40.785000Z</time>
      </trkpt>
      <trkpt lat="55.565097" lon="13.053528">
        <ele>35.1</ele>
        <time>2025-05-12T09:52:42.785000Z</time>
      </trkpt>
      <trkpt lat="55.565166" lon="13.053417">
        <ele>34.9</ele>
        <time>2025-05-12T09:52:44.785000Z</time>
      </trkpt>
      <trkpt lat="55.565239" lon="13.053299">
        <ele>34.7</ele>
        <time>2025-05-12T09:52:46.785000Z</time>
      </trkpt>
      <trkpt lat="55.565315" lon="13.053178">
        <ele>34.5</ele>
        <time>2025-05-12T09:52:48.785000Z</time>
      </trkpt>
      <trkpt lat="55.565394" lon="13.053051">
        <ele>34.3</ele>
        <time>2025-05-12T09:52:50.785000Z</time>
      </trkpt>
      <trkpt lat="55.565473" lon="13.052924">
        <ele>34.0</ele>
        <time>2025-05-12T09:52:52.785000Z</time>
      </trkpt>
      <trkpt lat="55.565552" lon="13.0528">
        <ele>33.8</ele>
        <time>2025-05-12T09:52:54.785000Z</time>
      </trkpt>
      <trkpt lat="55.565635" lon="13.052668">
        <ele>33.5</ele>
        <time>2025-05-12T09:52:56.785000Z</time>
      </trkpt>
      <trkpt lat="55.565716" lon="13.05254">
        <ele>33.2</ele>
        <time>2025-05-12T09:52:58.785000Z</time>
      </trkpt>
      <trkpt lat="55.565794" lon="13.052418">
        <ele>33.0</ele>
        <time>2025-05-12T09:53:00.785000Z</time>
      </trkpt>
      <trkpt lat="55.565876" lon="13.052291">
        <ele>32.7</ele>
        <time>2025-05-12T09:53:02.785000Z</time>
      </trkpt>
      <trkpt lat="55.56596" lon="13.052158">
        <ele>32.4</ele>
        <time>2025-05-12T09:53:04.785000Z</time>
      </trkpt>
      <trkpt lat="55.566043" lon="13.052025">
        <ele>32.1</ele>
        <time>2025-05-12T09:53:06.785000Z</time>
      </trkpt>
      <trkpt lat="55.566126" lon="13.051896">
        <ele>31.9</ele>
        <time>2025-05-12T09:53:08.784000Z</time>
      </trkpt>
      <trkpt lat="55.566208" lon="13.051767">
        <ele>31.6</ele>
        <time>2025-05-12T09:53:10.784000Z</time>
      </trkpt>
      <trkpt lat="55.566285" lon="13.051642">
        <ele>31.3</ele>
        <time>2025-05-12T09:53:12.784000Z</time>
      </trkpt>
      <trkpt lat="55.566361" lon="13.051519">
        <ele>31.1</ele>
        <time>2025-05-12T09:53:14.784000Z</time>
      </trkpt>
      <trkpt lat="55.566324" lon="13.051321">
        <ele>30.8</ele>
        <time>2025-05-12T09:53:15.784000Z</time>
      </trkpt>
      <trkpt lat="55.566392" lon="13.051194">
        <ele>30.6</ele>
        <time>2025-05-12T09:53:17.784000Z</time>
      </trkpt>
      <trkpt lat="55.566458" lon="13.051082">
        <ele>30.3</ele>
        <time>2025-05-12T09:53:19.784000Z</time>
      </trkpt>
      <trkpt lat="55.566542" lon="13.050909">
        <ele>30.0</ele>
        <time>2025-05-12T09:53:22.784000Z</time>
      </trkpt>
      <trkpt lat="55.566638" lon="13.05076">
        <ele>30.3</ele>
        <time>2025-05-12T09:53:25.784000Z</time>
      </trkpt>
      <trkpt lat="55.566716" lon="13.050605">
        <ele>30.6</ele>
        <time>2025-05-12T09:53:28.784000Z</time>
      </trkpt>
      <trkpt lat="55.566768" lon="13.050445">
        <ele>30.9</ele>
        <time>2025-05-12T09:53:31.784000Z</time>
      </trkpt>
      <trkpt lat="55.566953" lon="13.050613">
        <ele>31.5</ele>
        <time>2025-05-12T09:54:13.783000Z</time>
      </trkpt>
      <trkpt lat="55.56704" lon="13.050675">
        <ele>31.7</ele>
        <time>2025-05-12T09:54:18.783000Z</time>
      </trkpt>
      <trkpt lat="55.567128" lon="13.050721">
        <ele>32.0</ele>
        <time>2025-05-12T09:54:22.783000Z</time>
      </trkpt>
      <trkpt lat="55.567212" lon="13.050809">
        <ele>32.2</ele>
        <time>2025-05-12T09:54:26.787000Z</time>
      </trkpt>
      <trkpt lat="55.567292" lon="13.050934">
        <ele>32.5</ele>
        <time>2025-05-12T09:54:30.795000Z</time>
      </trkpt>
      <trkpt lat="55.567375" lon="13.051062">
        <ele>32.8</ele>
        <time>2025-05-12T09:54:34.801000Z</time>
      </trkpt>
      <trkpt lat="55.567452" lon="13.051145">
        <ele>33.1</ele>
        <time>2025-05-12T09:54:37.805000Z</time>
      </trkpt>
      <trkpt lat="55.56755" lon="13.051246">
        <ele>33.4</ele>
        <time>2025-05-12T09:54:41.808000Z</time>
      </trkpt>
      <trkpt lat="55.567621" lon="13.051348">
        <ele>33.6</ele>
        <time>2025-05-12T09:54:44.810000Z</time>
      </trkpt>
      <trkpt lat="55.567687" lon="13.051455">
        <ele>33.9</ele>
        <time>2025-05-12T09:54:47.812000Z</time>
      </trkpt>
      <trkpt lat="55.567778" lon="13.051577">
        <ele>34.2</ele>
        <time>2025-05-12T09:54:51.814000Z</time>
      </trkpt>
      <trkpt lat="55.567852" lon="13.051672">
        <ele>34.4</ele>
        <time>2025-05-12T09:54:54.815000Z</time>
      </trkpt>
      <trkpt lat="55.56795" lon="13.051789">
        <ele>34.7</ele>
        <time>2025-05-12T09:54:58.816000Z</time>
      </trkpt>
      <trkpt lat="55.568033" lon="13.051894">
        <ele>34.7</ele>
        <time>2025-05-12T09:55:02.817000Z</time>
      </trkpt>
      <trkpt lat="55.568121" lon="13.052003">
        <ele>34.2</ele>
        <time>2025-05-12T09:55:06.818000Z</time>
      </trkpt>
      <trkpt lat="55.568215" lon="13.052135">
        <ele>33.8</ele>
        <time>2025-05-12T09:55:10.819000Z</time>
      </trkpt>
      <trkpt lat="55.568301" lon="13.052255">
        <ele>33.4</ele>
        <time>2025-05-12T09:55:13.819000Z</time>
      </trkpt>
      <trkpt lat="55.568394" lon="13.052401">
        <ele>32.9</ele>
        <time>2025-05-12T09:55:16.819000Z</time>
      </trkpt>
      <trkpt lat="55.568467" lon="13.052519">
        <ele>32.5</ele>
        <time>2025-05-12T09:55:18.819000Z</time>
      </trkpt>
      <trkpt lat="55.568565" lon="13.052645">
        <ele>32.1</ele>
        <time>2025-05-12T09:55:21.819000Z</time>
      </trkpt>
      <trkpt lat="55.568661" lon="13.052803">
        <ele>31.6</ele>
        <time>2025-05-12T09:55:24.819000Z</time>
      </trkpt>
      <trkpt lat="55.568762" lon="13.052944">
        <ele>31.1</ele>
        <time>2025-05-12T09:55:27.820000Z</time>
      </trkpt>
      <trkpt lat="55.568853" lon="13.053082">
        <ele>30.6</ele>
        <time>2025-05-12T09:55:30.820000Z</time>
      </trkpt>
      <trkpt lat="55.568942" lon="13.05323">
        <ele>30.1</ele>
        <time>2025-05-12T09:55:33.820000Z</time>
      </trkpt>
      <trkpt lat="55.569035" lon="13.05334">
        <ele>29.7</ele>
        <time>2025-05-12T09:55:36.820000Z</time>
      </trkpt>
      <trkpt lat="55.569121" lon="13.053453">
        <ele>29.3</ele>
        <time>2025-05-12T09:55:39.820000Z</time>
      </trkpt>
      <trkpt lat="55.569232" lon="13.053352">
        <ele>28.8</ele>
        <time>2025-05-12T09:55:46.820000Z</time>
      </trkpt>
      <trkpt lat="55.569292" lon="13.053166">
        <ele>28.4</ele>
        <time>2025-05-12T09:55:50.820000Z</time>
      </trkpt>
      <trkpt lat="55.56921" lon="13.052974">
        <ele>27.9</ele>
        <time>2025-05-12T09:55:51.820000Z</time>
      </trkpt>
      <trkpt lat="55.56928" lon="13.052822">
        <ele>27.8</ele>
        <time>2025-05-12T09:55:54.820000Z</time>
      </trkpt>
      <trkpt lat="55.569359" lon="13.052648">
        <ele>27.6</ele>
        <time>2025-05-12T09:55:57.820000Z</time>
      </trkpt>
      <trkpt lat="55.569443" lon="13.052463">
        <ele>27.4</ele>
        <time>2025-05-12T09:56:00.820000Z</time>
      </trkpt>
      <trkpt lat="55.569502" lon="13.052335">
        <ele>27.2</ele>
        <time>2025-05-12T09:56:02.820000Z</time>
      </trkpt>
      <trkpt lat="55.569564" lon="13.0522">
        <ele>27.1</ele>
        <time>2025-05-12T09:56:04.820000Z</time>
      </trkpt>
      <trkpt lat="55.569625" lon="13.052066">
        <ele>26.9</ele>
        <time>2025-05-12T09:56:06.819000Z</time>
      </trkpt>
      <trkpt lat="55.569681" lon="13.051942">
        <ele>26.8</ele>
        <time>2025-05-12T09:56:08.819000Z</time>
      </trkpt>
      <trkpt lat="55.569742" lon="13.051808">
        <ele>26.7</ele>
        <time>2025-05-12T09:56:10.819000Z</time>
      </trkpt>
      <trkpt lat="55.569801" lon="13.051621">
        <ele>26.5</ele>
        <time>2025-05-12T09:56:13.819000Z</time>
      </trkpt>
      <trkpt lat="55.569848" lon="13.051478">
        <ele>26.3</ele>
        <time>2025-05-12T09:56:15.819000Z</time>
      </trkpt>
      <trkpt lat="55.569891" lon="13.051336">
        <ele>26.2</ele>
        <time>2025-05-12T09:56:17.819000Z</time>
      </trkpt>
      <trkpt lat="55.569932" lon="13.051194">
        <ele>26.1</ele>
        <time>2025-05-12T09:56:19.819000Z</time>
      </trkpt>
      <trkpt lat="55.569995" lon="13.050979">
        <ele>25.9</ele>
        <time>2025-05-12T09:56:22.819000Z</time>
      </trkpt>
      <trkpt lat="55.570037" lon="13.050832">
        <ele>25.7</ele>
        <time>2025-05-12T09:56:24.819000Z</time>
      </trkpt>
      <trkpt lat="55.57008" lon="13.050685">
        <ele>25.6</ele>
        <time>2025-05-12T09:56:26.819000Z</time>
      </trkpt>
      <trkpt lat="55.570124" lon="13.050537">
        <ele>25.4</ele>
        <time>2025-05-12T09:56:28.819000Z</time>
      </trkpt>
      <trkpt lat="55.570169" lon="13.050383">
        <ele>25.3</ele>
        <time>2025-05-12T09:56:30.819000Z</time>
      </trkpt>
      <trkpt lat="55.57021" lon="13.050241">
        <ele>25.2</ele>
        <time>2025-05-12T09:56:32.819000Z</time>
      </trkpt>
      <trkpt lat="55.570251" lon="13.050099">
        <ele>25.1</ele>
        <time>2025-05-12T09:56:34.820000Z</time>
      </trkpt>
      <trkpt lat="55.570313" lon="13.049885">
        <ele>25.0</ele>
        <time>2025-05-12T09:56:37.819000Z</time>
      </trkpt>
      <trkpt lat="55.570374" lon="13.049677">
        <ele>24.8</ele>
        <time>2025-05-12T09:56:40.819000Z</time>
      </trkpt>
      <trkpt lat="55.570432" lon="13.049477">
        <ele>24.7</ele>
        <time>2025-05-12T09:56:43.819000Z</time>
      </trkpt>
      <trkpt lat="55.570827" lon="13.049558">
        <ele>24.3</ele>
        <time>2025-05-12T09:56:47.819000Z</time>
      </trkpt>
      <trkpt lat="55.570918" lon="13.049552">
        <ele>24.2</ele>
        <time>2025-05-12T09:56:49.819000Z</time>
      </trkpt>
      <trkpt lat="55.571008" lon="13.049597">
        <ele>24.1</ele>
        <time>2025-05-12T09:56:51.819000Z</time>
      </trkpt>
      <trkpt lat="55.571099" lon="13.049643">
        <ele>24.0</ele>
        <time>2025-05-12T09:56:53.819000Z</time>
      </trkpt>
      <trkpt lat="55.571193" lon="13.049695">
        <ele>23.9</ele>
        <time>2025-05-12T09:56:55.819000Z</time>
      </trkpt>
      <trkpt lat="55.571278" lon="13.049772">
        <ele>23.8</ele>
        <time>2025-05-12T09:56:57.819000Z</time>
      </trkpt>
      <trkpt lat="55.571397" lon="13.049881">
        <ele>23.7</ele>
        <time>2025-05-12T09:57:00.819000Z</time>
      </trkpt>
      <trkpt lat="55.571506" lon="13.05">
        <ele>23.5</ele>
        <time>2025-05-12T09:57:03.819000Z</time>
      </trkpt>
      <trkpt lat="55.571603" lon="13.05011">
        <ele>23.4</ele>
        <time>2025-05-12T09:57:06.819000Z</time>
      </trkpt>
      <trkpt lat="55.571696" lon="13.050211">
        <ele>23.5</ele>
        <time>2025-05-12T09:57:09.819000Z</time>
      </trkpt>
      <trkpt lat="55.571784" lon="13.050306">
        <ele>23.5</ele>
        <time>2025-05-12T09:57:12.819000Z</time>
      </trkpt>
      <trkpt lat="55.571851" lon="13.050428">
        <ele>23.5</ele>
        <time>2025-05-12T09:57:15.819000Z</time>
      </trkpt>
      <trkpt lat="55.571942" lon="13.050445">
        <ele>23.5</ele>
        <time>2025-05-12T09:57:19.819000Z</time>
      </trkpt>
      <trkpt lat="55.572026" lon="13.050343">
        <ele>23.6</ele>
        <time>2025-05-12T09:57:25.818000Z</time>
      </trkpt>
      <trkpt lat="55.572025" lon="13.050165">
        <ele>23.6</ele>
        <time>2025-05-12T09:57:30.818000Z</time>
      </trkpt>
      <trkpt lat="55.57206" lon="13.050333">
        <ele>23.6</ele>
        <time>2025-05-12T09:57:48.818000Z</time>
      </trkpt>
      <trkpt lat="55.572161" lon="13.050373">
        <ele>23.6</ele>
        <time>2025-05-12T09:57:54.818000Z</time>
      </trkpt>
      <trkpt lat="55.572257" lon="13.050255">
        <ele>23.7</ele>
        <time>2025-05-12T09:57:58.818000Z</time>
      </trkpt>
      <trkpt lat="55.572321" lon="13.050128">
        <ele>23.7</ele>
        <time>2025-05-12T09:58:01.818000Z</time>
      </trkpt>
      <trkpt lat="55.572379" lon="13.049951">
        <ele>23.7</ele>
        <time>2025-05-12T09:58:05.818000Z</time>
      </trkpt>
      <trkpt lat="55.572433" lon="13.049822">
        <ele>23.8</ele>
        <time>2025-05-12T09:58:08.818000Z</time>
      </trkpt>
      <trkpt lat="55.572499" lon="13.049671">
        <ele>23.8</ele>
        <time>2025-05-12T09:58:11.818000Z</time>
      </trkpt>
      <trkpt lat="55.572556" lon="13.04952">
        <ele>23.8</ele>
        <time>2025-05-12T09:58:14.818000Z</time>
      </trkpt>
      <trkpt lat="55.572609" lon="13.049348">
        <ele>23.8</ele>
        <time>2025-05-12T09:58:17.818000Z</time>
      </trkpt>
      <trkpt lat="55.572646" lon="13.049183">
        <ele>23.9</ele>
        <time>2025-05-12T09:58:20.817000Z</time>
      </trkpt>
      <trkpt lat="55.572707" lon="13.049019">
        <ele>23.9</ele>
        <time>2025-05-12T09:58:23.817000Z</time>
      </trkpt>
      <trkpt lat="55.572757" lon="13.048835">
        <ele>24.0</ele>
        <time>2025-05-12T09:58:26.817000Z</time>
      </trkpt>
      <trkpt lat="55.572808" lon="13.04865">
        <ele>24.0</ele>
        <time>2025-05-12T09:58:29.817000Z</time>
      </trkpt>
      <trkpt lat="55.572867" lon="13.048501">
        <ele>24.0</ele>
        <time>2025-05-12T09:58:32.817000Z</time>
      </trkpt>
      <trkpt lat="55.572941" lon="13.048343">
        <ele>24.1</ele>
        <time>2025-05-12T09:58:35.817000Z</time>
      </trkpt>
      <trkpt lat="55.572996" lon="13.048199">
        <ele>24.1</ele>
        <time>2025-05-12T09:58:38.817000Z</time>
      </trkpt>
      <trkpt lat="55.573056" lon="13.048038">
        <ele>24.2</ele>
        <time>2025-05-12T09:58:41.817000Z</time>
      </trkpt>
      <trkpt lat="55.57313" lon="13.04788">
        <ele>24.2</ele>
        <time>2025-05-12T09:58:44.817000Z</time>
      </trkpt>
      <trkpt lat="55.573189" lon="13.047746">
        <ele>24.3</ele>
        <time>2025-05-12T09:58:46.817000Z</time>
      </trkpt>
      <trkpt lat="55.57326" lon="13.047565">
        <ele>24.3</ele>
        <time>2025-05-12T09:58:49.817000Z</time>
      </trkpt>
      <trkpt lat="55.573327" lon="13.04741">
        <ele>24.4</ele>
        <time>2025-05-12T09:58:53.817000Z</time>
      </trkpt>
      <trkpt lat="55.573378" lon="13.047262">
        <ele>24.4</ele>
        <time>2025-05-12T09:58:57.817000Z</time>
      </trkpt>
      <trkpt lat="55.573419" lon="13.047099">
        <ele>24.5</ele>
        <time>2025-05-12T09:59:02.817000Z</time>
      </trkpt>
      <trkpt lat="55.573484" lon="13.046943">
        <ele>24.5</ele>
        <time>2025-05-12T09:59:07.816000Z</time>
      </trkpt>
      <trkpt lat="55.573535" lon="13.046801">
        <ele>24.6</ele>
        <time>2025-05-12T09:59:13.816000Z</time>
      </trkpt>
      <trkpt lat="55.573576" lon="13.04664">
        <ele>24.6</ele>
        <time>2025-05-12T09:59:18.816000Z</time>
      </trkpt>
      <trkpt lat="55.573635" lon="13.046473">
        <ele>24.7</ele>
        <time>2025-05-12T09:59:22.816000Z</time>
      </trkpt>
      <trkpt lat="55.573691" lon="13.046344">
        <ele>24.7</ele>
        <time>2025-05-12T09:59:25.816000Z</time>
      </trkpt>
      <trkpt lat="55.573785" lon="13.046202">
        <ele>24.6</ele>
        <time>2025-05-12T09:59:28.816000Z</time>
      </trkpt>
      <trkpt lat="55.573859" lon="13.046041">
        <ele>24.5</ele>
        <time>2025-05-12T09:59:31.816000Z</time>
      </trkpt>
      <trkpt lat="55.573924" lon="13.045863">
        <ele>24.4</ele>
        <time>2025-05-12T09:59:34.816000Z</time>
      </trkpt>
      <trkpt lat="55.573975" lon="13.045727">
        <ele>24.3</ele>
        <time>2025-05-12T09:59:37.816000Z</time>
      </trkpt>
      <trkpt lat="55.574092" lon="13.045536">
        <ele>24.2</ele>
        <time>2025-05-12T10:00:50.815000Z</time>
      </trkpt>
      <trkpt lat="55.574142" lon="13.045359">
        <ele>24.1</ele>
        <time>2025-05-12T10:00:57.815000Z</time>
      </trkpt>
      <trkpt lat="55.574206" lon="13.045195">
        <ele>24.0</ele>
        <time>2025-05-12T10:01:02.815000Z</time>
      </trkpt>
      <trkpt lat="55.574258" lon="13.045022">
        <ele>23.9</ele>
        <time>2025-05-12T10:01:07.815000Z</time>
      </trkpt>
      <trkpt lat="55.574305" lon="13.044864">
        <ele>23.8</ele>
        <time>2025-05-12T10:01:12.815000Z</time>
      </trkpt>
      <trkpt lat="55.57436" lon="13.044719">
        <ele>23.7</ele>
        <time>2025-05-12T10:01:16.814000Z</time>
      </trkpt>
      <trkpt lat="55.574423" lon="13.044561">
        <ele>23.6</ele>
        <time>2025-05-12T10:01:20.814000Z</time>
      </trkpt>
      <trkpt lat="55.574465" lon="13.044412">
        <ele>23.5</ele>
        <time>2025-05-12T10:01:24.814000Z</time>
      </trkpt>
      <trkpt lat="55.574516" lon="13.04427">
        <ele>23.4</ele>
        <time>2025-05-12T10:01:28.814000Z</time>
      </trkpt>
      <trkpt lat="55.574566" lon="13.044094">
        <ele>23.3</ele>
        <time>2025-05-12T10:01:32.814000Z</time>
      </trkpt>
      <trkpt lat="55.574629" lon="13.043906">
        <ele>23.2</ele>
        <time>2025-05-12T10:01:36.814000Z</time>
      </trkpt>
      <trkpt lat="55.574688" lon="13.043728">
        <ele>23.1</ele>
        <time>2025-05-12T10:01:40.814000Z</time>
      </trkpt>
      <trkpt lat="55.574743" lon="13.043574">
        <ele>23.1</ele>
        <time>2025-05-12T10:01:44.814000Z</time>
      </trkpt>
      <trkpt lat="55.57481" lon="13.043404">
        <ele>23.1</ele>
        <time>2025-05-12T10:01:48.814000Z</time>
      </trkpt>
      <trkpt lat="55.574877" lon="13.043232">
        <ele>23.2</ele>
        <time>2025-05-12T10:01:52.814000Z</time>
      </trkpt>
      <trkpt lat="55.574928" lon="13.04308">
        <ele>23.2</ele>
        <time>2025-05-12T10:01:55.814000Z</time>
      </trkpt>
      <trkpt lat="55.574995" lon="13.042934">
        <ele>23.2</ele>
        <time>2025-05-12T10:01:58.814000Z</time>
      </trkpt>
      <trkpt lat="55.575054" lon="13.042783">
        <ele>23.2</ele>
        <time>2025-05-12T10:02:01.814000Z</time>
      </trkpt>
      <trkpt lat="55.575112" lon="13.042624">
        <ele>23.3</ele>
        <time>2025-05-12T10:02:04.814000Z</time>
      </trkpt>
      <trkpt lat="55.575174" lon="13.042451">
        <ele>23.3</ele>
        <time>2025-05-12T10:02:07.814000Z</time>
      </trkpt>
      <trkpt lat="55.575227" lon="13.042268">
        <ele>23.3</ele>
        <time>2025-05-12T10:02:10.813000Z</time>
      </trkpt>
      <trkpt lat="55.575291" lon="13.042093">
        <ele>23.3</ele>
        <time>2025-05-12T10:02:13.813000Z</time>
      </trkpt>
      <trkpt lat="55.575347" lon="13.041911">
        <ele>23.3</ele>
        <time>2025-05-12T10:02:16.813000Z</time>
      </trkpt>
      <trkpt lat="55.575404" lon="13.041753">
        <ele>23.4</ele>
        <time>2025-05-12T10:02:19.813000Z</time>
      </trkpt>
      <trkpt lat="55.575458" lon="13.041601">
        <ele>23.4</ele>
        <time>2025-05-12T10:02:22.813000Z</time>
      </trkpt>
      <trkpt lat="55.575532" lon="13.041453">
        <ele>23.4</ele>
        <time>2025-05-12T10:02:26.813000Z</time>
      </trkpt>
      <trkpt lat="55.575604" lon="13.041285">
        <ele>23.4</ele>
        <time>2025-05-12T10:02:30.813000Z</time>
      </trkpt>
      <trkpt lat="55.575663" lon="13.041155">
        <ele>23.5</ele>
        <time>2025-05-12T10:02:33.813000Z</time>
      </trkpt>
      <trkpt lat="55.57572" lon="13.041003">
        <ele>23.4</ele>
        <time>2025-05-12T10:02:36.813000Z</time>
      </trkpt>
      <trkpt lat="55.575779" lon="13.040845">
        <ele>23.3</ele>
        <time>2025-05-12T10:02:39.813000Z</time>
      </trkpt>
      <trkpt lat="55.57584" lon="13.040696">
        <ele>23.2</ele>
        <time>2025-05-12T10:02:42.813000Z</time>
      </trkpt>
      <trkpt lat="55.575897" lon="13.040558">
        <ele>23.1</ele>
        <time>2025-05-12T10:02:45.813000Z</time>
      </trkpt>
      <trkpt lat="55.575954" lon="13.040412">
        <ele>23.1</ele>
        <time>2025-05-12T10:02:48.813000Z</time>
      </trkpt>
      <trkpt lat="55.576002" lon="13.040271">
        <ele>23.0</ele>
        <time>2025-05-12T10:02:51.813000Z</time>
      </trkpt>
      <trkpt lat="55.576061" lon="13.040102">
        <ele>22.9</ele>
        <time>2025-05-12T10:02:55.813000Z</time>
      </trkpt>
      <trkpt lat="55.576133" lon="13.039977">
        <ele>22.8</ele>
        <time>2025-05-12T10:02:58.813000Z</time>
      </trkpt>
      <trkpt lat="55.5762" lon="13.039828">
        <ele>22.7</ele>
        <time>2025-05-12T10:03:02.813000Z</time>
      </trkpt>
      <trkpt lat="55.576267" lon="13.039715">
        <ele>22.6</ele>
        <time>2025-05-12T10:03:06.813000Z</time>
      </trkpt>
      <trkpt lat="55.576343" lon="13.039516">
        <ele>22.5</ele>
        <time>2025-05-12T10:03:49.812000Z</time>
      </trkpt>
      <trkpt lat="55.576384" lon="13.039374">
        <ele>22.4</ele>
        <time>2025-05-12T10:03:53.812000Z</time>
      </trkpt>
      <trkpt lat="55.576429" lon="13.039203">
        <ele>22.3</ele>
        <time>2025-05-12T10:03:58.812000Z</time>
      </trkpt>
      <trkpt lat="55.576486" lon="13.039057">
        <ele>22.3</ele>
        <time>2025-05-12T10:04:02.812000Z</time>
      </trkpt>
      <trkpt lat="55.576554" lon="13.038883">
        <ele>22.2</ele>
        <time>2025-05-12T10:04:06.812000Z</time>
      </trkpt>
      <trkpt lat="55.576609" lon="13.0387">
        <ele>22.1</ele>
        <time>2025-05-12T10:04:10.812000Z</time>
      </trkpt>
      <trkpt lat="55.576654" lon="13.038548">
        <ele>22.0</ele>
        <time>2025-05-12T10:04:13.812000Z</time>
      </trkpt>
      <trkpt lat="55.57671" lon="13.038412">
        <ele>21.9</ele>
        <time>2025-05-12T10:04:16.812000Z</time>
      </trkpt>
      <trkpt lat="55.576761" lon="13.038267">
        <ele>21.9</ele>
        <time>2025-05-12T10:04:19.812000Z</time>
      </trkpt>
      <trkpt lat="55.57683" lon="13.038101">
        <ele>21.8</ele>
        <time>2025-05-12T10:04:23.812000Z</time>
      </trkpt>
      <trkpt lat="55.57688" lon="13.037957">
        <ele>21.7</ele>
        <time>2025-05-12T10:04:26.811000Z</time>
      </trkpt>
      <trkpt lat="55.576952" lon="13.037784">
        <ele>21.7</ele>
        <time>2025-05-12T10:04:30.811000Z</time>
      </trkpt>
      <trkpt lat="55.577" lon="13.037627">
        <ele>21.6</ele>
        <time>2025-05-12T10:04:33.811000Z</time>
      </trkpt>
      <trkpt lat="55.577055" lon="13.037478">
        <ele>21.6</ele>
        <time>2025-05-12T10:04:36.811000Z</time>
      </trkpt>
      <trkpt lat="55.577122" lon="13.037309">
        <ele>21.5</ele>
        <time>2025-05-12T10:04:40.811000Z</time>
      </trkpt>
      <trkpt lat="55.577188" lon="13.037164">
        <ele>21.4</ele>
        <time>2025-05-12T10:04:43.811000Z</time>
      </trkpt>
      <trkpt lat="55.577243" lon="13.03702">
        <ele>21.4</ele>
        <time>2025-05-12T10:04:46.811000Z</time>
      </trkpt>
      <trkpt lat="55.577285" lon="13.036853">
        <ele>21.3</ele>
        <time>2025-05-12T10:04:49.811000Z</time>
      </trkpt>
      <trkpt lat="55.577324" lon="13.036652">
        <ele>21.3</ele>
        <time>2025-05-12T10:04:52.811000Z</time>
      </trkpt>
      <trkpt lat="55.577362" lon="13.03648">
        <ele>21.2</ele>
        <time>2025-05-12T10:04:55.811000Z</time>
      </trkpt>
      <trkpt lat="55.577399" lon="13.036318">
        <ele>21.1</ele>
        <time>2025-05-12T10:04:58.811000Z</time>
      </trkpt>
      <trkpt lat="55.577415" lon="13.036124">
        <ele>21.1</ele>
        <time>2025-05-12T10:05:02.811000Z</time>
      </trkpt>
      <trkpt lat="55.577431" lon="13.035961">
        <ele>21.0</ele>
        <time>2025-05-12T10:05:06.810000Z</time>
      </trkpt>
      <trkpt lat="55.577439" lon="13.035797">
        <ele>21.0</ele>
        <time>2025-05-12T10:05:11.810000Z</time>
      </trkpt>
      <trkpt lat="55.577466" lon="13.035627">
        <ele>20.9</ele>
        <time>2025-05-12T10:05:15.810000Z</time>
      </trkpt>
      <trkpt lat="55.577484" lon="13.035426">
        <ele>20.9</ele>
        <time>2025-05-12T10:05:19.810000Z</time>
      </trkpt>
      <trkpt lat="55.57751" lon="13.035249">
        <ele>20.9</ele>
        <time>2025-05-12T10:05:22.810000Z</time>
      </trkpt>
      <trkpt lat="55.57752" lon="13.035084">
        <ele>20.8</ele>
        <time>2025-05-12T10:05:25.810000Z</time>
      </trkpt>
      <trkpt lat="55.577524" lon="13.034894">
        <ele>20.8</ele>
        <time>2025-05-12T10:05:28.810000Z</time>
      </trkpt>
      <trkpt lat="55.577538" lon="13.03473">
        <ele>20.8</ele>
        <time>2025-05-12T10:05:35.810000Z</time>
      </trkpt>
      <trkpt lat="55.57756" lon="13.034488">
        <ele>20.7</ele>
        <time>2025-05-12T10:06:40.809000Z</time>
      </trkpt>
      <trkpt lat="55.577567" lon="13.034296">
        <ele>20.7</ele>
        <time>2025-05-12T10:06:46.809000Z</time>
      </trkpt>
      <trkpt lat="55.577597" lon="13.034121">
        <ele>20.7</ele>
        <time>2025-05-12T10:06:51.809000Z</time>
      </trkpt>
      <trkpt lat="55.577613" lon="13.033948">
        <ele>20.7</ele>
        <time>2025-05-12T10:06:55.809000Z</time>
      </trkpt>
      <trkpt lat="55.577631" lon="13.033736">
        <ele>20.6</ele>
        <time>2025-05-12T10:06:59.809000Z</time>
      </trkpt>
      <trkpt lat="55.577636" lon="13.033569">
        <ele>20.6</ele>
        <time>2025-05-12T10:07:02.809000Z</time>
      </trkpt>
      <trkpt lat="55.577637" lon="13.033402">
        <ele>20.6</ele>
        <time>2025-05-12T10:07:05.809000Z</time>
      </trkpt>
      <trkpt lat="55.577675" lon="13.033235">
        <ele>20.5</ele>
        <time>2025-05-12T10:07:08.809000Z</time>
      </trkpt>
      <trkpt lat="55.577695" lon="13.033079">
        <ele>20.5</ele>
        <time>2025-05-12T10:07:11.809000Z</time>
      </trkpt>
      <trkpt lat="55.57774" lon="13.032924">
        <ele>20.5</ele>
        <time>2025-05-12T10:07:14.809000Z</time>
      </trkpt>
      <trkpt lat="55.577785" lon="13.032761">
        <ele>20.5</ele>
        <time>2025-05-12T10:07:17.809000Z</time>
      </trkpt>
      <trkpt lat="55.577836" lon="13.032619">
        <ele>20.4</ele>
        <time>2025-05-12T10:07:20.809000Z</time>
      </trkpt>
      <trkpt lat="55.577886" lon="13.032457">
        <ele>20.3</ele>
        <time>2025-05-12T10:07:23.809000Z</time>
      </trkpt>
      <trkpt lat="55.57794" lon="13.032307">
        <ele>20.2</ele>
        <time>2025-05-12T10:07:26.809000Z</time>
      </trkpt>
      <trkpt lat="55.578001" lon="13.032171">
        <ele>20.1</ele>
        <time>2025-05-12T10:07:29.809000Z</time>
      </trkpt>
      <trkpt lat="55.578065" lon="13.032027">
        <ele>20.0</ele>
        <time>2025-05-12T10:07:32.809000Z</time>
      </trkpt>
      <trkpt lat="55.578143" lon="13.031886">
        <ele>19.9</ele>
        <time>2025-05-12T10:07:35.809000Z</time>
      </trkpt>
      <trkpt lat="55.578223" lon="13.031733">
        <ele>19.8</ele>
        <time>2025-05-12T10:07:38.809000Z</time>
      </trkpt>
      <trkpt lat="55.578319" lon="13.03161">
        <ele>19.7</ele>
        <time>2025-05-12T10:07:41.808000Z</time>
      </trkpt>
      <trkpt lat="55.578413" lon="13.031476">
        <ele>19.5</ele>
        <time>2025-05-12T10:07:44.808000Z</time>
      </trkpt>
      <trkpt lat="55.578512" lon="13.031363">
        <ele>19.4</ele>
        <time>2025-05-12T10:07:47.808000Z</time>
      </trkpt>
      <trkpt lat="55.578602" lon="13.031241">
        <ele>19.3</ele>
        <time>2025-05-12T10:07:50.808000Z</time>
      </trkpt>
      <trkpt lat="55.578706" lon="13.031148">
        <ele>19.2</ele>
        <time>2025-05-12T10:07:53.808000Z</time>
      </trkpt>
      <trkpt lat="55.578821" lon="13.031066">
        <ele>19.0</ele>
        <time>2025-05-12T10:07:56.808000Z</time>
      </trkpt>
      <trkpt lat="55.578903" lon="13.030987">
        <ele>18.9</ele>
        <time>2025-05-12T10:07:58.808000Z</time>
      </trkpt>
      <trkpt lat="55.57902" lon="13.030879">
        <ele>18.8</ele>
        <time>2025-05-12T10:08:01.808000Z</time>
      </trkpt>
      <trkpt lat="55.579144" lon="13.030791">
        <ele>18.7</ele>
        <time>2025-05-12T10:08:04.808000Z</time>
      </trkpt>
      <trkpt lat="55.579249" lon="13.030686">
        <ele>18.5</ele>
        <time>2025-05-12T10:08:07.808000Z</time>
      </trkpt>
      <trkpt lat="55.579362" lon="13.03061">
        <ele>18.5</ele>
        <time>2025-05-12T10:08:10.808000Z</time>
      </trkpt>
      <trkpt lat="55.579446" lon="13.030504">
        <ele>18.4</ele>
        <time>2025-05-12T10:08:13.808000Z</time>
      </trkpt>
      <trkpt lat="55.579541" lon="13.030451">
        <ele>18.4</ele>
        <time>2025-05-12T10:08:16.808000Z</time>
      </trkpt>
      <trkpt lat="55.579642" lon="13.030503">
        <ele>18.3</ele>
        <time>2025-05-12T10:08:20.808000Z</time>
      </trkpt>
      <trkpt lat="55.57972" lon="13.030598">
        <ele>18.3</ele>
        <time>2025-05-12T10:08:23.808000Z</time>
      </trkpt>
      <trkpt lat="55.579924" lon="13.030594">
        <ele>18.2</ele>
        <time>2025-05-12T10:08:26.808000Z</time>
      </trkpt>
      <trkpt lat="55.579978" lon="13.030423">
        <ele>18.1</ele>
        <time>2025-05-12T10:08:30.808000Z</time>
      </trkpt>
      <trkpt lat="55.580034" lon="13.030252">
        <ele>18.1</ele>
        <time>2025-05-12T10:08:34.807000Z</time>
      </trkpt>
      <trkpt lat="55.580087" lon="13.03009">
        <ele>18.0</ele>
        <time>2025-05-12T10:08:37.807000Z</time>
      </trkpt>
      <trkpt lat="55.580141" lon="13.029926">
        <ele>18.0</ele>
        <time>2025-05-12T10:08:40.807000Z</time>
      </trkpt>
      <trkpt lat="55.580202" lon="13.029746">
        <ele>17.9</ele>
        <time>2025-05-12T10:08:43.807000Z</time>
      </trkpt>
      <trkpt lat="55.580265" lon="13.029574">
        <ele>17.9</ele>
        <time>2025-05-12T10:08:47.807000Z</time>
      </trkpt>
      <trkpt lat="55.580335" lon="13.029386">
        <ele>17.8</ele>
        <time>2025-05-12T10:08:50.807000Z</time>
      </trkpt>
      <trkpt lat="55.580388" lon="13.029244">
        <ele>17.7</ele>
        <time>2025-05-12T10:08:52.807000Z</time>
      </trkpt>
      <trkpt lat="55.580444" lon="13.029095">
        <ele>17.7</ele>
        <time>2025-05-12T10:08:54.807000Z</time>
      </trkpt>
      <trkpt lat="55.580498" lon="13.028953">
        <ele>17.6</ele>
        <time>2025-05-12T10:08:56.807000Z</time>
      </trkpt>
      <trkpt lat="55.580557" lon="13.028798">
        <ele>17.6</ele>
        <time>2025-05-12T10:08:58.807000Z</time>
      </trkpt>
      <trkpt lat="55.58063" lon="13.028603">
        <ele>17.5</ele>
        <time>2025-05-12T10:09:01.807000Z</time>
      </trkpt>
      <trkpt lat="55.580697" lon="13.028427">
        <ele>17.5</ele>
        <time>2025-05-12T10:09:04.807000Z</time>
      </trkpt>
      <trkpt lat="55.580764" lon="13.028251">
        <ele>17.4</ele>
        <time>2025-05-12T10:09:07.807000Z</time>
      </trkpt>
      <trkpt lat="55.580833" lon="13.028067">
        <ele>17.3</ele>
        <time>2025-05-12T10:09:10.807000Z</time>
      </trkpt>
      <trkpt lat="55.580905" lon="13.027875">
        <ele>17.3</ele>
        <time>2025-05-12T10:09:13.807000Z</time>
      </trkpt>
      <trkpt lat="55.580974" lon="13.027694">
        <ele>17.2</ele>
        <time>2025-05-12T10:09:16.807000Z</time>
      </trkpt>
      <trkpt lat="55.581044" lon="13.027508">
        <ele>17.1</ele>
        <time>2025-05-12T10:09:19.807000Z</time>
      </trkpt>
      <trkpt lat="55.581112" lon="13.027328">
        <ele>17.1</ele>
        <time>2025-05-12T10:09:22.807000Z</time>
      </trkpt>
      <trkpt lat="55.581178" lon="13.027153">
        <ele>17.0</ele>
        <time>2025-05-12T10:09:25.807000Z</time>
      </trkpt>
      <trkpt lat="55.581252" lon="13.026958">
        <ele>16.9</ele>
        <time>2025-05-12T10:09:28.807000Z</time>
      </trkpt>
      <trkpt lat="55.581322" lon="13.026772">
        <ele>16.9</ele>
        <time>2025-05-12T10:09:31.807000Z</time>
      </trkpt>
      <trkpt lat="55.581391" lon="13.02659">
        <ele>16.8</ele>
        <time>2025-05-12T10:09:34.807000Z</time>
      </trkpt>
      <trkpt lat="55.581463" lon="13.026399">
        <ele>16.8</ele>
        <time>2025-05-12T10:09:37.807000Z</time>
      </trkpt>
      <trkpt lat="55.581528" lon="13.026226">
        <ele>16.7</ele>
        <time>2025-05-12T10:09:40.806000Z</time>
      </trkpt>
      <trkpt lat="55.581595" lon="13.026046">
        <ele>16.7</ele>
        <time>2025-05-12T10:09:43.806000Z</time>
      </trkpt>
      <trkpt lat="55.58166" lon="13.025871">
        <ele>16.6</ele>
        <time>2025-05-12T10:09:46.806000Z</time>
      </trkpt>
      <trkpt lat="55.581714" lon="13.025725">
        <ele>16.6</ele>
        <time>2025-05-12T10:09:51.806000Z</time>
      </trkpt>
      <trkpt lat="55.58177" lon="13.025597">
        <ele>16.5</ele>
        <time>2025-05-12T10:09:57.806000Z</time>
      </trkpt>
      <trkpt lat="55.581837" lon="13.025444">
        <ele>16.5</ele>
        <time>2025-05-12T10:10:02.807000Z</time>
      </trkpt>
      <trkpt lat="55.581882" lon="13.025287">
        <ele>16.4</ele>
        <time>2025-05-12T10:10:05.809000Z</time>
      </trkpt>
      <trkpt lat="55.58194" lon="13.025129">
        <ele>16.4</ele>
        <time>2025-05-12T10:10:09.812000Z</time>
      </trkpt>
      <trkpt lat="55.582" lon="13.02496">
        <ele>16.4</ele>
        <time>2025-05-12T10:10:13.814000Z</time>
      </trkpt>
      <trkpt lat="55.582064" lon="13.024785">
        <ele>16.3</ele>
        <time>2025-05-12T10:10:17.816000Z</time>
      </trkpt>
      <trkpt lat="55.582114" lon="13.024644">
        <ele>16.3</ele>
        <time>2025-05-12T10:10:20.817000Z</time>
      </trkpt>
      <trkpt lat="55.58198" lon="13.024281">
        <ele>16.2</ele>
        <time>2025-05-12T10:10:23.817000Z</time>
      </trkpt>
      <trkpt lat="55.582017" lon="13.024115">
        <ele>16.1</ele>
        <time>2025-05-12T10:10:26.818000Z</time>
      </trkpt>
      <trkpt lat="55.582256" lon="13.024249">
        <ele>16.0</ele>
        <time>2025-05-12T10:10:28.818000Z</time>
      </trkpt>
      <trkpt lat="55.582068" lon="13.023915">
        <ele>15.9</ele>
        <time>2025-05-12T10:10:30.819000Z</time>
      </trkpt>
      <trkpt lat="55.582123" lon="13.023779">
        <ele>15.8</ele>
        <time>2025-05-12T10:10:33.819000Z</time>
      </trkpt>
      <trkpt lat="55.582175" lon="13.023646">
        <ele>15.8</ele>
        <time>2025-05-12T10:10:36.819000Z</time>
      </trkpt>
      <trkpt lat="55.582223" lon="13.023498">
        <ele>15.7</ele>
        <time>2025-05-12T10:10:39.820000Z</time>
      </trkpt>
      <trkpt lat="55.582286" lon="13.023352">
        <ele>15.6</ele>
        <time>2025-05-12T10:10:42.820000Z</time>
      </trkpt>
      <trkpt lat="55.582336" lon="13.02321">
        <ele>15.6</ele>
        <time>2025-05-12T10:10:45.820000Z</time>
      </trkpt>
      <trkpt lat="55.582387" lon="13.023068">
        <ele>15.5</ele>
        <time>2025-05-12T10:10:48.820000Z</time>
      </trkpt>
      <trkpt lat="55.582496" lon="13.023048">
        <ele>15.5</ele>
        <time>2025-05-12T10:10:50.820000Z</time>
      </trkpt>
      <trkpt lat="55.582565" lon="13.022866">
        <ele>15.4</ele>
        <time>2025-05-12T10:10:53.820000Z</time>
      </trkpt>
      <trkpt lat="55.582515" lon="13.022522">
        <ele>15.3</ele>
        <time>2025-05-12T10:10:56.820000Z</time>
      </trkpt>
      <trkpt lat="55.582571" lon="13.022389">
        <ele>15.2</ele>
        <time>2025-05-12T10:10:58.820000Z</time>
      </trkpt>
      <trkpt lat="55.582622" lon="13.022233">
        <ele>15.1</ele>
        <time>2025-05-12T10:11:01.820000Z</time>
      </trkpt>
      <trkpt lat="55.582748" lon="13.022498">
        <ele>15.0</ele>
        <time>2025-05-12T10:11:04.820000Z</time>
      </trkpt>
      <trkpt lat="55.582606" lon="13.021935">
        <ele>14.8</ele>
        <time>2025-05-12T10:11:07.820000Z</time>
      </trkpt>
      <trkpt lat="55.582633" lon="13.021743">
        <ele>14.7</ele>
        <time>2025-05-12T10:11:10.820000Z</time>
      </trkpt>
      <trkpt lat="55.583254" lon="13.021648">
        <ele>14.3</ele>
        <time>2025-05-12T10:11:20.820000Z</time>
      </trkpt>
      <trkpt lat="55.583317" lon="13.02148">
        <ele>14.2</ele>
        <time>2025-05-12T10:11:23.821000Z</time>
      </trkpt>
      <trkpt lat="55.58339" lon="13.021287">
        <ele>14.1</ele>
        <time>2025-05-12T10:11:26.820000Z</time>
      </trkpt>
      <trkpt lat="55.583458" lon="13.021106">
        <ele>14.0</ele>
        <time>2025-05-12T10:11:29.820000Z</time>
      </trkpt>
      <trkpt lat="55.583513" lon="13.020959">
        <ele>14.0</ele>
        <time>2025-05-12T10:11:31.820000Z</time>
      </trkpt>
      <trkpt lat="55.583582" lon="13.020775">
        <ele>13.9</ele>
        <time>2025-05-12T10:11:34.820000Z</time>
      </trkpt>
      <trkpt lat="55.583643" lon="13.020615">
        <ele>13.8</ele>
        <time>2025-05-12T10:11:37.820000Z</time>
      </trkpt>
      <trkpt lat="55.583699" lon="13.020465">
        <ele>13.7</ele>
        <time>2025-05-12T10:11:40.820000Z</time>
      </trkpt>
      <trkpt lat="55.583755" lon="13.020316">
        <ele>13.7</ele>
        <time>2025-05-12T10:11:43.820000Z</time>
      </trkpt>
      <trkpt lat="55.583821" lon="13.020144">
        <ele>13.6</ele>
        <time>2025-05-12T10:11:46.820000Z</time>
      </trkpt>
      <trkpt lat="55.583876" lon="13.019998">
        <ele>13.6</ele>
        <time>2025-05-12T10:11:49.820000Z</time>
      </trkpt>
      <trkpt lat="55.583942" lon="13.019822">
        <ele>13.5</ele>
        <time>2025-05-12T10:11:52.820000Z</time>
      </trkpt>
      <trkpt lat="55.584004" lon="13.019658">
        <ele>13.5</ele>
        <time>2025-05-12T10:11:55.820000Z</time>
      </trkpt>
      <trkpt lat="55.584062" lon="13.019506">
        <ele>13.4</ele>
        <time>2025-05-12T10:11:58.820000Z</time>
      </trkpt>
      <trkpt lat="55.584121" lon="13.019354">
        <ele>13.4</ele>
        <time>2025-05-12T10:12:01.820000Z</time>
      </trkpt>
      <trkpt lat="55.584176" lon="13.019204">
        <ele>13.4</ele>
        <time>2025-05-12T10:12:03.820000Z</time>
      </trkpt>
      <trkpt lat="55.584224" lon="13.019067">
        <ele>13.3</ele>
        <time>2025-05-12T10:12:05.820000Z</time>
      </trkpt>
      <trkpt lat="55.584291" lon="13.018871">
        <ele>13.3</ele>
        <time>2025-05-12T10:12:08.820000Z</time>
      </trkpt>
      <trkpt lat="55.584337" lon="13.018721">
        <ele>13.2</ele>
        <time>2025-05-12T10:12:10.820000Z</time>
      </trkpt>
      <trkpt lat="55.584377" lon="13.018573">
        <ele>13.2</ele>
        <time>2025-05-12T10:12:12.820000Z</time>
      </trkpt>
      <trkpt lat="55.58442" lon="13.018386">
        <ele>13.1</ele>
        <time>2025-05-12T10:12:15.820000Z</time>
      </trkpt>
      <trkpt lat="55.584473" lon="13.018195">
        <ele>13.1</ele>
        <time>2025-05-12T10:12:19.820000Z</time>
      </trkpt>
      <trkpt lat="55.584536" lon="13.018055">
        <ele>13.1</ele>
        <time>2025-05-12T10:12:22.820000Z</time>
      </trkpt>
      <trkpt lat="55.584576" lon="13.017869">
        <ele>13.0</ele>
        <time>2025-05-12T10:12:26.820000Z</time>
      </trkpt>
      <trkpt lat="55.584652" lon="13.017739">
        <ele>13.0</ele>
        <time>2025-05-12T10:12:30.819000Z</time>
      </trkpt>
      <trkpt lat="55.584703" lon="13.017586">
        <ele>12.9</ele>
        <time>2025-05-12T10:12:35.819000Z</time>
      </trkpt>
      <trkpt lat="55.584756" lon="13.017455">
        <ele>13.0</ele>
        <time>2025-05-12T10:12:39.819000Z</time>
      </trkpt>
      <trkpt lat="55.584815" lon="13.017321">
        <ele>13.0</ele>
        <time>2025-05-12T10:12:44.819000Z</time>
      </trkpt>
      <trkpt lat="55.584862" lon="13.017147">
        <ele>13.0</ele>
        <time>2025-05-12T10:12:52.819000Z</time>
      </trkpt>
      <trkpt lat="55.584915" lon="13.016984">
        <ele>13.0</ele>
        <time>2025-05-12T10:12:57.819000Z</time>
      </trkpt>
      <trkpt lat="55.584977" lon="13.01684">
        <ele>13.0</ele>
        <time>2025-05-12T10:13:01.819000Z</time>
      </trkpt>
      <trkpt lat="55.585043" lon="13.016667">
        <ele>13.1</ele>
        <time>2025-05-12T10:13:05.819000Z</time>
      </trkpt>
      <trkpt lat="55.585096" lon="13.016524">
        <ele>13.1</ele>
        <time>2025-05-12T10:13:08.819000Z</time>
      </trkpt>
      <trkpt lat="55.585152" lon="13.016376">
        <ele>13.1</ele>
        <time>2025-05-12T10:13:11.819000Z</time>
      </trkpt>
      <trkpt lat="55.585222" lon="13.016233">
        <ele>13.1</ele>
        <time>2025-05-12T10:13:14.819000Z</time>
      </trkpt>
      <trkpt lat="55.58528" lon="13.016036">
        <ele>13.1</ele>
        <time>2025-05-12T10:13:17.819000Z</time>
      </trkpt>
      <trkpt lat="55.58535" lon="13.015867">
        <ele>13.2</ele>
        <time>2025-05-12T10:13:20.818000Z</time>
      </trkpt>
      <trkpt lat="55.5854" lon="13.015692">
        <ele>13.2</ele>
        <time>2025-05-12T10:13:23.819000Z</time>
      </trkpt>
      <trkpt lat="55.585466" lon="13.015548">
        <ele>13.2</ele>
        <time>2025-05-12T10:13:26.818000Z</time>
      </trkpt>
      <trkpt lat="55.585506" lon="13.015393">
        <ele>13.2</ele>
        <time>2025-05-12T10:13:30.818000Z</time>
      </trkpt>
      <trkpt lat="55.585582" lon="13.015243">
        <ele>13.2</ele>
        <time>2025-05-12T10:13:35.818000Z</time>
      </trkpt>
      <trkpt lat="55.585636" lon="13.015095">
        <ele>13.3</ele>
        <time>2025-05-12T10:13:39.818000Z</time>
      </trkpt>
      <trkpt lat="55.585704" lon="13.014913">
        <ele>13.3</ele>
        <time>2025-05-12T10:13:43.818000Z</time>
      </trkpt>
      <trkpt lat="55.585763" lon="13.014759">
        <ele>13.2</ele>
        <time>2025-05-12T10:13:46.818000Z</time>
      </trkpt>
      <trkpt lat="55.585831" lon="13.014579">
        <ele>13.2</ele>
        <time>2025-05-12T10:13:49.818000Z</time>
      </trkpt>
      <trkpt lat="55.585899" lon="13.014398">
        <ele>13.2</ele>
        <time>2025-05-12T10:13:52.818000Z</time>
      </trkpt>
      <trkpt lat="55.585963" lon="13.014255">
        <ele>13.1</ele>
        <time>2025-05-12T10:13:55.818000Z</time>
      </trkpt>
      <trkpt lat="55.586022" lon="13.014101">
        <ele>13.1</ele>
        <time>2025-05-12T10:13:58.818000Z</time>
      </trkpt>
      <trkpt lat="55.586087" lon="13.01395">
        <ele>13.1</ele>
        <time>2025-05-12T10:14:01.818000Z</time>
      </trkpt>
      <trkpt lat="55.586141" lon="13.01378">
        <ele>13.1</ele>
        <time>2025-05-12T10:14:04.818000Z</time>
      </trkpt>
      <trkpt lat="55.586204" lon="13.013639">
        <ele>13.0</ele>
        <time>2025-05-12T10:14:07.818000Z</time>
      </trkpt>
      <trkpt lat="55.586253" lon="13.01348">
        <ele>13.0</ele>
        <time>2025-05-12T10:14:10.818000Z</time>
      </trkpt>
      <trkpt lat="55.586314" lon="13.013333">
        <ele>13.0</ele>
        <time>2025-05-12T10:14:13.818000Z</time>
      </trkpt>
      <trkpt lat="55.586371" lon="13.013143">
        <ele>12.9</ele>
        <time>2025-05-12T10:14:16.818000Z</time>
      </trkpt>
      <trkpt lat="55.586446" lon="13.012984">
        <ele>12.9</ele>
        <time>2025-05-12T10:14:20.818000Z</time>
      </trkpt>
      <trkpt lat="55.586498" lon="13.012802">
        <ele>12.9</ele>
        <time>2025-05-12T10:14:23.818000Z</time>
      </trkpt>
      <trkpt lat="55.586577" lon="13.012655">
        <ele>12.8</ele>
        <time>2025-05-12T10:14:27.817000Z</time>
      </trkpt>
      <trkpt lat="55.586628" lon="13.012517">
        <ele>12.8</ele>
        <time>2025-05-12T10:14:30.817000Z</time>
      </trkpt>
      <trkpt lat="55.586709" lon="13.012372">
        <ele>12.8</ele>
        <time>2025-05-12T10:14:33.817000Z</time>
      </trkpt>
      <trkpt lat="55.586769" lon="13.01218">
        <ele>13.1</ele>
        <time>2025-05-12T10:14:36.817000Z</time>
      </trkpt>
      <trkpt lat="55.586825" lon="13.012026">
        <ele>13.3</ele>
        <time>2025-05-12T10:14:38.817000Z</time>
      </trkpt>
      <trkpt lat="55.586895" lon="13.011862">
        <ele>13.6</ele>
        <time>2025-05-12T10:14:41.817000Z</time>
      </trkpt>
      <trkpt lat="55.586966" lon="13.011738">
        <ele>13.8</ele>
        <time>2025-05-12T10:14:43.817000Z</time>
      </trkpt>
      <trkpt lat="55.587021" lon="13.011602">
        <ele>14.0</ele>
        <time>2025-05-12T10:14:45.817000Z</time>
      </trkpt>
      <trkpt lat="55.587103" lon="13.011502">
        <ele>14.2</ele>
        <time>2025-05-12T10:14:47.817000Z</time>
      </trkpt>
      <trkpt lat="55.587209" lon="13.011589">
        <ele>14.5</ele>
        <time>2025-05-12T10:14:50.817000Z</time>
      </trkpt>
      <trkpt lat="55.587231" lon="13.011121">
        <ele>15.1</ele>
        <time>2025-05-12T10:14:54.817000Z</time>
      </trkpt>
      <trkpt lat="55.587303" lon="13.010968">
        <ele>15.3</ele>
        <time>2025-05-12T10:14:57.817000Z</time>
      </trkpt>
      <trkpt lat="55.587346" lon="13.010786">
        <ele>15.6</ele>
        <time>2025-05-12T10:15:00.817000Z</time>
      </trkpt>
      <trkpt lat="55.587416" lon="13.010613">
        <ele>15.8</ele>
        <time>2025-05-12T10:15:04.817000Z</time>
      </trkpt>
      <trkpt lat="55.587483" lon="13.010447">
        <ele>16.1</ele>
        <time>2025-05-12T10:15:08.817000Z</time>
      </trkpt>
      <trkpt lat="55.587542" lon="13.010305">
        <ele>16.3</ele>
        <time>2025-05-12T10:15:13.817000Z</time>
      </trkpt>
      <trkpt lat="55.587595" lon="13.010175">
        <ele>16.5</ele>
        <time>2025-05-12T10:15:17.817000Z</time>
      </trkpt>
      <trkpt lat="55.58766" lon="13.010014">
        <ele>16.7</ele>
        <time>2025-05-12T10:15:22.817000Z</time>
      </trkpt>
      <trkpt lat="55.587725" lon="13.00987">
        <ele>16.6</ele>
        <time>2025-05-12T10:15:27.817000Z</time>
      </trkpt>
      <trkpt lat="55.587781" lon="13.009745">
        <ele>16.4</ele>
        <time>2025-05-12T10:15:30.817000Z</time>
      </trkpt>
      <trkpt lat="55.587857" lon="13.009578">
        <ele>16.2</ele>
        <time>2025-05-12T10:15:34.817000Z</time>
      </trkpt>
      <trkpt lat="55.587932" lon="13.009431">
        <ele>15.9</ele>
        <time>2025-05-12T10:15:38.817000Z</time>
      </trkpt>
      <trkpt lat="55.588005" lon="13.009273">
        <ele>15.7</ele>
        <time>2025-05-12T10:15:42.817000Z</time>
      </trkpt>
      <trkpt lat="55.588066" lon="13.009135">
        <ele>15.5</ele>
        <time>2025-05-12T10:15:46.817000Z</time>
      </trkpt>
      <trkpt lat="55.587957" lon="13.008696">
        <ele>15.0</ele>
        <time>2025-05-12T10:15:48.817000Z</time>
      </trkpt>
      <trkpt lat="55.587933" lon="13.008507">
        <ele>14.8</ele>
        <time>2025-05-12T10:15:53.817000Z</time>
      </trkpt>
      <trkpt lat="55.587977" lon="13.008354">
        <ele>14.6</ele>
        <time>2025-05-12T10:15:56.817000Z</time>
      </trkpt>
      <trkpt lat="55.588044" lon="13.008164">
        <ele>14.4</ele>
        <time>2025-05-12T10:15:59.817000Z</time>
      </trkpt>
      <trkpt lat="55.588126" lon="13.007983">
        <ele>14.1</ele>
        <time>2025-05-12T10:16:02.817000Z</time>
      </trkpt>
      <trkpt lat="55.588191" lon="13.007817">
        <ele>13.9</ele>
        <time>2025-05-12T10:16:06.817000Z</time>
      </trkpt>
      <trkpt lat="55.588233" lon="13.00767">
        <ele>13.7</ele>
        <time>2025-05-12T10:16:08.817000Z</time>
      </trkpt>
      <trkpt lat="55.588305" lon="13.007527">
        <ele>13.5</ele>
        <time>2025-05-12T10:16:11.817000Z</time>
      </trkpt>
      <trkpt lat="55.588361" lon="13.007387">
        <ele>13.3</ele>
        <time>2025-05-12T10:16:14.817000Z</time>
      </trkpt>
      <trkpt lat="55.588418" lon="13.007245">
        <ele>13.3</ele>
        <time>2025-05-12T10:16:17.817000Z</time>
      </trkpt>
      <trkpt lat="55.588504" lon="13.007103">
        <ele>13.3</ele>
        <time>2025-05-12T10:16:21.816000Z</time>
      </trkpt>
      <trkpt lat="55.588603" lon="13.007086">
        <ele>13.3</ele>
        <time>2025-05-12T10:16:24.816000Z</time>
      </trkpt>
      <trkpt lat="55.588697" lon="13.007026">
        <ele>13.4</ele>
        <time>2025-05-12T10:16:28.816000Z</time>
      </trkpt>
      <trkpt lat="55.588618" lon="13.006925">
        <ele>13.4</ele>
        <time>2025-05-12T10:16:30.816000Z</time>
      </trkpt>
      <trkpt lat="55.588612" lon="13.006765">
        <ele>13.4</ele>
        <time>2025-05-12T10:16:34.816000Z</time>
      </trkpt>
      <trkpt lat="55.588604" lon="13.006587">
        <ele>13.4</ele>
        <time>2025-05-12T10:16:39.816000Z</time>
      </trkpt>
      <trkpt lat="55.588944" lon="13.005929">
        <ele>13.5</ele>
        <time>2025-05-12T10:16:44.816000Z</time>
      </trkpt>
      <trkpt lat="55.589031" lon="13.005872">
        <ele>13.6</ele>
        <time>2025-05-12T10:16:50.816000Z</time>
      </trkpt>
      <trkpt lat="55.589121" lon="13.005829">
        <ele>13.6</ele>
        <time>2025-05-12T10:17:00.816000Z</time>
      </trkpt>
      <trkpt lat="55.589137" lon="13.005455">
        <ele>13.6</ele>
        <time>2025-05-12T10:17:04.816000Z</time>
      </trkpt>
      <trkpt lat="55.589167" lon="13.005293">
        <ele>13.6</ele>
        <time>2025-05-12T10:17:08.816000Z</time>
      </trkpt>
      <trkpt lat="55.589204" lon="13.005146">
        <ele>13.7</ele>
        <time>2025-05-12T10:17:11.816000Z</time>
      </trkpt>
      <trkpt lat="55.589264" lon="13.005002">
        <ele>13.7</ele>
        <time>2025-05-12T10:17:14.816000Z</time>
      </trkpt>
      <trkpt lat="55.589321" lon="13.004877">
        <ele>13.7</ele>
        <time>2025-05-12T10:17:16.816000Z</time>
      </trkpt>
      <trkpt lat="55.589406" lon="13.004715">
        <ele>13.7</ele>
        <time>2025-05-12T10:17:19.816000Z</time>
      </trkpt>
      <trkpt lat="55.589494" lon="13.004545">
        <ele>13.7</ele>
        <time>2025-05-12T10:17:22.816000Z</time>
      </trkpt>
      <trkpt lat="55.589581" lon="13.004378">
        <ele>13.7</ele>
        <time>2025-05-12T10:17:25.815000Z</time>
      </trkpt>
      <trkpt lat="55.589634" lon="13.004245">
        <ele>13.7</ele>
        <time>2025-05-12T10:17:27.815000Z</time>
      </trkpt>
      <trkpt lat="55.589687" lon="13.00411">
        <ele>13.7</ele>
        <time>2025-05-12T10:17:29.815000Z</time>
      </trkpt>
      <trkpt lat="55.589744" lon="13.00393">
        <ele>13.7</ele>
        <time>2025-05-12T10:17:32.816000Z</time>
      </trkpt>
      <trkpt lat="55.5898" lon="13.003798">
        <ele>13.7</ele>
        <time>2025-05-12T10:17:35.815000Z</time>
      </trkpt>
      <trkpt lat="55.589863" lon="13.003672">
        <ele>13.7</ele>
        <time>2025-05-12T10:17:38.815000Z</time>
      </trkpt>
      <trkpt lat="55.589933" lon="13.003539">
        <ele>13.7</ele>
        <time>2025-05-12T10:17:41.815000Z</time>
      </trkpt>
      <trkpt lat="55.590014" lon="13.003386">
        <ele>13.7</ele>
        <time>2025-05-12T10:17:44.815000Z</time>
      </trkpt>
      <trkpt lat="55.590114" lon="13.003411">
        <ele>13.7</ele>
        <time>2025-05-12T10:17:45.815000Z</time>
      </trkpt>
      <trkpt lat="55.590187" lon="13.003217">
        <ele>13.7</ele>
        <time>2025-05-12T10:17:48.815000Z</time>
      </trkpt>
      <trkpt lat="55.590255" lon="13.003036">
        <ele>13.7</ele>
        <time>2025-05-12T10:17:51.815000Z</time>
      </trkpt>
      <trkpt lat="55.590318" lon="13.002867">
        <ele>13.7</ele>
        <time>2025-05-12T10:17:54.815000Z</time>
      </trkpt>
      <trkpt lat="55.59038" lon="13.002684">
        <ele>13.6</ele>
        <time>2025-05-12T10:17:56.815000Z</time>
      </trkpt>
      <trkpt lat="55.590443" lon="13.002535">
        <ele>13.4</ele>
        <time>2025-05-12T10:17:59.815000Z</time>
      </trkpt>
      <trkpt lat="55.590495" lon="13.002396">
        <ele>13.3</ele>
        <time>2025-05-12T10:18:02.815000Z</time>
      </trkpt>
      <trkpt lat="55.590558" lon="13.002227">
        <ele>13.1</ele>
        <time>2025-05-12T10:18:05.815000Z</time>
      </trkpt>
      <trkpt lat="55.590615" lon="13.002075">
        <ele>12.9</ele>
        <time>2025-05-12T10:18:08.815000Z</time>
      </trkpt>
      <trkpt lat="55.590679" lon="13.001905">
        <ele>12.7</ele>
        <time>2025-05-12T10:18:11.815000Z</time>
      </trkpt>
      <trkpt lat="55.590754" lon="13.001707">
        <ele>12.4</ele>
        <time>2025-05-12T10:18:14.815000Z</time>
      </trkpt>
      <trkpt lat="55.590804" lon="13.001573">
        <ele>12.3</ele>
        <time>2025-05-12T10:18:16.815000Z</time>
      </trkpt>
      <trkpt lat="55.590867" lon="13.001405">
        <ele>12.1</ele>
        <time>2025-05-12T10:18:19.815000Z</time>
      </trkpt>
      <trkpt lat="55.59092" lon="13.001263">
        <ele>11.9</ele>
        <time>2025-05-12T10:18:21.815000Z</time>
      </trkpt>
      <trkpt lat="55.59098" lon="13.001105">
        <ele>11.7</ele>
        <time>2025-05-12T10:18:23.815000Z</time>
      </trkpt>
      <trkpt lat="55.591032" lon="13.000966">
        <ele>11.6</ele>
        <time>2025-05-12T10:18:25.815000Z</time>
      </trkpt>
      <trkpt lat="55.591086" lon="13.000832">
        <ele>11.4</ele>
        <time>2025-05-12T10:18:27.815000Z</time>
      </trkpt>
      <trkpt lat="55.591153" lon="13.000661">
        <ele>11.2</ele>
        <time>2025-05-12T10:18:30.815000Z</time>
      </trkpt>
      <trkpt lat="55.591217" lon="13.000501">
        <ele>11.0</ele>
        <time>2025-05-12T10:18:33.815000Z</time>
      </trkpt>
      <trkpt lat="55.591279" lon="13.000313">
        <ele>10.8</ele>
        <time>2025-05-12T10:18:35.815000Z</time>
      </trkpt>
      <trkpt lat="55.591145" lon="13.000002">
        <ele>10.5</ele>
        <time>2025-05-12T10:18:38.814000Z</time>
      </trkpt>
      <trkpt lat="55.591219" lon="12.999876">
        <ele>10.5</ele>
        <time>2025-05-12T10:18:41.814000Z</time>
      </trkpt>
      <trkpt lat="55.59129" lon="12.999729">
        <ele>10.5</ele>
        <time>2025-05-12T10:18:44.814000Z</time>
      </trkpt>
      <trkpt lat="55.591492" lon="12.999775">
        <ele>10.5</ele>
        <time>2025-05-12T10:18:47.814000Z</time>
      </trkpt>
      <trkpt lat="55.591578" lon="12.999615">
        <ele>10.4</ele>
        <time>2025-05-12T10:18:50.814000Z</time>
      </trkpt>
      <trkpt lat="55.591667" lon="12.999447">
        <ele>10.4</ele>
        <time>2025-05-12T10:18:53.814000Z</time>
      </trkpt>
      <trkpt lat="55.591748" lon="12.999293">
        <ele>10.4</ele>
        <time>2025-05-12T10:18:56.814000Z</time>
      </trkpt>
      <trkpt lat="55.591824" lon="12.999143">
        <ele>10.4</ele>
        <time>2025-05-12T10:18:59.814000Z</time>
      </trkpt>
      <trkpt lat="55.591899" lon="12.998993">
        <ele>10.3</ele>
        <time>2025-05-12T10:19:02.814000Z</time>
      </trkpt>
      <trkpt lat="55.59196" lon="12.998872">
        <ele>10.3</ele>
        <time>2025-05-12T10:19:04.814000Z</time>
      </trkpt>
      <trkpt lat="55.592042" lon="12.998708">
        <ele>10.3</ele>
        <time>2025-05-12T10:19:07.814000Z</time>
      </trkpt>
      <trkpt lat="55.592131" lon="12.998532">
        <ele>10.3</ele>
        <time>2025-05-12T10:19:10.814000Z</time>
      </trkpt>
      <trkpt lat="55.592217" lon="12.998383">
        <ele>10.2</ele>
        <time>2025-05-12T10:19:13.814000Z</time>
      </trkpt>
      <trkpt lat="55.592282" lon="12.99826">
        <ele>10.2</ele>
        <time>2025-05-12T10:19:16.814000Z</time>
      </trkpt>
      <trkpt lat="55.592362" lon="12.998076">
        <ele>10.2</ele>
        <time>2025-05-12T10:19:18.814000Z</time>
      </trkpt>
      <trkpt lat="55.592392" lon="12.997849">
        <ele>10.1</ele>
        <time>2025-05-12T10:19:20.814000Z</time>
      </trkpt>
      <trkpt lat="55.592402" lon="12.997642">
        <ele>10.0</ele>
        <time>2025-05-12T10:19:24.814000Z</time>
      </trkpt>
      <trkpt lat="55.592453" lon="12.997501">
        <ele>9.9</ele>
        <time>2025-05-12T10:19:36.813000Z</time>
      </trkpt>
      <trkpt lat="55.59255" lon="12.997702">
        <ele>9.7</ele>
        <time>2025-05-12T10:19:39.813000Z</time>
      </trkpt>
      <trkpt lat="55.592654" lon="12.997695">
        <ele>9.6</ele>
        <time>2025-05-12T10:19:42.814000Z</time>
      </trkpt>
      <trkpt lat="55.592746" lon="12.997691">
        <ele>9.5</ele>
        <time>2025-05-12T10:19:45.813000Z</time>
      </trkpt>
      <trkpt lat="55.592837" lon="12.997676">
        <ele>9.5</ele>
        <time>2025-05-12T10:19:47.814000Z</time>
      </trkpt>
      <trkpt lat="55.592945" lon="12.997667">
        <ele>9.4</ele>
        <time>2025-05-12T10:19:50.814000Z</time>
      </trkpt>
      <trkpt lat="55.593039" lon="12.99765">
        <ele>9.3</ele>
        <time>2025-05-12T10:19:52.814000Z</time>
      </trkpt>
      <trkpt lat="55.593168" lon="12.997646">
        <ele>9.1</ele>
        <time>2025-05-12T10:19:55.814000Z</time>
      </trkpt>
      <trkpt lat="55.593261" lon="12.997661">
        <ele>9.0</ele>
        <time>2025-05-12T10:19:57.813000Z</time>
      </trkpt>
      <trkpt lat="55.593351" lon="12.997672">
        <ele>9.0</ele>
        <time>2025-05-12T10:19:59.813000Z</time>
      </trkpt>
      <trkpt lat="55.593473" lon="12.997666">
        <ele>8.8</ele>
        <time>2025-05-12T10:20:02.813000Z</time>
      </trkpt>
      <trkpt lat="55.593578" lon="12.997669">
        <ele>8.7</ele>
        <time>2025-05-12T10:20:05.813000Z</time>
      </trkpt>
      <trkpt lat="55.593702" lon="12.997676">
        <ele>8.6</ele>
        <time>2025-05-12T10:20:08.813000Z</time>
      </trkpt>
      <trkpt lat="55.593793" lon="12.997655">
        <ele>8.5</ele>
        <time>2025-05-12T10:20:10.813000Z</time>
      </trkpt>
      <trkpt lat="55.593913" lon="12.997635">
        <ele>8.5</ele>
        <time>2025-05-12T10:20:13.813000Z</time>
      </trkpt>
      <trkpt lat="55.594039" lon="12.997643">
        <ele>8.4</ele>
        <time>2025-05-12T10:20:16.813000Z</time>
      </trkpt>
      <trkpt lat="55.594155" lon="12.997635">
        <ele>8.4</ele>
        <time>2025-05-12T10:20:19.813000Z</time>
      </trkpt>
      <trkpt lat="55.594262" lon="12.997649">
        <ele>8.4</ele>
        <time>2025-05-12T10:20:21.813000Z</time>
      </trkpt>
      <trkpt lat="55.594374" lon="12.997647">
        <ele>8.3</ele>
        <time>2025-05-12T10:20:23.813000Z</time>
      </trkpt>
      <trkpt lat="55.5945" lon="12.997645">
        <ele>8.3</ele>
        <time>2025-05-12T10:20:26.813000Z</time>
      </trkpt>
      <trkpt lat="55.594595" lon="12.997638">
        <ele>8.3</ele>
        <time>2025-05-12T10:20:28.813000Z</time>
      </trkpt>
      <trkpt lat="55.594701" lon="12.997633">
        <ele>8.2</ele>
        <time>2025-05-12T10:20:31.813000Z</time>
      </trkpt>
      <trkpt lat="55.59482" lon="12.99763">
        <ele>8.2</ele>
        <time>2025-05-12T10:20:35.813000Z</time>
      </trkpt>
      <trkpt lat="55.594947" lon="12.997608">
        <ele>8.1</ele>
        <time>2025-05-12T10:20:38.813000Z</time>
      </trkpt>
      <trkpt lat="55.595045" lon="12.997576">
        <ele>8.1</ele>
        <time>2025-05-12T10:20:41.813000Z</time>
      </trkpt>
      <trkpt lat="55.595139" lon="12.997544">
        <ele>8.1</ele>
        <time>2025-05-12T10:20:44.813000Z</time>
      </trkpt>
      <trkpt lat="55.595245" lon="12.997509">
        <ele>8.1</ele>
        <time>2025-05-12T10:20:47.813000Z</time>
      </trkpt>
      <trkpt lat="55.595337" lon="12.99748">
        <ele>8.0</ele>
        <time>2025-05-12T10:20:50.813000Z</time>
      </trkpt>
      <trkpt lat="55.595437" lon="12.997448">
        <ele>8.0</ele>
        <time>2025-05-12T10:20:53.813000Z</time>
      </trkpt>
      <trkpt lat="55.595543" lon="12.997409">
        <ele>8.0</ele>
        <time>2025-05-12T10:20:56.813000Z</time>
      </trkpt>
      <trkpt lat="55.595651" lon="12.997363">
        <ele>8.0</ele>
        <time>2025-05-12T10:21:00.812000Z</time>
      </trkpt>
      <trkpt lat="55.595753" lon="12.997317">
        <ele>8.1</ele>
        <time>2025-05-12T10:21:04.812000Z</time>
      </trkpt>
      <trkpt lat="55.595873" lon="12.997268">
        <ele>8.3</ele>
        <time>2025-05-12T10:21:08.812000Z</time>
      </trkpt>
      <trkpt lat="55.595988" lon="12.997223">
        <ele>8.4</ele>
        <time>2025-05-12T10:21:11.812000Z</time>
      </trkpt>
      <trkpt lat="55.596103" lon="12.997178">
        <ele>8.6</ele>
        <time>2025-05-12T10:21:14.812000Z</time>
      </trkpt>
      <trkpt lat="55.59622" lon="12.997133">
        <ele>8.8</ele>
        <time>2025-05-12T10:21:17.812000Z</time>
      </trkpt>
      <trkpt lat="55.596339" lon="12.997084">
        <ele>8.9</ele>
        <time>2025-05-12T10:21:21.812000Z</time>
      </trkpt>
      <trkpt lat="55.596459" lon="12.997018">
        <ele>9.1</ele>
        <time>2025-05-12T10:21:24.812000Z</time>
      </trkpt>
      <trkpt lat="55.596575" lon="12.99692">
        <ele>9.3</ele>
        <time>2025-05-12T10:21:27.812000Z</time>
      </trkpt>
      <trkpt lat="55.596676" lon="12.99682">
        <ele>9.4</ele>
        <time>2025-05-12T10:21:30.812000Z</time>
      </trkpt>
      <trkpt lat="55.596768" lon="12.996691">
        <ele>9.6</ele>
        <time>2025-05-12T10:21:33.812000Z</time>
      </trkpt>
      <trkpt lat="55.596874" lon="12.996586">
        <ele>9.8</ele>
        <time>2025-05-12T10:21:36.812000Z</time>
      </trkpt>
      <trkpt lat="55.596967" lon="12.996499">
        <ele>9.9</ele>
        <time>2025-05-12T10:21:40.812000Z</time>
      </trkpt>
      <trkpt lat="55.597048" lon="12.99657">
        <ele>10.0</ele>
        <time>2025-05-12T10:22:24.811000Z</time>
      </trkpt>
      <trkpt lat="55.596959" lon="12.996611">
        <ele>10.2</ele>
        <time>2025-05-12T10:22:35.811000Z</time>
      </trkpt>
      <trkpt lat="55.596855" lon="12.996737">
        <ele>10.3</ele>
        <time>2025-05-12T10:22:41.811000Z</time>
      </trkpt>
      <trkpt lat="55.597063" lon="12.997223">
        <ele>10.4</ele>
        <time>2025-05-12T10:22:45.811000Z</time>
      </trkpt>
      <trkpt lat="55.597133" lon="12.99738">
        <ele>10.4</ele>
        <time>2025-05-12T10:22:49.811000Z</time>
      </trkpt>
      <trkpt lat="55.597235" lon="12.997364">
        <ele>10.4</ele>
        <time>2025-05-12T10:22:53.810000Z</time>
      </trkpt>
      <trkpt lat="55.597328" lon="12.997349">
        <ele>10.4</ele>
        <time>2025-05-12T10:22:58.810000Z</time>
      </trkpt>
      <trkpt lat="55.597425" lon="12.997384">
        <ele>10.4</ele>
        <time>2025-05-12T10:23:02.810000Z</time>
      </trkpt>
      <trkpt lat="55.597515" lon="12.99734">
        <ele>10.4</ele>
        <time>2025-05-12T10:23:05.810000Z</time>
      </trkpt>
      <trkpt lat="55.597615" lon="12.997353">
        <ele>10.4</ele>
        <time>2025-05-12T10:23:15.810000Z</time>
      </trkpt>
      <trkpt lat="55.597708" lon="12.997319">
        <ele>10.4</ele>
        <time>2025-05-12T10:23:22.810000Z</time>
      </trkpt>
      <trkpt lat="55.5978" lon="12.99728">
        <ele>10.4</ele>
        <time>2025-05-12T10:23:28.810000Z</time>
      </trkpt>
      <trkpt lat="55.597933" lon="12.997227">
        <ele>10.4</ele>
        <time>2025-05-12T10:23:36.810000Z</time>
      </trkpt>
      <trkpt lat="55.604657" lon="12.984197">
        <ele>4.9</ele>
        <time>2025-05-12T13:18:46Z</time>
      </trkpt>
      <trkpt lat="55.604671" lon="12.984412">
        <ele>4.9</ele>
        <time>2025-05-12T13:18:50Z</time>
      </trkpt>
      <trkpt lat="55.604672" lon="12.984597">
        <ele>4.9</ele>
        <time>2025-05-12T13:18:53Z</time>
      </trkpt>
      <trkpt lat="55.604656" lon="12.984774">
        <ele>4.9</ele>
        <time>2025-05-12T13:18:55.996000Z</time>
      </trkpt>
      <trkpt lat="55.604643" lon="12.984941">
        <ele>4.9</ele>
        <time>2025-05-12T13:18:58.996000Z</time>
      </trkpt>
      <trkpt lat="55.604615" lon="12.985099">
        <ele>4.9</ele>
        <time>2025-05-12T13:19:01.996000Z</time>
      </trkpt>
      <trkpt lat="55.604579" lon="12.985299">
        <ele>4.9</ele>
        <time>2025-05-12T13:19:05.996000Z</time>
      </trkpt>
      <trkpt lat="55.604536" lon="12.985482">
        <ele>4.9</ele>
        <time>2025-05-12T13:19:09.996000Z</time>
      </trkpt>
      <trkpt lat="55.604494" lon="12.98565">
        <ele>4.9</ele>
        <time>2025-05-12T13:19:13.996000Z</time>
      </trkpt>
      <trkpt lat="55.604407" lon="12.985756">
        <ele>4.9</ele>
        <time>2025-05-12T13:19:17.996000Z</time>
      </trkpt>
      <trkpt lat="55.604314" lon="12.985799">
        <ele>4.9</ele>
        <time>2025-05-12T13:19:20.996000Z</time>
      </trkpt>
      <trkpt lat="55.604234" lon="12.985872">
        <ele>4.9</ele>
        <time>2025-05-12T13:19:23.996000Z</time>
      </trkpt>
      <trkpt lat="55.604121" lon="12.985921">
        <ele>4.9</ele>
        <time>2025-05-12T13:19:27.996000Z</time>
      </trkpt>
      <trkpt lat="55.604029" lon="12.985979">
        <ele>4.9</ele>
        <time>2025-05-12T13:19:31.996000Z</time>
      </trkpt>
      <trkpt lat="55.603944" lon="12.986034">
        <ele>4.9</ele>
        <time>2025-05-12T13:19:35.996000Z</time>
      </trkpt>
      <trkpt lat="55.603851" lon="12.986089">
        <ele>4.9</ele>
        <time>2025-05-12T13:19:39.996000Z</time>
      </trkpt>
      <trkpt lat="55.603758" lon="12.98615">
        <ele>4.9</ele>
        <time>2025-05-12T13:19:44.996000Z</time>
      </trkpt>
      <trkpt lat="55.603664" lon="12.986206">
        <ele>4.9</ele>
        <time>2025-05-12T13:19:47.996000Z</time>
      </trkpt>
      <trkpt lat="55.603575" lon="12.986303">
        <ele>4.9</ele>
        <time>2025-05-12T13:19:50.995000Z</time>
      </trkpt>
      <trkpt lat="55.603484" lon="12.98636">
        <ele>5.0</ele>
        <time>2025-05-12T13:19:53.996000Z</time>
      </trkpt>
      <trkpt lat="55.60337" lon="12.98643">
        <ele>5.0</ele>
        <time>2025-05-12T13:19:57.996000Z</time>
      </trkpt>
      <trkpt lat="55.603259" lon="12.986469">
        <ele>5.0</ele>
        <time>2025-05-12T13:20:01.996000Z</time>
      </trkpt>
      <trkpt lat="55.603162" lon="12.98652">
        <ele>5.0</ele>
        <time>2025-05-12T13:20:05.995000Z</time>
      </trkpt>
      <trkpt lat="55.60306" lon="12.986566">
        <ele>5.0</ele>
        <time>2025-05-12T13:20:09.995000Z</time>
      </trkpt>
      <trkpt lat="55.602946" lon="12.986581">
        <ele>5.0</ele>
        <time>2025-05-12T13:20:13.996000Z</time>
      </trkpt>
      <trkpt lat="55.602845" lon="12.986628">
        <ele>5.0</ele>
        <time>2025-05-12T13:20:17.996000Z</time>
      </trkpt>
      <trkpt lat="55.602735" lon="12.986697">
        <ele>5.0</ele>
        <time>2025-05-12T13:20:22.996000Z</time>
      </trkpt>
      <trkpt lat="55.602626" lon="12.986722">
        <ele>5.0</ele>
        <time>2025-05-12T13:20:26.996000Z</time>
      </trkpt>
      <trkpt lat="55.602531" lon="12.986767">
        <ele>5.1</ele>
        <time>2025-05-12T13:20:30.996000Z</time>
      </trkpt>
      <trkpt lat="55.602557" lon="12.986974">
        <ele>5.2</ele>
        <time>2025-05-12T13:20:36.996000Z</time>
      </trkpt>
      <trkpt lat="55.60259" lon="12.987144">
        <ele>5.2</ele>
        <time>2025-05-12T13:20:40.996000Z</time>
      </trkpt>
      <trkpt lat="55.602643" lon="12.987294">
        <ele>5.3</ele>
        <time>2025-05-12T13:20:43.996000Z</time>
      </trkpt>
      <trkpt lat="55.602689" lon="12.987474">
        <ele>5.3</ele>
        <time>2025-05-12T13:20:46.996000Z</time>
      </trkpt>
      <trkpt lat="55.602718" lon="12.987656">
        <ele>5.4</ele>
        <time>2025-05-12T13:20:49.996000Z</time>
      </trkpt>
      <trkpt lat="55.602726" lon="12.987819">
        <ele>5.4</ele>
        <time>2025-05-12T13:20:52.996000Z</time>
      </trkpt>
      <trkpt lat="55.602697" lon="12.988004">
        <ele>5.5</ele>
        <time>2025-05-12T13:20:56.996000Z</time>
      </trkpt>
      <trkpt lat="55.602662" lon="12.988169">
        <ele>5.5</ele>
        <time>2025-05-12T13:20:59.996000Z</time>
      </trkpt>
      <trkpt lat="55.602613" lon="12.988345">
        <ele>5.6</ele>
        <time>2025-05-12T13:21:03.996000Z</time>
      </trkpt>
      <trkpt lat="55.602544" lon="12.988496">
        <ele>5.6</ele>
        <time>2025-05-12T13:21:07.996000Z</time>
      </trkpt>
      <trkpt lat="55.602462" lon="12.988582">
        <ele>5.7</ele>
        <time>2025-05-12T13:21:10.996000Z</time>
      </trkpt>
      <trkpt lat="55.60236" lon="12.988566">
        <ele>5.7</ele>
        <time>2025-05-12T13:21:14.996000Z</time>
      </trkpt>
      <trkpt lat="55.602256" lon="12.988537">
        <ele>5.8</ele>
        <time>2025-05-12T13:21:21.996000Z</time>
      </trkpt>
      <trkpt lat="55.602155" lon="12.988575">
        <ele>5.9</ele>
        <time>2025-05-12T13:21:27.996000Z</time>
      </trkpt>
      <trkpt lat="55.602037" lon="12.988593">
        <ele>5.9</ele>
        <time>2025-05-12T13:22:11.995000Z</time>
      </trkpt>
      <trkpt lat="55.601953" lon="12.988527">
        <ele>6.2</ele>
        <time>2025-05-12T13:22:15.996000Z</time>
      </trkpt>
      <trkpt lat="55.601855" lon="12.988442">
        <ele>6.4</ele>
        <time>2025-05-12T13:22:18.996000Z</time>
      </trkpt>
      <trkpt lat="55.601744" lon="12.988441">
        <ele>6.7</ele>
        <time>2025-05-12T13:22:21.996000Z</time>
      </trkpt>
      <trkpt lat="55.601676" lon="12.988565">
        <ele>6.9</ele>
        <time>2025-05-12T13:22:24.996000Z</time>
      </trkpt>
      <trkpt lat="55.60162" lon="12.988718">
        <ele>7.2</ele>
        <time>2025-05-12T13:22:28.996000Z</time>
      </trkpt>
      <trkpt lat="55.601584" lon="12.98889">
        <ele>7.4</ele>
        <time>2025-05-12T13:22:32.996000Z</time>
      </trkpt>
      <trkpt lat="55.601502" lon="12.989046">
        <ele>7.7</ele>
        <time>2025-05-12T13:22:36.996000Z</time>
      </trkpt>
      <trkpt lat="55.601432" lon="12.989145">
        <ele>7.9</ele>
        <time>2025-05-12T13:22:39.996000Z</time>
      </trkpt>
      <trkpt lat="55.601335" lon="12.989158">
        <ele>8.2</ele>
        <time>2025-05-12T13:22:43.996000Z</time>
      </trkpt>
      <trkpt lat="55.601245" lon="12.989089">
        <ele>8.4</ele>
        <time>2025-05-12T13:22:46.996000Z</time>
      </trkpt>
      <trkpt lat="55.601147" lon="12.989061">
        <ele>8.6</ele>
        <time>2025-05-12T13:22:50.996000Z</time>
      </trkpt>
      <trkpt lat="55.601057" lon="12.9891">
        <ele>8.9</ele>
        <time>2025-05-12T13:22:55.996000Z</time>
      </trkpt>
      <trkpt lat="55.600968" lon="12.989151">
        <ele>9.1</ele>
        <time>2025-05-12T13:22:59.996000Z</time>
      </trkpt>
      <trkpt lat="55.600849" lon="12.989165">
        <ele>9.4</ele>
        <time>2025-05-12T13:23:03.995000Z</time>
      </trkpt>
      <trkpt lat="55.600761" lon="12.989069">
        <ele>9.6</ele>
        <time>2025-05-12T13:23:08.996000Z</time>
      </trkpt>
      <trkpt lat="55.600694" lon="12.988937">
        <ele>9.9</ele>
        <time>2025-05-12T13:23:13.996000Z</time>
      </trkpt>
      <trkpt lat="55.600631" lon="12.988774">
        <ele>10.1</ele>
        <time>2025-05-12T13:23:17.996000Z</time>
      </trkpt>
      <trkpt lat="55.600557" lon="12.988643">
        <ele>10.3</ele>
        <time>2025-05-12T13:23:20.996000Z</time>
      </trkpt>
      <trkpt lat="55.600484" lon="12.988513">
        <ele>10.5</ele>
        <time>2025-05-12T13:23:25.996000Z</time>
      </trkpt>
      <trkpt lat="55.600412" lon="12.988386">
        <ele>10.6</ele>
        <time>2025-05-12T13:23:29.996000Z</time>
      </trkpt>
      <trkpt lat="55.60032" lon="12.988271">
        <ele>10.8</ele>
        <time>2025-05-12T13:23:33.996000Z</time>
      </trkpt>
      <trkpt lat="55.600232" lon="12.988185">
        <ele>11.0</ele>
        <time>2025-05-12T13:23:37.996000Z</time>
      </trkpt>
      <trkpt lat="55.600128" lon="12.988104">
        <ele>11.1</ele>
        <time>2025-05-12T13:23:41.996000Z</time>
      </trkpt>
      <trkpt lat="55.60003" lon="12.988101">
        <ele>11.3</ele>
        <time>2025-05-12T13:23:46.996000Z</time>
      </trkpt>
      <trkpt lat="55.599918" lon="12.988101">
        <ele>11.5</ele>
        <time>2025-05-12T13:23:51.996000Z</time>
      </trkpt>
      <trkpt lat="55.599806" lon="12.988111">
        <ele>11.6</ele>
        <time>2025-05-12T13:23:54.996000Z</time>
      </trkpt>
      <trkpt lat="55.599698" lon="12.98816">
        <ele>11.8</ele>
        <time>2025-05-12T13:23:58.996000Z</time>
      </trkpt>
      <trkpt lat="55.599672" lon="12.988357">
        <ele>12.0</ele>
        <time>2025-05-12T13:24:03.996000Z</time>
      </trkpt>
      <trkpt lat="55.599696" lon="12.988533">
        <ele>12.1</ele>
        <time>2025-05-12T13:24:06.996000Z</time>
      </trkpt>
      <trkpt lat="55.599699" lon="12.988693">
        <ele>12.3</ele>
        <time>2025-05-12T13:24:10.996000Z</time>
      </trkpt>
      <trkpt lat="55.59972" lon="12.988852">
        <ele>12.4</ele>
        <time>2025-05-12T13:24:14.995000Z</time>
      </trkpt>
      <trkpt lat="55.599736" lon="12.989038">
        <ele>12.6</ele>
        <time>2025-05-12T13:24:18.996000Z</time>
      </trkpt>
      <trkpt lat="55.599767" lon="12.989231">
        <ele>12.8</ele>
        <time>2025-05-12T13:24:21.995000Z</time>
      </trkpt>
      <trkpt lat="55.599786" lon="12.989418">
        <ele>12.9</ele>
        <time>2025-05-12T13:24:24.996000Z</time>
      </trkpt>
      <trkpt lat="55.599805" lon="12.989588">
        <ele>12.8</ele>
        <time>2025-05-12T13:24:27.996000Z</time>
      </trkpt>
      <trkpt lat="55.599814" lon="12.989768">
        <ele>12.5</ele>
        <time>2025-05-12T13:24:31.996000Z</time>
      </trkpt>
      <trkpt lat="55.599848" lon="12.989937">
        <ele>12.2</ele>
        <time>2025-05-12T13:24:35.996000Z</time>
      </trkpt>
      <trkpt lat="55.599876" lon="12.990111">
        <ele>11.9</ele>
        <time>2025-05-12T13:24:38.996000Z</time>
      </trkpt>
      <trkpt lat="55.599903" lon="12.990294">
        <ele>11.6</ele>
        <time>2025-05-12T13:24:41.996000Z</time>
      </trkpt>
      <trkpt lat="55.599922" lon="12.990466">
        <ele>11.3</ele>
        <time>2025-05-12T13:24:44.996000Z</time>
      </trkpt>
      <trkpt lat="55.599943" lon="12.990644">
        <ele>11.0</ele>
        <time>2025-05-12T13:24:47.996000Z</time>
      </trkpt>
      <trkpt lat="55.599987" lon="12.990821">
        <ele>10.7</ele>
        <time>2025-05-12T13:24:50.996000Z</time>
      </trkpt>
      <trkpt lat="55.599922" lon="12.990986">
        <ele>10.3</ele>
        <time>2025-05-12T13:24:54.996000Z</time>
      </trkpt>
      <trkpt lat="55.599816" lon="12.991022">
        <ele>10.0</ele>
        <time>2025-05-12T13:24:57.996000Z</time>
      </trkpt>
      <trkpt lat="55.599726" lon="12.991053">
        <ele>9.7</ele>
        <time>2025-05-12T13:25:01.996000Z</time>
      </trkpt>
      <trkpt lat="55.599484" lon="12.99116">
        <ele>9.0</ele>
        <time>2025-05-12T13:25:06.996000Z</time>
      </trkpt>
      <trkpt lat="55.599393" lon="12.991257">
        <ele>8.7</ele>
        <time>2025-05-12T13:25:08.996000Z</time>
      </trkpt>
      <trkpt lat="55.599291" lon="12.991293">
        <ele>8.4</ele>
        <time>2025-05-12T13:25:12.996000Z</time>
      </trkpt>
      <trkpt lat="55.599186" lon="12.991331">
        <ele>8.0</ele>
        <time>2025-05-12T13:25:16.996000Z</time>
      </trkpt>
      <trkpt lat="55.599098" lon="12.991379">
        <ele>7.8</ele>
        <time>2025-05-12T13:25:20.996000Z</time>
      </trkpt>
      <trkpt lat="55.599007" lon="12.99143">
        <ele>7.7</ele>
        <time>2025-05-12T13:25:25.996000Z</time>
      </trkpt>
      <trkpt lat="55.598902" lon="12.991443">
        <ele>7.8</ele>
        <time>2025-05-12T13:25:30.996000Z</time>
      </trkpt>
      <trkpt lat="55.598802" lon="12.991489">
        <ele>7.9</ele>
        <time>2025-05-12T13:25:34.996000Z</time>
      </trkpt>
      <trkpt lat="55.598716" lon="12.991539">
        <ele>7.9</ele>
        <time>2025-05-12T13:25:37.996000Z</time>
      </trkpt>
      <trkpt lat="55.598627" lon="12.991602">
        <ele>8.0</ele>
        <time>2025-05-12T13:25:40.996000Z</time>
      </trkpt>
      <trkpt lat="55.598536" lon="12.991654">
        <ele>8.1</ele>
        <time>2025-05-12T13:25:43.996000Z</time>
      </trkpt>
      <trkpt lat="55.598443" lon="12.991706">
        <ele>8.2</ele>
        <time>2025-05-12T13:25:46.996000Z</time>
      </trkpt>
      <trkpt lat="55.598359" lon="12.991768">
        <ele>8.3</ele>
        <time>2025-05-12T13:25:49.996000Z</time>
      </trkpt>
      <trkpt lat="55.598261" lon="12.991851">
        <ele>8.4</ele>
        <time>2025-05-12T13:25:53.996000Z</time>
      </trkpt>
      <trkpt lat="55.598176" lon="12.991929">
        <ele>8.5</ele>
        <time>2025-05-12T13:25:56.996000Z</time>
      </trkpt>
      <trkpt lat="55.598061" lon="12.99197">
        <ele>8.6</ele>
        <time>2025-05-12T13:26:00.996000Z</time>
      </trkpt>
      <trkpt lat="55.59795" lon="12.992055">
        <ele>8.7</ele>
        <time>2025-05-12T13:26:03.996000Z</time>
      </trkpt>
      <trkpt lat="55.597856" lon="12.992139">
        <ele>8.8</ele>
        <time>2025-05-12T13:26:06.996000Z</time>
      </trkpt>
      <trkpt lat="55.597773" lon="12.992282">
        <ele>8.9</ele>
        <time>2025-05-12T13:26:10.996000Z</time>
      </trkpt>
      <trkpt lat="55.597788" lon="12.99246">
        <ele>9.0</ele>
        <time>2025-05-12T13:26:14.996000Z</time>
      </trkpt>
      <trkpt lat="55.597831" lon="12.992636">
        <ele>9.1</ele>
        <time>2025-05-12T13:26:17.996000Z</time>
      </trkpt>
      <trkpt lat="55.597868" lon="12.992797">
        <ele>9.1</ele>
        <time>2025-05-12T13:26:20.996000Z</time>
      </trkpt>
      <trkpt lat="55.597904" lon="12.992944">
        <ele>9.2</ele>
        <time>2025-05-12T13:26:23.995000Z</time>
      </trkpt>
      <trkpt lat="55.597958" lon="12.993092">
        <ele>9.2</ele>
        <time>2025-05-12T13:26:26.996000Z</time>
      </trkpt>
      <trkpt lat="55.597999" lon="12.993271">
        <ele>9.2</ele>
        <time>2025-05-12T13:26:29.996000Z</time>
      </trkpt>
      <trkpt lat="55.598039" lon="12.993449">
        <ele>9.2</ele>
        <time>2025-05-12T13:26:32.995000Z</time>
      </trkpt>
      <trkpt lat="55.59809" lon="12.993629">
        <ele>9.2</ele>
        <time>2025-05-12T13:26:35.995000Z</time>
      </trkpt>
      <trkpt lat="55.598137" lon="12.993812">
        <ele>9.2</ele>
        <time>2025-05-12T13:26:38.995000Z</time>
      </trkpt>
      <trkpt lat="55.598185" lon="12.993997">
        <ele>9.2</ele>
        <time>2025-05-12T13:26:41.995000Z</time>
      </trkpt>
      <trkpt lat="55.598225" lon="12.994176">
        <ele>9.2</ele>
        <time>2025-05-12T13:26:44.995000Z</time>
      </trkpt>
      <trkpt lat="55.598249" lon="12.994346">
        <ele>9.2</ele>
        <time>2025-05-12T13:26:47.995000Z</time>
      </trkpt>
      <trkpt lat="55.598293" lon="12.994504">
        <ele>9.2</ele>
        <time>2025-05-12T13:26:50.995000Z</time>
      </trkpt>
      <trkpt lat="55.598342" lon="12.994698">
        <ele>9.2</ele>
        <time>2025-05-12T13:26:53.995000Z</time>
      </trkpt>
      <trkpt lat="55.598399" lon="12.994881">
        <ele>9.2</ele>
        <time>2025-05-12T13:26:56.995000Z</time>
      </trkpt>
      <trkpt lat="55.598445" lon="12.99505">
        <ele>9.2</ele>
        <time>2025-05-12T13:26:59.995000Z</time>
      </trkpt>
      <trkpt lat="55.59849" lon="12.995212">
        <ele>9.2</ele>
        <time>2025-05-12T13:27:02.995000Z</time>
      </trkpt>
      <trkpt lat="55.598521" lon="12.995368">
        <ele>9.2</ele>
        <time>2025-05-12T13:27:05.995000Z</time>
      </trkpt>
      <trkpt lat="55.598578" lon="12.995504">
        <ele>9.2</ele>
        <time>2025-05-12T13:27:08.995000Z</time>
      </trkpt>
      <trkpt lat="55.598619" lon="12.99566">
        <ele>9.2</ele>
        <time>2025-05-12T13:27:14.995000Z</time>
      </trkpt>
      <trkpt lat="55.598546" lon="12.995944">
        <ele>9.2</ele>
        <time>2025-05-12T13:27:33.995000Z</time>
      </trkpt>
      <trkpt lat="55.598466" lon="12.996048">
        <ele>9.2</ele>
        <time>2025-05-12T13:27:40.995000Z</time>
      </trkpt>
      <trkpt lat="55.598505" lon="12.99622">
        <ele>9.2</ele>
        <time>2025-05-12T13:27:52.995000Z</time>
      </trkpt>
      <trkpt lat="55.598405" lon="12.996246">
        <ele>9.2</ele>
        <time>2025-05-12T13:28:01.995000Z</time>
      </trkpt>
      <trkpt lat="55.598308" lon="12.996179">
        <ele>9.2</ele>
        <time>2025-05-12T13:28:04.995000Z</time>
      </trkpt>
      <trkpt lat="55.598205" lon="12.996125">
        <ele>9.2</ele>
        <time>2025-05-12T13:28:08.995000Z</time>
      </trkpt>
      <trkpt lat="55.598108" lon="12.996124">
        <ele>9.2</ele>
        <time>2025-05-12T13:28:12.995000Z</time>
      </trkpt>
      <trkpt lat="55.598033" lon="12.996252">
        <ele>9.2</ele>
        <time>2025-05-12T13:28:17.995000Z</time>
      </trkpt>
      <trkpt lat="55.597999" lon="12.996425">
        <ele>9.2</ele>
        <time>2025-05-12T13:28:27.996000Z</time>
      </trkpt>
    </trkseg>
  </trk>
  <trk>
    <name>2025-05-13</name>
    <trkseg>
      <trkpt lat="55.672566" lon="12.566409">
        <ele>9.8</ele>
        <time>2025-05-13T10:42:11Z</time>
      </trkpt>
      <trkpt lat="55.672485" lon="12.566508">
        <ele>9.8</ele>
        <time>2025-05-13T10:42:14Z</time>
      </trkpt>
      <trkpt lat="55.672411" lon="12.566609">
        <ele>9.8</ele>
        <time>2025-05-13T10:42:17Z</time>
      </trkpt>
      <trkpt lat="55.672302" lon="12.5667">
        <ele>9.8</ele>
        <time>2025-05-13T10:42:21Z</time>
      </trkpt>
      <trkpt lat="55.672196" lon="12.566792">
        <ele>9.8</ele>
        <time>2025-05-13T10:42:25Z</time>
      </trkpt>
      <trkpt lat="55.672127" lon="12.566902">
        <ele>9.8</ele>
        <time>2025-05-13T10:42:28Z</time>
      </trkpt>
      <trkpt lat="55.672053" lon="12.567014">
        <ele>9.8</ele>
        <time>2025-05-13T10:42:32Z</time>
      </trkpt>
      <trkpt lat="55.671958" lon="12.567141">
        <ele>9.8</ele>
        <time>2025-05-13T10:42:35Z</time>
      </trkpt>
      <trkpt lat="55.671861" lon="12.567278">
        <ele>9.8</ele>
        <time>2025-05-13T10:42:38Z</time>
      </trkpt>
      <trkpt lat="55.671769" lon="12.567412">
        <ele>9.6</ele>
        <time>2025-05-13T10:42:41Z</time>
      </trkpt>
      <trkpt lat="55.671711" lon="12.56754">
        <ele>9.3</ele>
        <time>2025-05-13T10:42:53Z</time>
      </trkpt>
      <trkpt lat="55.67163" lon="12.567611">
        <ele>9.0</ele>
        <time>2025-05-13T10:43:10Z</time>
      </trkpt>
      <trkpt lat="55.671548" lon="12.567708">
        <ele>8.8</ele>
        <time>2025-05-13T10:43:22Z</time>
      </trkpt>
      <trkpt lat="55.671524" lon="12.567894">
        <ele>8.4</ele>
        <time>2025-05-13T10:43:40Z</time>
      </trkpt>
      <trkpt lat="55.67163" lon="12.567966">
        <ele>8.1</ele>
        <time>2025-05-13T10:45:09Z</time>
      </trkpt>
      <trkpt lat="55.671701" lon="12.568115">
        <ele>7.8</ele>
        <time>2025-05-13T10:45:14Z</time>
      </trkpt>
      <trkpt lat="55.67174" lon="12.568307">
        <ele>7.5</ele>
        <time>2025-05-13T10:45:17Z</time>
      </trkpt>
      <trkpt lat="55.671783" lon="12.568452">
        <ele>7.2</ele>
        <time>2025-05-13T10:45:19Z</time>
      </trkpt>
      <trkpt lat="55.671834" lon="12.568605">
        <ele>6.9</ele>
        <time>2025-05-13T10:45:21Z</time>
      </trkpt>
      <trkpt lat="55.671902" lon="12.568748">
        <ele>6.6</ele>
        <time>2025-05-13T10:45:23Z</time>
      </trkpt>
      <trkpt lat="55.671963" lon="12.568908">
        <ele>6.3</ele>
        <time>2025-05-13T10:45:25Z</time>
      </trkpt>
      <trkpt lat="55.67201" lon="12.569088">
        <ele>6.0</ele>
        <time>2025-05-13T10:45:27Z</time>
      </trkpt>
      <trkpt lat="55.672084" lon="12.56924">
        <ele>5.7</ele>
        <time>2025-05-13T10:45:29Z</time>
      </trkpt>
      <trkpt lat="55.672143" lon="12.569432">
        <ele>5.3</ele>
        <time>2025-05-13T10:45:31Z</time>
      </trkpt>
      <trkpt lat="55.672214" lon="12.569594">
        <ele>5.0</ele>
        <time>2025-05-13T10:45:33Z</time>
      </trkpt>
      <trkpt lat="55.67228" lon="12.569773">
        <ele>4.6</ele>
        <time>2025-05-13T10:45:35Z</time>
      </trkpt>
      <trkpt lat="55.672344" lon="12.569946">
        <ele>4.7</ele>
        <time>2025-05-13T10:45:37Z</time>
      </trkpt>
      <trkpt lat="55.672395" lon="12.570123">
        <ele>4.7</ele>
        <time>2025-05-13T10:45:39Z</time>
      </trkpt>
      <trkpt lat="55.672452" lon="12.570282">
        <ele>4.7</ele>
        <time>2025-05-13T10:45:41Z</time>
      </trkpt>
      <trkpt lat="55.672519" lon="12.570421">
        <ele>4.7</ele>
        <time>2025-05-13T10:45:43Z</time>
      </trkpt>
      <trkpt lat="55.672562" lon="12.570586">
        <ele>4.8</ele>
        <time>2025-05-13T10:45:45Z</time>
      </trkpt>
      <trkpt lat="55.67264" lon="12.570731">
        <ele>4.8</ele>
        <time>2025-05-13T10:45:47Z</time>
      </trkpt>
      <trkpt lat="55.672694" lon="12.570894">
        <ele>4.8</ele>
        <time>2025-05-13T10:45:49Z</time>
      </trkpt>
      <trkpt lat="55.672746" lon="12.571044">
        <ele>4.8</ele>
        <time>2025-05-13T10:45:51Z</time>
      </trkpt>
      <trkpt lat="55.672796" lon="12.571178">
        <ele>4.8</ele>
        <time>2025-05-13T10:45:53Z</time>
      </trkpt>
      <trkpt lat="55.672855" lon="12.571313">
        <ele>4.9</ele>
        <time>2025-05-13T10:45:55Z</time>
      </trkpt>
      <trkpt lat="55.672927" lon="12.571437">
        <ele>4.9</ele>
        <time>2025-05-13T10:45:57Z</time>
      </trkpt>
      <trkpt lat="55.673004" lon="12.571548">
        <ele>4.9</ele>
        <time>2025-05-13T10:45:59Z</time>
      </trkpt>
      <trkpt lat="55.673101" lon="12.571689">
        <ele>4.9</ele>
        <time>2025-05-13T10:46:02Z</time>
      </trkpt>
      <trkpt lat="55.673166" lon="12.571801">
        <ele>4.9</ele>
        <time>2025-05-13T10:46:04Z</time>
      </trkpt>
      <trkpt lat="55.673251" lon="12.571944">
        <ele>5.0</ele>
        <time>2025-05-13T10:46:07Z</time>
      </trkpt>
      <trkpt lat="55.673409" lon="12.572136">
        <ele>5.0</ele>
        <time>2025-05-13T10:47:07Z</time>
      </trkpt>
      <trkpt lat="55.673111" lon="12.572782">
        <ele>4.8</ele>
        <time>2025-05-13T10:47:24Z</time>
      </trkpt>
      <trkpt lat="55.673047" lon="12.5729">
        <ele>4.7</ele>
        <time>2025-05-13T10:47:27Z</time>
      </trkpt>
      <trkpt lat="55.672956" lon="12.573019">
        <ele>4.7</ele>
        <time>2025-05-13T10:47:31Z</time>
      </trkpt>
      <trkpt lat="55.672874" lon="12.573125">
        <ele>4.6</ele>
        <time>2025-05-13T10:47:35Z</time>
      </trkpt>
      <trkpt lat="55.67281" lon="12.573239">
        <ele>4.6</ele>
        <time>2025-05-13T10:47:44Z</time>
      </trkpt>
      <trkpt lat="55.672743" lon="12.57338">
        <ele>4.5</ele>
        <time>2025-05-13T10:47:49Z</time>
      </trkpt>
      <trkpt lat="55.672672" lon="12.573573">
        <ele>4.5</ele>
        <time>2025-05-13T10:47:53Z</time>
      </trkpt>
      <trkpt lat="55.672596" lon="12.573753">
        <ele>4.4</ele>
        <time>2025-05-13T10:47:56Z</time>
      </trkpt>
      <trkpt lat="55.672525" lon="12.573889">
        <ele>4.4</ele>
        <time>2025-05-13T10:47:59Z</time>
      </trkpt>
      <trkpt lat="55.67246" lon="12.574038">
        <ele>4.3</ele>
        <time>2025-05-13T10:48:02Z</time>
      </trkpt>
      <trkpt lat="55.672398" lon="12.574191">
        <ele>4.2</ele>
        <time>2025-05-13T10:48:05Z</time>
      </trkpt>
      <trkpt lat="55.672316" lon="12.574354">
        <ele>4.2</ele>
        <time>2025-05-13T10:48:08Z</time>
      </trkpt>
      <trkpt lat="55.672248" lon="12.574529">
        <ele>4.1</ele>
        <time>2025-05-13T10:48:11Z</time>
      </trkpt>
      <trkpt lat="55.672223" lon="12.574763">
        <ele>4.3</ele>
        <time>2025-05-13T10:48:13Z</time>
      </trkpt>
      <trkpt lat="55.672161" lon="12.574896">
        <ele>4.4</ele>
        <time>2025-05-13T10:48:15Z</time>
      </trkpt>
      <trkpt lat="55.672099" lon="12.575031">
        <ele>4.6</ele>
        <time>2025-05-13T10:48:17Z</time>
      </trkpt>
      <trkpt lat="55.672035" lon="12.575167">
        <ele>4.8</ele>
        <time>2025-05-13T10:48:19Z</time>
      </trkpt>
      <trkpt lat="55.671889" lon="12.575186">
        <ele>5.0</ele>
        <time>2025-05-13T10:48:21Z</time>
      </trkpt>
      <trkpt lat="55.671852" lon="12.575335">
        <ele>5.1</ele>
        <time>2025-05-13T10:48:23Z</time>
      </trkpt>
      <trkpt lat="55.671854" lon="12.575544">
        <ele>5.3</ele>
        <time>2025-05-13T10:48:25Z</time>
      </trkpt>
      <trkpt lat="55.67175" lon="12.575581">
        <ele>5.5</ele>
        <time>2025-05-13T10:48:27Z</time>
      </trkpt>
      <trkpt lat="55.671668" lon="12.575745">
        <ele>5.7</ele>
        <time>2025-05-13T10:48:30Z</time>
      </trkpt>
      <trkpt lat="55.671578" lon="12.57591">
        <ele>5.9</ele>
        <time>2025-05-13T10:48:33Z</time>
      </trkpt>
      <trkpt lat="55.671494" lon="12.576075">
        <ele>6.1</ele>
        <time>2025-05-13T10:48:36Z</time>
      </trkpt>
      <trkpt lat="55.671416" lon="12.576234">
        <ele>6.3</ele>
        <time>2025-05-13T10:48:39Z</time>
      </trkpt>
      <trkpt lat="55.671334" lon="12.576367">
        <ele>6.5</ele>
        <time>2025-05-13T10:48:42Z</time>
      </trkpt>
      <trkpt lat="55.671254" lon="12.576515">
        <ele>6.7</ele>
        <time>2025-05-13T10:48:45Z</time>
      </trkpt>
      <trkpt lat="55.671184" lon="12.57665">
        <ele>6.9</ele>
        <time>2025-05-13T10:48:48Z</time>
      </trkpt>
      <trkpt lat="55.67111" lon="12.576795">
        <ele>7.0</ele>
        <time>2025-05-13T10:48:51Z</time>
      </trkpt>
      <trkpt lat="55.671031" lon="12.57692">
        <ele>7.7</ele>
        <time>2025-05-13T10:48:54Z</time>
      </trkpt>
      <trkpt lat="55.67098" lon="12.577072">
        <ele>8.4</ele>
        <time>2025-05-13T10:48:57Z</time>
      </trkpt>
      <trkpt lat="55.670945" lon="12.577225">
        <ele>9.0</ele>
        <time>2025-05-13T10:49:00Z</time>
      </trkpt>
      <trkpt lat="55.67088" lon="12.577407">
        <ele>9.8</ele>
        <time>2025-05-13T10:49:04Z</time>
      </trkpt>
      <trkpt lat="55.670807" lon="12.577567">
        <ele>10.6</ele>
        <time>2025-05-13T10:49:08Z</time>
      </trkpt>
      <trkpt lat="55.670753" lon="12.577736">
        <ele>11.3</ele>
        <time>2025-05-13T10:49:10Z</time>
      </trkpt>
      <trkpt lat="55.670679" lon="12.577883">
        <ele>12.0</ele>
        <time>2025-05-13T10:49:15Z</time>
      </trkpt>
      <trkpt lat="55.670608" lon="12.578025">
        <ele>12.7</ele>
        <time>2025-05-13T10:49:19Z</time>
      </trkpt>
      <trkpt lat="55.67074" lon="12.577761">
        <ele>14.0</ele>
        <time>2025-05-13T10:49:59Z</time>
      </trkpt>
      <trkpt lat="55.670819" lon="12.577606">
        <ele>14.8</ele>
        <time>2025-05-13T10:50:04Z</time>
      </trkpt>
      <trkpt lat="55.67089" lon="12.577462">
        <ele>15.5</ele>
        <time>2025-05-13T10:50:08Z</time>
      </trkpt>
      <trkpt lat="55.670967" lon="12.577309">
        <ele>16.3</ele>
        <time>2025-05-13T10:50:12Z</time>
      </trkpt>
      <trkpt lat="55.670956" lon="12.577147">
        <ele>16.9</ele>
        <time>2025-05-13T10:50:14Z</time>
      </trkpt>
      <trkpt lat="55.670997" lon="12.576986">
        <ele>17.5</ele>
        <time>2025-05-13T10:50:25Z</time>
      </trkpt>
      <trkpt lat="55.671056" lon="12.576852">
        <ele>18.2</ele>
        <time>2025-05-13T10:50:30Z</time>
      </trkpt>
      <trkpt lat="55.671357" lon="12.576499">
        <ele>17.0</ele>
        <time>2025-05-13T11:01:52.999000Z</time>
      </trkpt>
      <trkpt lat="55.671439" lon="12.576389">
        <ele>16.2</ele>
        <time>2025-05-13T11:01:58.999000Z</time>
      </trkpt>
      <trkpt lat="55.671508" lon="12.576283">
        <ele>15.5</ele>
        <time>2025-05-13T11:02:02.999000Z</time>
      </trkpt>
      <trkpt lat="55.671569" lon="12.57614">
        <ele>14.8</ele>
        <time>2025-05-13T11:02:05.999000Z</time>
      </trkpt>
      <trkpt lat="55.671616" lon="12.575999">
        <ele>14.1</ele>
        <time>2025-05-13T11:02:08.999000Z</time>
      </trkpt>
      <trkpt lat="55.67168" lon="12.575808">
        <ele>13.2</ele>
        <time>2025-05-13T11:02:11.999000Z</time>
      </trkpt>
      <trkpt lat="55.671721" lon="12.575602">
        <ele>12.2</ele>
        <time>2025-05-13T11:02:15.999000Z</time>
      </trkpt>
      <trkpt lat="55.671727" lon="12.575412">
        <ele>11.4</ele>
        <time>2025-05-13T11:02:18.999000Z</time>
      </trkpt>
      <trkpt lat="55.671664" lon="12.57527">
        <ele>10.7</ele>
        <time>2025-05-13T11:02:25.999000Z</time>
      </trkpt>
      <trkpt lat="55.671625" lon="12.575092">
        <ele>9.9</ele>
        <time>2025-05-13T11:02:29.999000Z</time>
      </trkpt>
      <trkpt lat="55.671532" lon="12.575006">
        <ele>9.1</ele>
        <time>2025-05-13T11:02:31.999000Z</time>
      </trkpt>
      <trkpt lat="55.671449" lon="12.57492">
        <ele>8.4</ele>
        <time>2025-05-13T11:02:37.999000Z</time>
      </trkpt>
      <trkpt lat="55.671335" lon="12.574994">
        <ele>7.4</ele>
        <time>2025-05-13T11:02:41.998000Z</time>
      </trkpt>
      <trkpt lat="55.671244" lon="12.575146">
        <ele>6.5</ele>
        <time>2025-05-13T11:02:43.998000Z</time>
      </trkpt>
      <trkpt lat="55.671155" lon="12.57521">
        <ele>5.8</ele>
        <time>2025-05-13T11:02:46.998000Z</time>
      </trkpt>
      <trkpt lat="55.671066" lon="12.575346">
        <ele>5.3</ele>
        <time>2025-05-13T11:02:51.998000Z</time>
      </trkpt>
      <trkpt lat="55.671088" lon="12.575503">
        <ele>5.2</ele>
        <time>2025-05-13T11:02:53.998000Z</time>
      </trkpt>
      <trkpt lat="55.67106" lon="12.57566">
        <ele>5.1</ele>
        <time>2025-05-13T11:02:58.998000Z</time>
      </trkpt>
      <trkpt lat="55.670991" lon="12.575796">
        <ele>5.0</ele>
        <time>2025-05-13T11:03:03.998000Z</time>
      </trkpt>
      <trkpt lat="55.67093" lon="12.575917">
        <ele>4.9</ele>
        <time>2025-05-13T11:03:18.998000Z</time>
      </trkpt>
      <trkpt lat="55.670861" lon="12.576033">
        <ele>4.7</ele>
        <time>2025-05-13T11:03:33.998000Z</time>
      </trkpt>
      <trkpt lat="55.670811" lon="12.576169">
        <ele>4.6</ele>
        <time>2025-05-13T11:04:05.999000Z</time>
      </trkpt>
      <trkpt lat="55.670789" lon="12.576013">
        <ele>4.5</ele>
        <time>2025-05-13T11:04:45.998000Z</time>
      </trkpt>
      <trkpt lat="55.670726" lon="12.576146">
        <ele>4.4</ele>
        <time>2025-05-13T11:04:55.999000Z</time>
      </trkpt>
      <trkpt lat="55.670617" lon="12.575947">
        <ele>4.2</ele>
        <time>2025-05-13T11:05:06.999000Z</time>
      </trkpt>
      <trkpt lat="55.67082" lon="12.576672">
        <ele>3.6</ele>
        <time>2025-05-13T11:13:43.144000Z</time>
      </trkpt>
      <trkpt lat="55.670937" lon="12.575711">
        <ele>3.2</ele>
        <time>2025-05-13T11:43:32.994000Z</time>
      </trkpt>
      <trkpt lat="55.671004" lon="12.575599">
        <ele>3.2</ele>
        <time>2025-05-13T11:43:36.994000Z</time>
      </trkpt>
      <trkpt lat="55.671093" lon="12.575488">
        <ele>3.2</ele>
        <time>2025-05-13T11:43:40.994000Z</time>
      </trkpt>
      <trkpt lat="55.671136" lon="12.575345">
        <ele>3.2</ele>
        <time>2025-05-13T11:43:44.994000Z</time>
      </trkpt>
      <trkpt lat="55.671177" lon="12.575202">
        <ele>3.2</ele>
        <time>2025-05-13T11:43:47.994000Z</time>
      </trkpt>
      <trkpt lat="55.67125" lon="12.575106">
        <ele>3.2</ele>
        <time>2025-05-13T11:43:50.994000Z</time>
      </trkpt>
      <trkpt lat="55.671309" lon="12.574982">
        <ele>3.3</ele>
        <time>2025-05-13T11:43:53.994000Z</time>
      </trkpt>
      <trkpt lat="55.671374" lon="12.574867">
        <ele>3.3</ele>
        <time>2025-05-13T11:43:57.994000Z</time>
      </trkpt>
      <trkpt lat="55.671485" lon="12.574866">
        <ele>3.3</ele>
        <time>2025-05-13T11:44:03.994000Z</time>
      </trkpt>
      <trkpt lat="55.671587" lon="12.574976">
        <ele>3.3</ele>
        <time>2025-05-13T11:44:06.994000Z</time>
      </trkpt>
      <trkpt lat="55.671661" lon="12.575077">
        <ele>3.3</ele>
        <time>2025-05-13T11:44:09.994000Z</time>
      </trkpt>
      <trkpt lat="55.671748" lon="12.575145">
        <ele>3.3</ele>
        <time>2025-05-13T11:44:12.994000Z</time>
      </trkpt>
      <trkpt lat="55.67183" lon="12.575256">
        <ele>3.3</ele>
        <time>2025-05-13T11:44:23.994000Z</time>
      </trkpt>
      <trkpt lat="55.672127" lon="12.575519">
        <ele>3.3</ele>
        <time>2025-05-13T11:45:40.992000Z</time>
      </trkpt>
      <trkpt lat="55.672221" lon="12.5755">
        <ele>3.3</ele>
        <time>2025-05-13T11:45:56.992000Z</time>
      </trkpt>
      <trkpt lat="55.672345" lon="12.57515">
        <ele>3.5</ele>
        <time>2025-05-13T11:48:05.993000Z</time>
      </trkpt>
      <trkpt lat="55.672403" lon="12.574986">
        <ele>3.6</ele>
        <time>2025-05-13T11:48:09.993000Z</time>
      </trkpt>
      <trkpt lat="55.672457" lon="12.574857">
        <ele>3.7</ele>
        <time>2025-05-13T11:48:21.993000Z</time>
      </trkpt>
      <trkpt lat="55.672528" lon="12.574757">
        <ele>3.7</ele>
        <time>2025-05-13T11:48:24.993000Z</time>
      </trkpt>
      <trkpt lat="55.672619" lon="12.574628">
        <ele>3.8</ele>
        <time>2025-05-13T11:48:28.993000Z</time>
      </trkpt>
      <trkpt lat="55.672699" lon="12.57448">
        <ele>3.9</ele>
        <time>2025-05-13T11:48:32.993000Z</time>
      </trkpt>
      <trkpt lat="55.672782" lon="12.574352">
        <ele>4.0</ele>
        <time>2025-05-13T11:48:36.993000Z</time>
      </trkpt>
      <trkpt lat="55.672889" lon="12.573983">
        <ele>4.2</ele>
        <time>2025-05-13T11:49:31.992000Z</time>
      </trkpt>
      <trkpt lat="55.672955" lon="12.573847">
        <ele>4.3</ele>
        <time>2025-05-13T11:49:34.992000Z</time>
      </trkpt>
      <trkpt lat="55.673032" lon="12.573724">
        <ele>4.4</ele>
        <time>2025-05-13T11:49:37.992000Z</time>
      </trkpt>
      <trkpt lat="55.673102" lon="12.573562">
        <ele>4.4</ele>
        <time>2025-05-13T11:49:40.992000Z</time>
      </trkpt>
      <trkpt lat="55.673179" lon="12.573403">
        <ele>4.5</ele>
        <time>2025-05-13T11:49:43.992000Z</time>
      </trkpt>
      <trkpt lat="55.673258" lon="12.573262">
        <ele>4.6</ele>
        <time>2025-05-13T11:49:46.992000Z</time>
      </trkpt>
      <trkpt lat="55.673348" lon="12.573118">
        <ele>4.7</ele>
        <time>2025-05-13T11:49:49.992000Z</time>
      </trkpt>
      <trkpt lat="55.673432" lon="12.572955">
        <ele>4.8</ele>
        <time>2025-05-13T11:49:52.992000Z</time>
      </trkpt>
      <trkpt lat="55.673517" lon="12.572789">
        <ele>4.9</ele>
        <time>2025-05-13T11:49:55.992000Z</time>
      </trkpt>
      <trkpt lat="55.673602" lon="12.572613">
        <ele>5.0</ele>
        <time>2025-05-13T11:49:58.992000Z</time>
      </trkpt>
      <trkpt lat="55.673694" lon="12.572451">
        <ele>5.1</ele>
        <time>2025-05-13T11:50:01.992000Z</time>
      </trkpt>
      <trkpt lat="55.673773" lon="12.572297">
        <ele>5.1</ele>
        <time>2025-05-13T11:50:04.992000Z</time>
      </trkpt>
      <trkpt lat="55.673848" lon="12.572126">
        <ele>5.2</ele>
        <time>2025-05-13T11:50:07.992000Z</time>
      </trkpt>
      <trkpt lat="55.673926" lon="12.571973">
        <ele>5.3</ele>
        <time>2025-05-13T11:50:10.992000Z</time>
      </trkpt>
      <trkpt lat="55.674003" lon="12.571829">
        <ele>5.4</ele>
        <time>2025-05-13T11:50:13.992000Z</time>
      </trkpt>
      <trkpt lat="55.67407" lon="12.571674">
        <ele>5.4</ele>
        <time>2025-05-13T11:50:16.992000Z</time>
      </trkpt>
      <trkpt lat="55.674139" lon="12.571553">
        <ele>5.5</ele>
        <time>2025-05-13T11:50:19.992000Z</time>
      </trkpt>
      <trkpt lat="55.674207" lon="12.571422">
        <ele>5.5</ele>
        <time>2025-05-13T11:50:22.992000Z</time>
      </trkpt>
      <trkpt lat="55.674263" lon="12.571292">
        <ele>5.6</ele>
        <time>2025-05-13T11:50:25.992000Z</time>
      </trkpt>
      <trkpt lat="55.674324" lon="12.571146">
        <ele>5.7</ele>
        <time>2025-05-13T11:50:28.992000Z</time>
      </trkpt>
      <trkpt lat="55.674397" lon="12.571029">
        <ele>5.7</ele>
        <time>2025-05-13T11:50:31.992000Z</time>
      </trkpt>
      <trkpt lat="55.674454" lon="12.570899">
        <ele>5.8</ele>
        <time>2025-05-13T11:50:34.992000Z</time>
      </trkpt>
      <trkpt lat="55.674504" lon="12.570757">
        <ele>5.9</ele>
        <time>2025-05-13T11:50:37.992000Z</time>
      </trkpt>
      <trkpt lat="55.674556" lon="12.570575">
        <ele>5.9</ele>
        <time>2025-05-13T11:50:41.992000Z</time>
      </trkpt>
      <trkpt lat="55.674624" lon="12.570422">
        <ele>6.0</ele>
        <time>2025-05-13T11:50:45.992000Z</time>
      </trkpt>
      <trkpt lat="55.674694" lon="12.570287">
        <ele>6.1</ele>
        <time>2025-05-13T11:50:49.992000Z</time>
      </trkpt>
      <trkpt lat="55.67493" lon="12.569901">
        <ele>6.4</ele>
        <time>2025-05-13T11:52:10.989000Z</time>
      </trkpt>
      <trkpt lat="55.674993" lon="12.569769">
        <ele>6.5</ele>
        <time>2025-05-13T11:52:14.989000Z</time>
      </trkpt>
      <trkpt lat="55.675067" lon="12.569619">
        <ele>6.6</ele>
        <time>2025-05-13T11:52:20.989000Z</time>
      </trkpt>
      <trkpt lat="55.675132" lon="12.56946">
        <ele>6.7</ele>
        <time>2025-05-13T11:52:24.989000Z</time>
      </trkpt>
      <trkpt lat="55.675179" lon="12.569319">
        <ele>6.8</ele>
        <time>2025-05-13T11:52:28.989000Z</time>
      </trkpt>
      <trkpt lat="55.675235" lon="12.569194">
        <ele>6.9</ele>
        <time>2025-05-13T11:52:32.989000Z</time>
      </trkpt>
      <trkpt lat="55.675287" lon="12.569052">
        <ele>7.0</ele>
        <time>2025-05-13T11:52:36.989000Z</time>
      </trkpt>
      <trkpt lat="55.675343" lon="12.568919">
        <ele>7.1</ele>
        <time>2025-05-13T11:52:42.989000Z</time>
      </trkpt>
      <trkpt lat="55.675668" lon="12.568803">
        <ele>7.4</ele>
        <time>2025-05-13T11:56:08.989000Z</time>
      </trkpt>
      <trkpt lat="55.675754" lon="12.568853">
        <ele>7.4</ele>
        <time>2025-05-13T11:56:18.989000Z</time>
      </trkpt>
      <trkpt lat="55.675884" lon="12.568463">
        <ele>7.7</ele>
        <time>2025-05-13T11:58:50.989000Z</time>
      </trkpt>
      <trkpt lat="55.676042" lon="12.568019">
        <ele>7.9</ele>
        <time>2025-05-13T12:00:50.989000Z</time>
      </trkpt>
      <trkpt lat="55.675726" lon="12.567475">
        <ele>8.2</ele>
        <time>2025-05-13T12:01:30.989000Z</time>
      </trkpt>
      <trkpt lat="55.675684" lon="12.567321">
        <ele>8.3</ele>
        <time>2025-05-13T12:01:34.988000Z</time>
      </trkpt>
      <trkpt lat="55.675633" lon="12.567164">
        <ele>8.4</ele>
        <time>2025-05-13T12:01:38.988000Z</time>
      </trkpt>
      <trkpt lat="55.675559" lon="12.567027">
        <ele>8.5</ele>
        <time>2025-05-13T12:01:42.988000Z</time>
      </trkpt>
      <trkpt lat="55.675488" lon="12.56692">
        <ele>8.6</ele>
        <time>2025-05-13T12:01:45.988000Z</time>
      </trkpt>
      <trkpt lat="55.675416" lon="12.566754">
        <ele>8.7</ele>
        <time>2025-05-13T12:01:48.988000Z</time>
      </trkpt>
      <trkpt lat="55.675365" lon="12.566607">
        <ele>8.7</ele>
        <time>2025-05-13T12:01:51.988000Z</time>
      </trkpt>
      <trkpt lat="55.675275" lon="12.566468">
        <ele>8.8</ele>
        <time>2025-05-13T12:01:56.988000Z</time>
      </trkpt>
      <trkpt lat="55.675205" lon="12.566361">
        <ele>8.9</ele>
        <time>2025-05-13T12:01:59.988000Z</time>
      </trkpt>
      <trkpt lat="55.67518" lon="12.566182">
        <ele>9.0</ele>
        <time>2025-05-13T12:02:02.988000Z</time>
      </trkpt>
      <trkpt lat="55.675142" lon="12.565996">
        <ele>8.9</ele>
        <time>2025-05-13T12:02:05.988000Z</time>
      </trkpt>
      <trkpt lat="55.675108" lon="12.565813">
        <ele>8.8</ele>
        <time>2025-05-13T12:02:08.988000Z</time>
      </trkpt>
      <trkpt lat="55.675088" lon="12.565647">
        <ele>8.8</ele>
        <time>2025-05-13T12:02:12.988000Z</time>
      </trkpt>
      <trkpt lat="55.675046" lon="12.56545">
        <ele>8.7</ele>
        <time>2025-05-13T12:02:16.988000Z</time>
      </trkpt>
      <trkpt lat="55.675041" lon="12.565277">
        <ele>8.7</ele>
        <time>2025-05-13T12:02:24.988000Z</time>
      </trkpt>
      <trkpt lat="55.67486" lon="12.564467">
        <ele>8.4</ele>
        <time>2025-05-13T12:06:42.987000Z</time>
      </trkpt>
      <trkpt lat="55.674881" lon="12.564289">
        <ele>8.3</ele>
        <time>2025-05-13T12:06:58.987000Z</time>
      </trkpt>
      <trkpt lat="55.674927" lon="12.564147">
        <ele>8.3</ele>
        <time>2025-05-13T12:07:02.987000Z</time>
      </trkpt>
      <trkpt lat="55.674962" lon="12.563964">
        <ele>8.2</ele>
        <time>2025-05-13T12:07:06.987000Z</time>
      </trkpt>
      <trkpt lat="55.675021" lon="12.563841">
        <ele>8.1</ele>
        <time>2025-05-13T12:07:09.987000Z</time>
      </trkpt>
      <trkpt lat="55.675101" lon="12.563736">
        <ele>8.1</ele>
        <time>2025-05-13T12:07:12.987000Z</time>
      </trkpt>
      <trkpt lat="55.675178" lon="12.563651">
        <ele>8.0</ele>
        <time>2025-05-13T12:07:15.987000Z</time>
      </trkpt>
      <trkpt lat="55.67526" lon="12.563579">
        <ele>8.0</ele>
        <time>2025-05-13T12:07:18.987000Z</time>
      </trkpt>
      <trkpt lat="55.67532" lon="12.563455">
        <ele>7.9</ele>
        <time>2025-05-13T12:07:22.987000Z</time>
      </trkpt>
      <trkpt lat="55.675403" lon="12.563331">
        <ele>8.0</ele>
        <time>2025-05-13T12:07:28.987000Z</time>
      </trkpt>
      <trkpt lat="55.675491" lon="12.563281">
        <ele>8.0</ele>
        <time>2025-05-13T12:07:34.987000Z</time>
      </trkpt>
      <trkpt lat="55.675782" lon="12.563537">
        <ele>8.1</ele>
        <time>2025-05-13T12:08:19.988000Z</time>
      </trkpt>
      <trkpt lat="55.675793" lon="12.563741">
        <ele>8.1</ele>
        <time>2025-05-13T12:08:24.988000Z</time>
      </trkpt>
      <trkpt lat="55.675813" lon="12.5639">
        <ele>8.1</ele>
        <time>2025-05-13T12:08:27.988000Z</time>
      </trkpt>
      <trkpt lat="55.675797" lon="12.564091">
        <ele>8.2</ele>
        <time>2025-05-13T12:08:31.988000Z</time>
      </trkpt>
      <trkpt lat="55.67577" lon="12.564271">
        <ele>8.2</ele>
        <time>2025-05-13T12:08:35.988000Z</time>
      </trkpt>
      <trkpt lat="55.67569" lon="12.564398">
        <ele>8.2</ele>
        <time>2025-05-13T12:08:39.988000Z</time>
      </trkpt>
      <trkpt lat="55.675785" lon="12.565068">
        <ele>8.3</ele>
        <time>2025-05-13T12:10:35.983000Z</time>
      </trkpt>
      <trkpt lat="55.675821" lon="12.565226">
        <ele>8.4</ele>
        <time>2025-05-13T12:10:41.983000Z</time>
      </trkpt>
      <trkpt lat="55.675844" lon="12.565451">
        <ele>8.4</ele>
        <time>2025-05-13T12:10:46.983000Z</time>
      </trkpt>
      <trkpt lat="55.675892" lon="12.56562">
        <ele>8.4</ele>
        <time>2025-05-13T12:10:49.983000Z</time>
      </trkpt>
      <trkpt lat="55.675929" lon="12.565779">
        <ele>8.4</ele>
        <time>2025-05-13T12:10:52.983000Z</time>
      </trkpt>
      <trkpt lat="55.675978" lon="12.56595">
        <ele>8.5</ele>
        <time>2025-05-13T12:10:55.983000Z</time>
      </trkpt>
      <trkpt lat="55.676034" lon="12.566111">
        <ele>8.5</ele>
        <time>2025-05-13T12:10:58.983000Z</time>
      </trkpt>
      <trkpt lat="55.67612" lon="12.56625">
        <ele>8.5</ele>
        <time>2025-05-13T12:11:01.983000Z</time>
      </trkpt>
      <trkpt lat="55.676192" lon="12.566364">
        <ele>8.5</ele>
        <time>2025-05-13T12:11:04.983000Z</time>
      </trkpt>
      <trkpt lat="55.67626" lon="12.566479">
        <ele>8.6</ele>
        <time>2025-05-13T12:11:08.983000Z</time>
      </trkpt>
      <trkpt lat="55.67649" lon="12.56712">
        <ele>8.7</ele>
        <time>2025-05-13T12:11:33.983000Z</time>
      </trkpt>
      <trkpt lat="55.676538" lon="12.567297">
        <ele>8.7</ele>
        <time>2025-05-13T12:11:36.983000Z</time>
      </trkpt>
      <trkpt lat="55.676589" lon="12.567469">
        <ele>8.7</ele>
        <time>2025-05-13T12:11:39.983000Z</time>
      </trkpt>
      <trkpt lat="55.676636" lon="12.567666">
        <ele>8.7</ele>
        <time>2025-05-13T12:11:43.983000Z</time>
      </trkpt>
      <trkpt lat="55.676649" lon="12.567862">
        <ele>8.8</ele>
        <time>2025-05-13T12:11:47.983000Z</time>
      </trkpt>
      <trkpt lat="55.676645" lon="12.568062">
        <ele>8.8</ele>
        <time>2025-05-13T12:11:51.983000Z</time>
      </trkpt>
      <trkpt lat="55.67666" lon="12.568245">
        <ele>8.8</ele>
        <time>2025-05-13T12:11:55.983000Z</time>
      </trkpt>
      <trkpt lat="55.677158" lon="12.567876">
        <ele>9.0</ele>
        <time>2025-05-13T12:12:39.982000Z</time>
      </trkpt>
      <trkpt lat="55.677211" lon="12.567686">
        <ele>9.0</ele>
        <time>2025-05-13T12:12:43.982000Z</time>
      </trkpt>
      <trkpt lat="55.677273" lon="12.56752">
        <ele>9.1</ele>
        <time>2025-05-13T12:12:47.982000Z</time>
      </trkpt>
      <trkpt lat="55.677329" lon="12.567379">
        <ele>9.1</ele>
        <time>2025-05-13T12:12:50.982000Z</time>
      </trkpt>
      <trkpt lat="55.677386" lon="12.567248">
        <ele>9.1</ele>
        <time>2025-05-13T12:12:54.982000Z</time>
      </trkpt>
      <trkpt lat="55.677464" lon="12.567155">
        <ele>9.2</ele>
        <time>2025-05-13T12:12:59.982000Z</time>
      </trkpt>
      <trkpt lat="55.677526" lon="12.567028">
        <ele>9.2</ele>
        <time>2025-05-13T12:13:09.982000Z</time>
      </trkpt>
      <trkpt lat="55.677622" lon="12.566964">
        <ele>9.2</ele>
        <time>2025-05-13T12:13:13.982000Z</time>
      </trkpt>
      <trkpt lat="55.677699" lon="12.56707">
        <ele>9.3</ele>
        <time>2025-05-13T12:13:19.982000Z</time>
      </trkpt>
      <trkpt lat="55.677736" lon="12.567221">
        <ele>9.3</ele>
        <time>2025-05-13T12:13:23.982000Z</time>
      </trkpt>
      <trkpt lat="55.677805" lon="12.567344">
        <ele>9.3</ele>
        <time>2025-05-13T12:13:26.982000Z</time>
      </trkpt>
      <trkpt lat="55.677887" lon="12.567495">
        <ele>9.4</ele>
        <time>2025-05-13T12:13:30.982000Z</time>
      </trkpt>
      <trkpt lat="55.677957" lon="12.567646">
        <ele>9.4</ele>
        <time>2025-05-13T12:13:34.982000Z</time>
      </trkpt>
      <trkpt lat="55.678024" lon="12.567798">
        <ele>9.4</ele>
        <time>2025-05-13T12:13:38.982000Z</time>
      </trkpt>
      <trkpt lat="55.678089" lon="12.567921">
        <ele>9.5</ele>
        <time>2025-05-13T12:13:41.982000Z</time>
      </trkpt>
      <trkpt lat="55.678169" lon="12.568054">
        <ele>9.5</ele>
        <time>2025-05-13T12:13:44.982000Z</time>
      </trkpt>
      <trkpt lat="55.678248" lon="12.568225">
        <ele>9.5</ele>
        <time>2025-05-13T12:13:47.982000Z</time>
      </trkpt>
      <trkpt lat="55.678303" lon="12.568355">
        <ele>9.5</ele>
        <time>2025-05-13T12:13:50.982000Z</time>
      </trkpt>
      <trkpt lat="55.678351" lon="12.568545">
        <ele>9.5</ele>
        <time>2025-05-13T12:13:53.981000Z</time>
      </trkpt>
      <trkpt lat="55.678406" lon="12.568686">
        <ele>9.5</ele>
        <time>2025-05-13T12:13:56.981000Z</time>
      </trkpt>
      <trkpt lat="55.678452" lon="12.568851">
        <ele>9.6</ele>
        <time>2025-05-13T12:13:59.981000Z</time>
      </trkpt>
      <trkpt lat="55.678516" lon="12.568976">
        <ele>9.6</ele>
        <time>2025-05-13T12:14:02.981000Z</time>
      </trkpt>
      <trkpt lat="55.678582" lon="12.569138">
        <ele>9.6</ele>
        <time>2025-05-13T12:14:06.980000Z</time>
      </trkpt>
      <trkpt lat="55.678609" lon="12.569322">
        <ele>9.6</ele>
        <time>2025-05-13T12:14:10.981000Z</time>
      </trkpt>
      <trkpt lat="55.678696" lon="12.569489">
        <ele>9.6</ele>
        <time>2025-05-13T12:14:14.980000Z</time>
      </trkpt>
      <trkpt lat="55.67876" lon="12.569605">
        <ele>9.6</ele>
        <time>2025-05-13T12:14:17.981000Z</time>
      </trkpt>
      <trkpt lat="55.678823" lon="12.569748">
        <ele>9.7</ele>
        <time>2025-05-13T12:14:20.981000Z</time>
      </trkpt>
      <trkpt lat="55.678882" lon="12.569877">
        <ele>9.7</ele>
        <time>2025-05-13T12:14:23.981000Z</time>
      </trkpt>
      <trkpt lat="55.678939" lon="12.570058">
        <ele>9.7</ele>
        <time>2025-05-13T12:14:27.981000Z</time>
      </trkpt>
      <trkpt lat="55.678988" lon="12.5702">
        <ele>9.7</ele>
        <time>2025-05-13T12:14:30.981000Z</time>
      </trkpt>
      <trkpt lat="55.679038" lon="12.570381">
        <ele>9.7</ele>
        <time>2025-05-13T12:14:35.981000Z</time>
      </trkpt>
      <trkpt lat="55.679078" lon="12.570524">
        <ele>9.8</ele>
        <time>2025-05-13T12:14:40.981000Z</time>
      </trkpt>
      <trkpt lat="55.679131" lon="12.570684">
        <ele>9.8</ele>
        <time>2025-05-13T12:14:44.981000Z</time>
      </trkpt>
      <trkpt lat="55.679185" lon="12.570821">
        <ele>9.9</ele>
        <time>2025-05-13T12:14:47.981000Z</time>
      </trkpt>
      <trkpt lat="55.679245" lon="12.570987">
        <ele>9.9</ele>
        <time>2025-05-13T12:14:51.981000Z</time>
      </trkpt>
      <trkpt lat="55.679283" lon="12.571177">
        <ele>10.0</ele>
        <time>2025-05-13T12:14:55.981000Z</time>
      </trkpt>
      <trkpt lat="55.679303" lon="12.571347">
        <ele>10.0</ele>
        <time>2025-05-13T12:14:59.981000Z</time>
      </trkpt>
      <trkpt lat="55.679317" lon="12.571514">
        <ele>10.1</ele>
        <time>2025-05-13T12:15:05.981000Z</time>
      </trkpt>
      <trkpt lat="55.679332" lon="12.571672">
        <ele>10.1</ele>
        <time>2025-05-13T12:15:17.981000Z</time>
      </trkpt>
      <trkpt lat="55.679574" lon="12.5719">
        <ele>10.3</ele>
        <time>2025-05-13T12:18:30.979000Z</time>
      </trkpt>
      <trkpt lat="55.679694" lon="12.572526">
        <ele>10.5</ele>
        <time>2025-05-13T12:18:49.979000Z</time>
      </trkpt>
      <trkpt lat="55.679685" lon="12.572716">
        <ele>10.5</ele>
        <time>2025-05-13T12:18:53.979000Z</time>
      </trkpt>
      <trkpt lat="55.679704" lon="12.5729">
        <ele>10.6</ele>
        <time>2025-05-13T12:18:58.979000Z</time>
      </trkpt>
      <trkpt lat="55.679785" lon="12.573065">
        <ele>10.6</ele>
        <time>2025-05-13T12:19:03.979000Z</time>
      </trkpt>
      <trkpt lat="55.679815" lon="12.573222">
        <ele>10.6</ele>
        <time>2025-05-13T12:19:07.979000Z</time>
      </trkpt>
      <trkpt lat="55.679878" lon="12.573342">
        <ele>10.5</ele>
        <time>2025-05-13T12:19:11.979000Z</time>
      </trkpt>
      <trkpt lat="55.679955" lon="12.573424">
        <ele>10.4</ele>
        <time>2025-05-13T12:19:28.979000Z</time>
      </trkpt>
      <trkpt lat="55.679972" lon="12.573598">
        <ele>10.3</ele>
        <time>2025-05-13T12:19:40.979000Z</time>
      </trkpt>
      <trkpt lat="55.680008" lon="12.573752">
        <ele>10.2</ele>
        <time>2025-05-13T12:19:43.979000Z</time>
      </trkpt>
      <trkpt lat="55.680083" lon="12.573888">
        <ele>10.1</ele>
        <time>2025-05-13T12:19:47.979000Z</time>
      </trkpt>
      <trkpt lat="55.680142" lon="12.574046">
        <ele>10.0</ele>
        <time>2025-05-13T12:19:51.979000Z</time>
      </trkpt>
      <trkpt lat="55.68021" lon="12.574157">
        <ele>9.9</ele>
        <time>2025-05-13T12:19:54.979000Z</time>
      </trkpt>
      <trkpt lat="55.680288" lon="12.574298">
        <ele>9.8</ele>
        <time>2025-05-13T12:19:58.979000Z</time>
      </trkpt>
      <trkpt lat="55.680363" lon="12.574422">
        <ele>9.7</ele>
        <time>2025-05-13T12:20:02.979000Z</time>
      </trkpt>
      <trkpt lat="55.68045" lon="12.574537">
        <ele>9.6</ele>
        <time>2025-05-13T12:20:06.979000Z</time>
      </trkpt>
      <trkpt lat="55.680522" lon="12.574654">
        <ele>9.5</ele>
        <time>2025-05-13T12:20:09.979000Z</time>
      </trkpt>
      <trkpt lat="55.680585" lon="12.57477">
        <ele>9.4</ele>
        <time>2025-05-13T12:20:12.979000Z</time>
      </trkpt>
      <trkpt lat="55.680669" lon="12.57492">
        <ele>9.3</ele>
        <time>2025-05-13T12:20:16.979000Z</time>
      </trkpt>
      <trkpt lat="55.680746" lon="12.575066">
        <ele>9.2</ele>
        <time>2025-05-13T12:20:20.979000Z</time>
      </trkpt>
      <trkpt lat="55.680843" lon="12.575201">
        <ele>9.1</ele>
        <time>2025-05-13T12:20:24.979000Z</time>
      </trkpt>
      <trkpt lat="55.680923" lon="12.57531">
        <ele>9.0</ele>
        <time>2025-05-13T12:20:27.979000Z</time>
      </trkpt>
      <trkpt lat="55.681006" lon="12.575465">
        <ele>8.9</ele>
        <time>2025-05-13T12:20:31.978000Z</time>
      </trkpt>
      <trkpt lat="55.68108" lon="12.5756">
        <ele>9.1</ele>
        <time>2025-05-13T12:20:35.979000Z</time>
      </trkpt>
      <trkpt lat="55.681154" lon="12.575706">
        <ele>9.1</ele>
        <time>2025-05-13T12:20:38.979000Z</time>
      </trkpt>
      <trkpt lat="55.681218" lon="12.575833">
        <ele>9.2</ele>
        <time>2025-05-13T12:20:43.979000Z</time>
      </trkpt>
      <trkpt lat="55.681425" lon="12.575393">
        <ele>9.5</ele>
        <time>2025-05-13T12:22:33.978000Z</time>
      </trkpt>
      <trkpt lat="55.681606" lon="12.575011">
        <ele>9.8</ele>
        <time>2025-05-13T12:24:18.977000Z</time>
      </trkpt>
      <trkpt lat="55.681664" lon="12.574878">
        <ele>9.9</ele>
        <time>2025-05-13T12:24:33.977000Z</time>
      </trkpt>
      <trkpt lat="55.681954" lon="12.57465">
        <ele>10.2</ele>
        <time>2025-05-13T12:25:34.976000Z</time>
      </trkpt>
      <trkpt lat="55.682038" lon="12.574566">
        <ele>10.3</ele>
        <time>2025-05-13T12:25:46.974000Z</time>
      </trkpt>
      <trkpt lat="55.682137" lon="12.574529">
        <ele>10.4</ele>
        <time>2025-05-13T12:25:56.973000Z</time>
      </trkpt>
      <trkpt lat="55.682395" lon="12.574464">
        <ele>10.7</ele>
        <time>2025-05-13T12:31:00.971000Z</time>
      </trkpt>
      <trkpt lat="55.682491" lon="12.574423">
        <ele>10.8</ele>
        <time>2025-05-13T12:31:09.971000Z</time>
      </trkpt>
      <trkpt lat="55.682571" lon="12.574342">
        <ele>10.9</ele>
        <time>2025-05-13T12:31:18.971000Z</time>
      </trkpt>
      <trkpt lat="55.682677" lon="12.573941">
        <ele>11.1</ele>
        <time>2025-05-13T12:32:06.970000Z</time>
      </trkpt>
      <trkpt lat="55.682713" lon="12.57379">
        <ele>11.2</ele>
        <time>2025-05-13T12:32:20.970000Z</time>
      </trkpt>
      <trkpt lat="55.682759" lon="12.573644">
        <ele>11.3</ele>
        <time>2025-05-13T12:32:30.970000Z</time>
      </trkpt>
      <trkpt lat="55.68283" lon="12.573543">
        <ele>11.4</ele>
        <time>2025-05-13T12:32:39.970000Z</time>
      </trkpt>
      <trkpt lat="55.682873" lon="12.5734">
        <ele>11.5</ele>
        <time>2025-05-13T12:32:57.970000Z</time>
      </trkpt>
      <trkpt lat="55.682942" lon="12.573293">
        <ele>11.6</ele>
        <time>2025-05-13T12:33:15.971000Z</time>
      </trkpt>
      <trkpt lat="55.683009" lon="12.573186">
        <ele>11.6</ele>
        <time>2025-05-13T12:33:28.970000Z</time>
      </trkpt>
      <trkpt lat="55.683075" lon="12.573063">
        <ele>11.7</ele>
        <time>2025-05-13T12:33:38.970000Z</time>
      </trkpt>
      <trkpt lat="55.68314" lon="12.57293">
        <ele>11.8</ele>
        <time>2025-05-13T12:34:00.970000Z</time>
      </trkpt>
      <trkpt lat="55.683205" lon="12.572811">
        <ele>11.9</ele>
        <time>2025-05-13T12:34:10.970000Z</time>
      </trkpt>
      <trkpt lat="55.683269" lon="12.572694">
        <ele>12.0</ele>
        <time>2025-05-13T12:34:20.970000Z</time>
      </trkpt>
      <trkpt lat="55.683302" lon="12.572542">
        <ele>12.1</ele>
        <time>2025-05-13T12:34:28.969000Z</time>
      </trkpt>
      <trkpt lat="55.683331" lon="12.572387">
        <ele>12.2</ele>
        <time>2025-05-13T12:34:36.969000Z</time>
      </trkpt>
      <trkpt lat="55.683414" lon="12.572189">
        <ele>12.3</ele>
        <time>2025-05-13T12:35:44.969000Z</time>
      </trkpt>
      <trkpt lat="55.683503" lon="12.572225">
        <ele>12.4</ele>
        <time>2025-05-13T12:36:03.969000Z</time>
      </trkpt>
      <trkpt lat="55.683551" lon="12.572079">
        <ele>12.5</ele>
        <time>2025-05-13T12:36:15.969000Z</time>
      </trkpt>
      <trkpt lat="55.683592" lon="12.571932">
        <ele>12.5</ele>
        <time>2025-05-13T12:36:19.969000Z</time>
      </trkpt>
      <trkpt lat="55.683651" lon="12.571755">
        <ele>12.6</ele>
        <time>2025-05-13T12:36:22.969000Z</time>
      </trkpt>
      <trkpt lat="55.683707" lon="12.571575">
        <ele>12.6</ele>
        <time>2025-05-13T12:36:25.969000Z</time>
      </trkpt>
      <trkpt lat="55.683764" lon="12.57138">
        <ele>12.7</ele>
        <time>2025-05-13T12:36:28.969000Z</time>
      </trkpt>
      <trkpt lat="55.683804" lon="12.571187">
        <ele>12.7</ele>
        <time>2025-05-13T12:36:31.969000Z</time>
      </trkpt>
      <trkpt lat="55.683841" lon="12.57103">
        <ele>12.7</ele>
        <time>2025-05-13T12:36:34.969000Z</time>
      </trkpt>
      <trkpt lat="55.683895" lon="12.57084">
        <ele>12.8</ele>
        <time>2025-05-13T12:36:38.969000Z</time>
      </trkpt>
      <trkpt lat="55.683931" lon="12.570672">
        <ele>12.8</ele>
        <time>2025-05-13T12:36:42.969000Z</time>
      </trkpt>
      <trkpt lat="55.683986" lon="12.570529">
        <ele>12.9</ele>
        <time>2025-05-13T12:36:46.969000Z</time>
      </trkpt>
      <trkpt lat="55.684056" lon="12.570395">
        <ele>12.9</ele>
        <time>2025-05-13T12:36:51.969000Z</time>
      </trkpt>
      <trkpt lat="55.684104" lon="12.570257">
        <ele>13.0</ele>
        <time>2025-05-13T12:36:55.969000Z</time>
      </trkpt>
      <trkpt lat="55.684173" lon="12.570092">
        <ele>13.0</ele>
        <time>2025-05-13T12:36:59.969000Z</time>
      </trkpt>
      <trkpt lat="55.684228" lon="12.569941">
        <ele>13.0</ele>
        <time>2025-05-13T12:37:03.969000Z</time>
      </trkpt>
      <trkpt lat="55.684303" lon="12.569793">
        <ele>13.1</ele>
        <time>2025-05-13T12:37:07.969000Z</time>
      </trkpt>
      <trkpt lat="55.684368" lon="12.569671">
        <ele>13.1</ele>
        <time>2025-05-13T12:37:10.970000Z</time>
      </trkpt>
      <trkpt lat="55.684446" lon="12.569567">
        <ele>13.2</ele>
        <time>2025-05-13T12:37:14.969000Z</time>
      </trkpt>
      <trkpt lat="55.684389" lon="12.569444">
        <ele>13.2</ele>
        <time>2025-05-13T12:37:22.970000Z</time>
      </trkpt>
      <trkpt lat="55.68439" lon="12.569609">
        <ele>13.2</ele>
        <time>2025-05-13T12:37:47.970000Z</time>
      </trkpt>
      <trkpt lat="55.684317" lon="12.569732">
        <ele>13.2</ele>
        <time>2025-05-13T12:37:54.970000Z</time>
      </trkpt>
      <trkpt lat="55.684243" lon="12.569842">
        <ele>13.3</ele>
        <time>2025-05-13T12:38:07.970000Z</time>
      </trkpt>
      <trkpt lat="55.683902" lon="12.569144">
        <ele>13.4</ele>
        <time>2025-05-13T12:46:56.108000Z</time>
      </trkpt>
      <trkpt lat="55.683819" lon="12.569011">
        <ele>13.4</ele>
        <time>2025-05-13T12:46:57.963000Z</time>
      </trkpt>
      <trkpt lat="55.683745" lon="12.569176">
        <ele>13.4</ele>
        <time>2025-05-13T12:47:02.963000Z</time>
      </trkpt>
      <trkpt lat="55.68368" lon="12.569332">
        <ele>13.4</ele>
        <time>2025-05-13T12:47:07.963000Z</time>
      </trkpt>
      <trkpt lat="55.683788" lon="12.569345">
        <ele>13.5</ele>
        <time>2025-05-13T12:48:05.962000Z</time>
      </trkpt>
      <trkpt lat="55.68384" lon="12.569476">
        <ele>13.5</ele>
        <time>2025-05-13T12:48:20.962000Z</time>
      </trkpt>
      <trkpt lat="55.683894" lon="12.569615">
        <ele>13.5</ele>
        <time>2025-05-13T12:48:36.962000Z</time>
      </trkpt>
      <trkpt lat="55.683904" lon="12.569775">
        <ele>13.5</ele>
        <time>2025-05-13T12:48:57.961000Z</time>
      </trkpt>
      <trkpt lat="55.683744" lon="12.569861">
        <ele>13.6</ele>
        <time>2025-05-13T12:49:36.961000Z</time>
      </trkpt>
      <trkpt lat="55.683749" lon="12.570417">
        <ele>13.5</ele>
        <time>2025-05-13T12:55:19.958000Z</time>
      </trkpt>
      <trkpt lat="55.683855" lon="12.570405">
        <ele>13.5</ele>
        <time>2025-05-13T12:55:27.956000Z</time>
      </trkpt>
      <trkpt lat="55.683944" lon="12.570285">
        <ele>13.5</ele>
        <time>2025-05-13T12:55:34.957000Z</time>
      </trkpt>
      <trkpt lat="55.684046" lon="12.570267">
        <ele>13.5</ele>
        <time>2025-05-13T12:55:50.957000Z</time>
      </trkpt>
      <trkpt lat="55.684257" lon="12.56994">
        <ele>13.4</ele>
        <time>2025-05-13T13:04:56.951000Z</time>
      </trkpt>
      <trkpt lat="55.684352" lon="12.570054">
        <ele>13.4</ele>
        <time>2025-05-13T13:09:32.940000Z</time>
      </trkpt>
      <trkpt lat="55.684421" lon="12.569713">
        <ele>13.4</ele>
        <time>2025-05-13T13:10:20.937000Z</time>
      </trkpt>
      <trkpt lat="55.684487" lon="12.569585">
        <ele>13.4</ele>
        <time>2025-05-13T13:10:24.937000Z</time>
      </trkpt>
      <trkpt lat="55.684565" lon="12.569467">
        <ele>13.4</ele>
        <time>2025-05-13T13:10:28.937000Z</time>
      </trkpt>
      <trkpt lat="55.684608" lon="12.569292">
        <ele>13.4</ele>
        <time>2025-05-13T13:10:33.937000Z</time>
      </trkpt>
      <trkpt lat="55.68465" lon="12.569142">
        <ele>13.3</ele>
        <time>2025-05-13T13:10:37.937000Z</time>
      </trkpt>
      <trkpt lat="55.684691" lon="12.568962">
        <ele>13.3</ele>
        <time>2025-05-13T13:10:41.937000Z</time>
      </trkpt>
      <trkpt lat="55.684711" lon="12.568764">
        <ele>13.2</ele>
        <time>2025-05-13T13:10:45.937000Z</time>
      </trkpt>
      <trkpt lat="55.684715" lon="12.568575">
        <ele>13.1</ele>
        <time>2025-05-13T13:10:55.937000Z</time>
      </trkpt>
      <trkpt lat="55.68477" lon="12.568428">
        <ele>12.9</ele>
        <time>2025-05-13T13:11:00.937000Z</time>
      </trkpt>
      <trkpt lat="55.684861" lon="12.568361">
        <ele>12.7</ele>
        <time>2025-05-13T13:11:11.937000Z</time>
      </trkpt>
      <trkpt lat="55.68494" lon="12.568471">
        <ele>12.6</ele>
        <time>2025-05-13T13:11:15.937000Z</time>
      </trkpt>
      <trkpt lat="55.685018" lon="12.568579">
        <ele>12.4</ele>
        <time>2025-05-13T13:11:20.937000Z</time>
      </trkpt>
      <trkpt lat="55.685125" lon="12.568629">
        <ele>12.2</ele>
        <time>2025-05-13T13:11:25.937000Z</time>
      </trkpt>
      <trkpt lat="55.685225" lon="12.568693">
        <ele>12.1</ele>
        <time>2025-05-13T13:11:29.937000Z</time>
      </trkpt>
      <trkpt lat="55.685311" lon="12.568742">
        <ele>11.9</ele>
        <time>2025-05-13T13:11:32.937000Z</time>
      </trkpt>
      <trkpt lat="55.685407" lon="12.568805">
        <ele>11.7</ele>
        <time>2025-05-13T13:11:35.937000Z</time>
      </trkpt>
      <trkpt lat="55.68551" lon="12.568891">
        <ele>11.6</ele>
        <time>2025-05-13T13:11:38.937000Z</time>
      </trkpt>
      <trkpt lat="55.685593" lon="12.569032">
        <ele>11.4</ele>
        <time>2025-05-13T13:11:40.937000Z</time>
      </trkpt>
      <trkpt lat="55.685654" lon="12.569183">
        <ele>11.2</ele>
        <time>2025-05-13T13:11:42.937000Z</time>
      </trkpt>
      <trkpt lat="55.685742" lon="12.569356">
        <ele>11.0</ele>
        <time>2025-05-13T13:11:45.937000Z</time>
      </trkpt>
      <trkpt lat="55.685833" lon="12.569482">
        <ele>10.8</ele>
        <time>2025-05-13T13:11:48.937000Z</time>
      </trkpt>
      <trkpt lat="55.685931" lon="12.569641">
        <ele>10.6</ele>
        <time>2025-05-13T13:11:51.937000Z</time>
      </trkpt>
      <trkpt lat="55.686006" lon="12.569729">
        <ele>10.4</ele>
        <time>2025-05-13T13:11:53.936000Z</time>
      </trkpt>
      <trkpt lat="55.686081" lon="12.56983">
        <ele>10.3</ele>
        <time>2025-05-13T13:11:55.936000Z</time>
      </trkpt>
      <trkpt lat="55.686177" lon="12.569986">
        <ele>10.3</ele>
        <time>2025-05-13T13:11:58.936000Z</time>
      </trkpt>
      <trkpt lat="55.686265" lon="12.570118">
        <ele>10.3</ele>
        <time>2025-05-13T13:12:01.936000Z</time>
      </trkpt>
      <trkpt lat="55.686349" lon="12.570248">
        <ele>10.3</ele>
        <time>2025-05-13T13:12:04.937000Z</time>
      </trkpt>
      <trkpt lat="55.686425" lon="12.570379">
        <ele>10.3</ele>
        <time>2025-05-13T13:12:07.936000Z</time>
      </trkpt>
      <trkpt lat="55.686506" lon="12.570505">
        <ele>10.3</ele>
        <time>2025-05-13T13:12:10.937000Z</time>
      </trkpt>
      <trkpt lat="55.686583" lon="12.570648">
        <ele>10.3</ele>
        <time>2025-05-13T13:12:13.936000Z</time>
      </trkpt>
      <trkpt lat="55.68666" lon="12.57077">
        <ele>10.3</ele>
        <time>2025-05-13T13:12:16.937000Z</time>
      </trkpt>
      <trkpt lat="55.686743" lon="12.570885">
        <ele>10.3</ele>
        <time>2025-05-13T13:12:19.936000Z</time>
      </trkpt>
      <trkpt lat="55.686837" lon="12.571006">
        <ele>10.3</ele>
        <time>2025-05-13T13:12:23.936000Z</time>
      </trkpt>
      <trkpt lat="55.68692" lon="12.571106">
        <ele>10.3</ele>
        <time>2025-05-13T13:12:26.936000Z</time>
      </trkpt>
      <trkpt lat="55.686996" lon="12.571199">
        <ele>10.3</ele>
        <time>2025-05-13T13:12:29.936000Z</time>
      </trkpt>
      <trkpt lat="55.687095" lon="12.571335">
        <ele>10.3</ele>
        <time>2025-05-13T13:12:33.936000Z</time>
      </trkpt>
      <trkpt lat="55.687176" lon="12.571458">
        <ele>10.3</ele>
        <time>2025-05-13T13:12:36.936000Z</time>
      </trkpt>
      <trkpt lat="55.687251" lon="12.571562">
        <ele>10.3</ele>
        <time>2025-05-13T13:12:39.936000Z</time>
      </trkpt>
      <trkpt lat="55.687339" lon="12.571689">
        <ele>10.3</ele>
        <time>2025-05-13T13:12:43.936000Z</time>
      </trkpt>
      <trkpt lat="55.687419" lon="12.571803">
        <ele>10.3</ele>
        <time>2025-05-13T13:12:47.936000Z</time>
      </trkpt>
      <trkpt lat="55.687507" lon="12.571935">
        <ele>10.3</ele>
        <time>2025-05-13T13:12:51.936000Z</time>
      </trkpt>
      <trkpt lat="55.687595" lon="12.572057">
        <ele>10.3</ele>
        <time>2025-05-13T13:12:55.936000Z</time>
      </trkpt>
      <trkpt lat="55.687682" lon="12.572163">
        <ele>10.3</ele>
        <time>2025-05-13T13:12:59.936000Z</time>
      </trkpt>
      <trkpt lat="55.687761" lon="12.572315">
        <ele>10.3</ele>
        <time>2025-05-13T13:13:03.936000Z</time>
      </trkpt>
      <trkpt lat="55.68784" lon="12.572421">
        <ele>10.3</ele>
        <time>2025-05-13T13:13:06.936000Z</time>
      </trkpt>
      <trkpt lat="55.687916" lon="12.572538">
        <ele>10.2</ele>
        <time>2025-05-13T13:13:09.936000Z</time>
      </trkpt>
      <trkpt lat="55.687991" lon="12.572653">
        <ele>10.2</ele>
        <time>2025-05-13T13:13:12.936000Z</time>
      </trkpt>
      <trkpt lat="55.688079" lon="12.572778">
        <ele>10.2</ele>
        <time>2025-05-13T13:13:16.936000Z</time>
      </trkpt>
      <trkpt lat="55.688152" lon="12.57288">
        <ele>10.2</ele>
        <time>2025-05-13T13:13:20.936000Z</time>
      </trkpt>
      <trkpt lat="55.68825" lon="12.573007">
        <ele>10.2</ele>
        <time>2025-05-13T13:13:24.936000Z</time>
      </trkpt>
      <trkpt lat="55.68833" lon="12.573124">
        <ele>10.2</ele>
        <time>2025-05-13T13:13:27.936000Z</time>
      </trkpt>
      <trkpt lat="55.688413" lon="12.573212">
        <ele>10.2</ele>
        <time>2025-05-13T13:13:30.936000Z</time>
      </trkpt>
      <trkpt lat="55.688493" lon="12.573286">
        <ele>10.2</ele>
        <time>2025-05-13T13:13:33.936000Z</time>
      </trkpt>
      <trkpt lat="55.688589" lon="12.573411">
        <ele>10.2</ele>
        <time>2025-05-13T13:13:36.936000Z</time>
      </trkpt>
      <trkpt lat="55.688659" lon="12.573556">
        <ele>10.1</ele>
        <time>2025-05-13T13:13:39.936000Z</time>
      </trkpt>
      <trkpt lat="55.688745" lon="12.57366">
        <ele>10.1</ele>
        <time>2025-05-13T13:13:43.936000Z</time>
      </trkpt>
      <trkpt lat="55.688835" lon="12.57374">
        <ele>10.1</ele>
        <time>2025-05-13T13:13:46.936000Z</time>
      </trkpt>
      <trkpt lat="55.688913" lon="12.573828">
        <ele>10.1</ele>
        <time>2025-05-13T13:13:49.936000Z</time>
      </trkpt>
      <trkpt lat="55.688992" lon="12.574015">
        <ele>10.0</ele>
        <time>2025-05-13T13:13:52.936000Z</time>
      </trkpt>
      <trkpt lat="55.68905" lon="12.574188">
        <ele>10.0</ele>
        <time>2025-05-13T13:13:55.936000Z</time>
      </trkpt>
      <trkpt lat="55.689113" lon="12.574311">
        <ele>9.9</ele>
        <time>2025-05-13T13:13:58.936000Z</time>
      </trkpt>
      <trkpt lat="55.689388" lon="12.574579">
        <ele>9.8</ele>
        <time>2025-05-13T13:15:02.934000Z</time>
      </trkpt>
      <trkpt lat="55.689487" lon="12.574639">
        <ele>9.8</ele>
        <time>2025-05-13T13:15:06.934000Z</time>
      </trkpt>
      <trkpt lat="55.689584" lon="12.574725">
        <ele>9.7</ele>
        <time>2025-05-13T13:15:10.934000Z</time>
      </trkpt>
      <trkpt lat="55.689695" lon="12.574787">
        <ele>9.7</ele>
        <time>2025-05-13T13:15:14.934000Z</time>
      </trkpt>
      <trkpt lat="55.689783" lon="12.574843">
        <ele>9.6</ele>
        <time>2025-05-13T13:15:17.934000Z</time>
      </trkpt>
      <trkpt lat="55.689892" lon="12.574884">
        <ele>9.6</ele>
        <time>2025-05-13T13:15:20.934000Z</time>
      </trkpt>
      <trkpt lat="55.69001" lon="12.574949">
        <ele>9.5</ele>
        <time>2025-05-13T13:15:23.934000Z</time>
      </trkpt>
      <trkpt lat="55.69011" lon="12.575017">
        <ele>9.5</ele>
        <time>2025-05-13T13:15:26.934000Z</time>
      </trkpt>
      <trkpt lat="55.690193" lon="12.57517">
        <ele>9.4</ele>
        <time>2025-05-13T13:15:29.934000Z</time>
      </trkpt>
      <trkpt lat="55.690301" lon="12.575239">
        <ele>9.4</ele>
        <time>2025-05-13T13:15:32.934000Z</time>
      </trkpt>
      <trkpt lat="55.690402" lon="12.575355">
        <ele>9.3</ele>
        <time>2025-05-13T13:15:35.934000Z</time>
      </trkpt>
      <trkpt lat="55.690503" lon="12.575445">
        <ele>9.3</ele>
        <time>2025-05-13T13:15:38.934000Z</time>
      </trkpt>
      <trkpt lat="55.690612" lon="12.575541">
        <ele>9.3</ele>
        <time>2025-05-13T13:15:41.934000Z</time>
      </trkpt>
      <trkpt lat="55.690713" lon="12.575606">
        <ele>9.3</ele>
        <time>2025-05-13T13:15:44.934000Z</time>
      </trkpt>
      <trkpt lat="55.690816" lon="12.575699">
        <ele>9.3</ele>
        <time>2025-05-13T13:15:47.934000Z</time>
      </trkpt>
      <trkpt lat="55.690896" lon="12.575836">
        <ele>9.4</ele>
        <time>2025-05-13T13:15:50.934000Z</time>
      </trkpt>
      <trkpt lat="55.690975" lon="12.575939">
        <ele>9.4</ele>
        <time>2025-05-13T13:15:53.934000Z</time>
      </trkpt>
      <trkpt lat="55.691073" lon="12.576017">
        <ele>9.4</ele>
        <time>2025-05-13T13:15:56.934000Z</time>
      </trkpt>
      <trkpt lat="55.691172" lon="12.576078">
        <ele>9.4</ele>
        <time>2025-05-13T13:15:59.934000Z</time>
      </trkpt>
      <trkpt lat="55.691287" lon="12.576198">
        <ele>9.4</ele>
        <time>2025-05-13T13:16:02.934000Z</time>
      </trkpt>
      <trkpt lat="55.691378" lon="12.576312">
        <ele>9.4</ele>
        <time>2025-05-13T13:16:05.934000Z</time>
      </trkpt>
      <trkpt lat="55.691489" lon="12.576417">
        <ele>9.4</ele>
        <time>2025-05-13T13:16:08.934000Z</time>
      </trkpt>
      <trkpt lat="55.691591" lon="12.576513">
        <ele>9.4</ele>
        <time>2025-05-13T13:16:11.934000Z</time>
      </trkpt>
      <trkpt lat="55.691692" lon="12.576606">
        <ele>9.4</ele>
        <time>2025-05-13T13:16:14.934000Z</time>
      </trkpt>
      <trkpt lat="55.691804" lon="12.576692">
        <ele>9.4</ele>
        <time>2025-05-13T13:16:17.934000Z</time>
      </trkpt>
      <trkpt lat="55.691901" lon="12.576766">
        <ele>9.4</ele>
        <time>2025-05-13T13:16:20.934000Z</time>
      </trkpt>
      <trkpt lat="55.691991" lon="12.576844">
        <ele>9.4</ele>
        <time>2025-05-13T13:16:23.934000Z</time>
      </trkpt>
      <trkpt lat="55.692075" lon="12.576918">
        <ele>9.4</ele>
        <time>2025-05-13T13:16:26.933000Z</time>
      </trkpt>
      <trkpt lat="55.692162" lon="12.576989">
        <ele>9.5</ele>
        <time>2025-05-13T13:16:29.933000Z</time>
      </trkpt>
      <trkpt lat="55.692244" lon="12.57706">
        <ele>9.5</ele>
        <time>2025-05-13T13:16:33.933000Z</time>
      </trkpt>
      <trkpt lat="55.692337" lon="12.577149">
        <ele>9.5</ele>
        <time>2025-05-13T13:16:37.933000Z</time>
      </trkpt>
      <trkpt lat="55.692423" lon="12.577223">
        <ele>9.6</ele>
        <time>2025-05-13T13:16:41.933000Z</time>
      </trkpt>
      <trkpt lat="55.692505" lon="12.577303">
        <ele>9.6</ele>
        <time>2025-05-13T13:16:45.933000Z</time>
      </trkpt>
      <trkpt lat="55.692591" lon="12.577377">
        <ele>9.6</ele>
        <time>2025-05-13T13:16:56.933000Z</time>
      </trkpt>
      <trkpt lat="55.692672" lon="12.577451">
        <ele>9.7</ele>
        <time>2025-05-13T13:17:00.933000Z</time>
      </trkpt>
      <trkpt lat="55.692766" lon="12.577527">
        <ele>9.7</ele>
        <time>2025-05-13T13:17:04.933000Z</time>
      </trkpt>
      <trkpt lat="55.69288" lon="12.57765">
        <ele>9.8</ele>
        <time>2025-05-13T13:17:08.933000Z</time>
      </trkpt>
      <trkpt lat="55.69297" lon="12.577726">
        <ele>9.8</ele>
        <time>2025-05-13T13:17:14.933000Z</time>
      </trkpt>
      <trkpt lat="55.693068" lon="12.577831">
        <ele>9.8</ele>
        <time>2025-05-13T13:17:18.933000Z</time>
      </trkpt>
      <trkpt lat="55.693156" lon="12.577933">
        <ele>9.9</ele>
        <time>2025-05-13T13:17:21.933000Z</time>
      </trkpt>
      <trkpt lat="55.693242" lon="12.578032">
        <ele>9.9</ele>
        <time>2025-05-13T13:17:24.933000Z</time>
      </trkpt>
      <trkpt lat="55.693322" lon="12.578124">
        <ele>10.0</ele>
        <time>2025-05-13T13:17:27.933000Z</time>
      </trkpt>
      <trkpt lat="55.693411" lon="12.57821">
        <ele>10.0</ele>
        <time>2025-05-13T13:17:30.933000Z</time>
      </trkpt>
      <trkpt lat="55.69351" lon="12.578245">
        <ele>10.0</ele>
        <time>2025-05-13T13:17:33.933000Z</time>
      </trkpt>
      <trkpt lat="55.693611" lon="12.5783">
        <ele>10.0</ele>
        <time>2025-05-13T13:17:36.933000Z</time>
      </trkpt>
      <trkpt lat="55.693712" lon="12.578372">
        <ele>9.9</ele>
        <time>2025-05-13T13:17:39.933000Z</time>
      </trkpt>
      <trkpt lat="55.693811" lon="12.57843">
        <ele>9.8</ele>
        <time>2025-05-13T13:17:42.933000Z</time>
      </trkpt>
      <trkpt lat="55.693897" lon="12.578509">
        <ele>9.7</ele>
        <time>2025-05-13T13:17:45.933000Z</time>
      </trkpt>
      <trkpt lat="55.693989" lon="12.578589">
        <ele>9.6</ele>
        <time>2025-05-13T13:17:48.933000Z</time>
      </trkpt>
      <trkpt lat="55.694085" lon="12.578633">
        <ele>9.6</ele>
        <time>2025-05-13T13:17:52.933000Z</time>
      </trkpt>
      <trkpt lat="55.694177" lon="12.578708">
        <ele>9.5</ele>
        <time>2025-05-13T13:17:55.933000Z</time>
      </trkpt>
      <trkpt lat="55.694271" lon="12.578727">
        <ele>9.4</ele>
        <time>2025-05-13T13:17:58.933000Z</time>
      </trkpt>
      <trkpt lat="55.694358" lon="12.578819">
        <ele>9.3</ele>
        <time>2025-05-13T13:18:01.933000Z</time>
      </trkpt>
      <trkpt lat="55.694465" lon="12.578943">
        <ele>9.2</ele>
        <time>2025-05-13T13:18:04.933000Z</time>
      </trkpt>
      <trkpt lat="55.694562" lon="12.579039">
        <ele>9.1</ele>
        <time>2025-05-13T13:18:07.933000Z</time>
      </trkpt>
      <trkpt lat="55.694663" lon="12.579122">
        <ele>9.1</ele>
        <time>2025-05-13T13:18:10.933000Z</time>
      </trkpt>
      <trkpt lat="55.69475" lon="12.579192">
        <ele>9.0</ele>
        <time>2025-05-13T13:18:13.933000Z</time>
      </trkpt>
      <trkpt lat="55.694841" lon="12.57928">
        <ele>8.9</ele>
        <time>2025-05-13T13:18:17.933000Z</time>
      </trkpt>
      <trkpt lat="55.694927" lon="12.57935">
        <ele>8.8</ele>
        <time>2025-05-13T13:18:21.932000Z</time>
      </trkpt>
      <trkpt lat="55.695025" lon="12.579431">
        <ele>8.7</ele>
        <time>2025-05-13T13:18:25.933000Z</time>
      </trkpt>
      <trkpt lat="55.695099" lon="12.579527">
        <ele>8.7</ele>
        <time>2025-05-13T13:18:28.932000Z</time>
      </trkpt>
      <trkpt lat="55.695167" lon="12.579636">
        <ele>8.6</ele>
        <time>2025-05-13T13:18:31.932000Z</time>
      </trkpt>
      <trkpt lat="55.695258" lon="12.579769">
        <ele>8.7</ele>
        <time>2025-05-13T13:18:35.932000Z</time>
      </trkpt>
      <trkpt lat="55.695353" lon="12.57983">
        <ele>8.7</ele>
        <time>2025-05-13T13:18:38.932000Z</time>
      </trkpt>
      <trkpt lat="55.695455" lon="12.579912">
        <ele>8.7</ele>
        <time>2025-05-13T13:18:41.932000Z</time>
      </trkpt>
      <trkpt lat="55.695544" lon="12.579989">
        <ele>8.8</ele>
        <time>2025-05-13T13:18:51.931000Z</time>
      </trkpt>
      <trkpt lat="55.695596" lon="12.580217">
        <ele>8.8</ele>
        <time>2025-05-13T13:19:36.931000Z</time>
      </trkpt>
      <trkpt lat="55.695541" lon="12.580375">
        <ele>8.8</ele>
        <time>2025-05-13T13:19:40.931000Z</time>
      </trkpt>
      <trkpt lat="55.69549" lon="12.580508">
        <ele>8.8</ele>
        <time>2025-05-13T13:19:43.931000Z</time>
      </trkpt>
      <trkpt lat="55.695422" lon="12.580662">
        <ele>8.9</ele>
        <time>2025-05-13T13:19:46.931000Z</time>
      </trkpt>
      <trkpt lat="55.695361" lon="12.580835">
        <ele>8.9</ele>
        <time>2025-05-13T13:19:49.931000Z</time>
      </trkpt>
      <trkpt lat="55.695277" lon="12.58098">
        <ele>8.9</ele>
        <time>2025-05-13T13:19:52.931000Z</time>
      </trkpt>
      <trkpt lat="55.695194" lon="12.581123">
        <ele>9.0</ele>
        <time>2025-05-13T13:19:55.931000Z</time>
      </trkpt>
      <trkpt lat="55.695107" lon="12.581236">
        <ele>9.0</ele>
        <time>2025-05-13T13:19:58.931000Z</time>
      </trkpt>
      <trkpt lat="55.695028" lon="12.581377">
        <ele>9.0</ele>
        <time>2025-05-13T13:20:01.931000Z</time>
      </trkpt>
      <trkpt lat="55.694949" lon="12.581524">
        <ele>9.0</ele>
        <time>2025-05-13T13:20:04.931000Z</time>
      </trkpt>
      <trkpt lat="55.69486" lon="12.581628">
        <ele>9.1</ele>
        <time>2025-05-13T13:20:07.931000Z</time>
      </trkpt>
      <trkpt lat="55.694776" lon="12.581747">
        <ele>9.1</ele>
        <time>2025-05-13T13:20:10.931000Z</time>
      </trkpt>
      <trkpt lat="55.694681" lon="12.581901">
        <ele>9.0</ele>
        <time>2025-05-13T13:20:13.931000Z</time>
      </trkpt>
      <trkpt lat="55.694594" lon="12.582116">
        <ele>8.9</ele>
        <time>2025-05-13T13:20:16.931000Z</time>
      </trkpt>
      <trkpt lat="55.69451" lon="12.582299">
        <ele>8.8</ele>
        <time>2025-05-13T13:20:19.931000Z</time>
      </trkpt>
      <trkpt lat="55.694447" lon="12.582418">
        <ele>8.7</ele>
        <time>2025-05-13T13:20:21.931000Z</time>
      </trkpt>
      <trkpt lat="55.694367" lon="12.582583">
        <ele>8.6</ele>
        <time>2025-05-13T13:20:24.931000Z</time>
      </trkpt>
      <trkpt lat="55.694287" lon="12.582752">
        <ele>8.5</ele>
        <time>2025-05-13T13:20:27.931000Z</time>
      </trkpt>
      <trkpt lat="55.694206" lon="12.582905">
        <ele>8.5</ele>
        <time>2025-05-13T13:20:30.932000Z</time>
      </trkpt>
      <trkpt lat="55.694129" lon="12.583056">
        <ele>8.4</ele>
        <time>2025-05-13T13:20:33.932000Z</time>
      </trkpt>
      <trkpt lat="55.694043" lon="12.583192">
        <ele>8.3</ele>
        <time>2025-05-13T13:20:36.932000Z</time>
      </trkpt>
      <trkpt lat="55.693969" lon="12.583322">
        <ele>8.2</ele>
        <time>2025-05-13T13:20:39.932000Z</time>
      </trkpt>
      <trkpt lat="55.6939" lon="12.583446">
        <ele>8.1</ele>
        <time>2025-05-13T13:20:42.932000Z</time>
      </trkpt>
      <trkpt lat="55.693829" lon="12.583559">
        <ele>8.1</ele>
        <time>2025-05-13T13:20:45.932000Z</time>
      </trkpt>
      <trkpt lat="55.693756" lon="12.583688">
        <ele>8.0</ele>
        <time>2025-05-13T13:20:48.932000Z</time>
      </trkpt>
      <trkpt lat="55.693686" lon="12.583822">
        <ele>7.9</ele>
        <time>2025-05-13T13:20:51.932000Z</time>
      </trkpt>
      <trkpt lat="55.693602" lon="12.583968">
        <ele>7.8</ele>
        <time>2025-05-13T13:20:54.932000Z</time>
      </trkpt>
      <trkpt lat="55.693535" lon="12.584122">
        <ele>7.8</ele>
        <time>2025-05-13T13:20:57.932000Z</time>
      </trkpt>
      <trkpt lat="55.693466" lon="12.584266">
        <ele>7.7</ele>
        <time>2025-05-13T13:21:00.932000Z</time>
      </trkpt>
      <trkpt lat="55.693397" lon="12.584405">
        <ele>7.7</ele>
        <time>2025-05-13T13:21:03.932000Z</time>
      </trkpt>
      <trkpt lat="55.693319" lon="12.584526">
        <ele>7.7</ele>
        <time>2025-05-13T13:21:06.932000Z</time>
      </trkpt>
      <trkpt lat="55.693243" lon="12.584649">
        <ele>7.7</ele>
        <time>2025-05-13T13:21:09.932000Z</time>
      </trkpt>
      <trkpt lat="55.693164" lon="12.58477">
        <ele>7.6</ele>
        <time>2025-05-13T13:21:12.932000Z</time>
      </trkpt>
      <trkpt lat="55.693086" lon="12.584879">
        <ele>7.6</ele>
        <time>2025-05-13T13:21:15.931000Z</time>
      </trkpt>
      <trkpt lat="55.692998" lon="12.584998">
        <ele>7.6</ele>
        <time>2025-05-13T13:21:18.931000Z</time>
      </trkpt>
      <trkpt lat="55.69291" lon="12.585164">
        <ele>7.5</ele>
        <time>2025-05-13T13:21:21.931000Z</time>
      </trkpt>
      <trkpt lat="55.692816" lon="12.585338">
        <ele>7.5</ele>
        <time>2025-05-13T13:21:24.931000Z</time>
      </trkpt>
      <trkpt lat="55.692752" lon="12.585458">
        <ele>7.5</ele>
        <time>2025-05-13T13:21:26.931000Z</time>
      </trkpt>
      <trkpt lat="55.69269" lon="12.58558">
        <ele>7.5</ele>
        <time>2025-05-13T13:21:28.931000Z</time>
      </trkpt>
      <trkpt lat="55.692612" lon="12.585768">
        <ele>7.4</ele>
        <time>2025-05-13T13:21:31.931000Z</time>
      </trkpt>
      <trkpt lat="55.69254" lon="12.585941">
        <ele>7.4</ele>
        <time>2025-05-13T13:21:34.931000Z</time>
      </trkpt>
      <trkpt lat="55.692464" lon="12.58609">
        <ele>7.4</ele>
        <time>2025-05-13T13:21:37.931000Z</time>
      </trkpt>
      <trkpt lat="55.692385" lon="12.586224">
        <ele>7.3</ele>
        <time>2025-05-13T13:21:40.931000Z</time>
      </trkpt>
      <trkpt lat="55.692305" lon="12.586339">
        <ele>7.3</ele>
        <time>2025-05-13T13:21:43.931000Z</time>
      </trkpt>
      <trkpt lat="55.692221" lon="12.586453">
        <ele>7.2</ele>
        <time>2025-05-13T13:21:46.931000Z</time>
      </trkpt>
      <trkpt lat="55.692146" lon="12.586569">
        <ele>7.0</ele>
        <time>2025-05-13T13:21:49.931000Z</time>
      </trkpt>
      <trkpt lat="55.692065" lon="12.586712">
        <ele>6.9</ele>
        <time>2025-05-13T13:21:53.931000Z</time>
      </trkpt>
      <trkpt lat="55.691984" lon="12.586863">
        <ele>6.7</ele>
        <time>2025-05-13T13:21:57.931000Z</time>
      </trkpt>
      <trkpt lat="55.691912" lon="12.586998">
        <ele>6.6</ele>
        <time>2025-05-13T13:22:02.931000Z</time>
      </trkpt>
      <trkpt lat="55.691838" lon="12.587127">
        <ele>6.4</ele>
        <time>2025-05-13T13:22:06.931000Z</time>
      </trkpt>
      <trkpt lat="55.691764" lon="12.587289">
        <ele>6.3</ele>
        <time>2025-05-13T13:22:10.931000Z</time>
      </trkpt>
      <trkpt lat="55.691705" lon="12.587437">
        <ele>6.1</ele>
        <time>2025-05-13T13:22:13.931000Z</time>
      </trkpt>
      <trkpt lat="55.69164" lon="12.587591">
        <ele>6.0</ele>
        <time>2025-05-13T13:22:16.931000Z</time>
      </trkpt>
      <trkpt lat="55.69155" lon="12.587715">
        <ele>5.9</ele>
        <time>2025-05-13T13:22:19.931000Z</time>
      </trkpt>
      <trkpt lat="55.691452" lon="12.587869">
        <ele>5.7</ele>
        <time>2025-05-13T13:22:22.931000Z</time>
      </trkpt>
      <trkpt lat="55.691374" lon="12.587968">
        <ele>5.6</ele>
        <time>2025-05-13T13:22:24.931000Z</time>
      </trkpt>
      <trkpt lat="55.691303" lon="12.588068">
        <ele>5.4</ele>
        <time>2025-05-13T13:22:26.930000Z</time>
      </trkpt>
      <trkpt lat="55.691229" lon="12.588164">
        <ele>5.3</ele>
        <time>2025-05-13T13:22:28.930000Z</time>
      </trkpt>
      <trkpt lat="55.691151" lon="12.588252">
        <ele>5.2</ele>
        <time>2025-05-13T13:22:30.930000Z</time>
      </trkpt>
      <trkpt lat="55.691067" lon="12.588346">
        <ele>5.1</ele>
        <time>2025-05-13T13:22:32.930000Z</time>
      </trkpt>
      <trkpt lat="55.690979" lon="12.588399">
        <ele>4.9</ele>
        <time>2025-05-13T13:22:34.930000Z</time>
      </trkpt>
      <trkpt lat="55.690887" lon="12.588443">
        <ele>4.9</ele>
        <time>2025-05-13T13:22:36.930000Z</time>
      </trkpt>
      <trkpt lat="55.690798" lon="12.588492">
        <ele>4.8</ele>
        <time>2025-05-13T13:22:38.930000Z</time>
      </trkpt>
      <trkpt lat="55.690701" lon="12.588548">
        <ele>4.8</ele>
        <time>2025-05-13T13:22:40.930000Z</time>
      </trkpt>
      <trkpt lat="55.690608" lon="12.588603">
        <ele>4.7</ele>
        <time>2025-05-13T13:22:42.930000Z</time>
      </trkpt>
      <trkpt lat="55.690513" lon="12.588653">
        <ele>4.6</ele>
        <time>2025-05-13T13:22:44.931000Z</time>
      </trkpt>
      <trkpt lat="55.690426" lon="12.588733">
        <ele>4.6</ele>
        <time>2025-05-13T13:22:46.930000Z</time>
      </trkpt>
      <trkpt lat="55.690331" lon="12.588783">
        <ele>4.5</ele>
        <time>2025-05-13T13:22:48.930000Z</time>
      </trkpt>
      <trkpt lat="55.690243" lon="12.588831">
        <ele>4.5</ele>
        <time>2025-05-13T13:22:50.930000Z</time>
      </trkpt>
      <trkpt lat="55.690153" lon="12.588883">
        <ele>4.4</ele>
        <time>2025-05-13T13:22:52.930000Z</time>
      </trkpt>
      <trkpt lat="55.690069" lon="12.588947">
        <ele>4.4</ele>
        <time>2025-05-13T13:22:54.930000Z</time>
      </trkpt>
      <trkpt lat="55.689965" lon="12.589081">
        <ele>4.3</ele>
        <time>2025-05-13T13:22:57.930000Z</time>
      </trkpt>
      <trkpt lat="55.689852" lon="12.589178">
        <ele>4.2</ele>
        <time>2025-05-13T13:23:00.930000Z</time>
      </trkpt>
      <trkpt lat="55.689738" lon="12.589273">
        <ele>4.2</ele>
        <time>2025-05-13T13:23:03.930000Z</time>
      </trkpt>
      <trkpt lat="55.689654" lon="12.589334">
        <ele>4.1</ele>
        <time>2025-05-13T13:23:05.930000Z</time>
      </trkpt>
      <trkpt lat="55.689558" lon="12.5894">
        <ele>4.0</ele>
        <time>2025-05-13T13:23:08.930000Z</time>
      </trkpt>
      <trkpt lat="55.689441" lon="12.589448">
        <ele>4.0</ele>
        <time>2025-05-13T13:23:11.930000Z</time>
      </trkpt>
      <trkpt lat="55.689326" lon="12.589505">
        <ele>3.9</ele>
        <time>2025-05-13T13:23:14.930000Z</time>
      </trkpt>
      <trkpt lat="55.689199" lon="12.589489">
        <ele>3.9</ele>
        <time>2025-05-13T13:23:17.930000Z</time>
      </trkpt>
      <trkpt lat="55.689097" lon="12.589531">
        <ele>3.9</ele>
        <time>2025-05-13T13:23:20.930000Z</time>
      </trkpt>
      <trkpt lat="55.688991" lon="12.589598">
        <ele>4.0</ele>
        <time>2025-05-13T13:23:23.930000Z</time>
      </trkpt>
      <trkpt lat="55.688874" lon="12.589662">
        <ele>4.0</ele>
        <time>2025-05-13T13:23:26.930000Z</time>
      </trkpt>
      <trkpt lat="55.688772" lon="12.589596">
        <ele>4.0</ele>
        <time>2025-05-13T13:23:28.930000Z</time>
      </trkpt>
      <trkpt lat="55.688661" lon="12.589602">
        <ele>4.1</ele>
        <time>2025-05-13T13:23:31.930000Z</time>
      </trkpt>
      <trkpt lat="55.688555" lon="12.589643">
        <ele>4.1</ele>
        <time>2025-05-13T13:23:34.930000Z</time>
      </trkpt>
      <trkpt lat="55.688452" lon="12.589668">
        <ele>4.1</ele>
        <time>2025-05-13T13:23:37.930000Z</time>
      </trkpt>
      <trkpt lat="55.688367" lon="12.589732">
        <ele>4.1</ele>
        <time>2025-05-13T13:23:40.930000Z</time>
      </trkpt>
      <trkpt lat="55.688275" lon="12.589821">
        <ele>4.2</ele>
        <time>2025-05-13T13:23:44.929000Z</time>
      </trkpt>
      <trkpt lat="55.688161" lon="12.589916">
        <ele>4.2</ele>
        <time>2025-05-13T13:23:48.929000Z</time>
      </trkpt>
      <trkpt lat="55.688043" lon="12.589932">
        <ele>4.2</ele>
        <time>2025-05-13T13:23:51.929000Z</time>
      </trkpt>
      <trkpt lat="55.687942" lon="12.589974">
        <ele>4.2</ele>
        <time>2025-05-13T13:23:54.929000Z</time>
      </trkpt>
      <trkpt lat="55.687839" lon="12.589999">
        <ele>4.3</ele>
        <time>2025-05-13T13:23:57.929000Z</time>
      </trkpt>
      <trkpt lat="55.68775" lon="12.590039">
        <ele>4.3</ele>
        <time>2025-05-13T13:24:00.929000Z</time>
      </trkpt>
      <trkpt lat="55.687663" lon="12.590091">
        <ele>4.3</ele>
        <time>2025-05-13T13:24:03.929000Z</time>
      </trkpt>
      <trkpt lat="55.687589" lon="12.590188">
        <ele>4.3</ele>
        <time>2025-05-13T13:24:06.929000Z</time>
      </trkpt>
      <trkpt lat="55.687498" lon="12.590237">
        <ele>4.3</ele>
        <time>2025-05-13T13:24:09.929000Z</time>
      </trkpt>
      <trkpt lat="55.687404" lon="12.590315">
        <ele>4.3</ele>
        <time>2025-05-13T13:24:13.929000Z</time>
      </trkpt>
      <trkpt lat="55.687292" lon="12.59029">
        <ele>4.3</ele>
        <time>2025-05-13T13:24:17.929000Z</time>
      </trkpt>
      <trkpt lat="55.687193" lon="12.59023">
        <ele>4.2</ele>
        <time>2025-05-13T13:24:20.929000Z</time>
      </trkpt>
      <trkpt lat="55.687097" lon="12.590199">
        <ele>4.2</ele>
        <time>2025-05-13T13:24:23.929000Z</time>
      </trkpt>
      <trkpt lat="55.687004" lon="12.590123">
        <ele>4.2</ele>
        <time>2025-05-13T13:24:26.929000Z</time>
      </trkpt>
      <trkpt lat="55.686925" lon="12.590014">
        <ele>4.1</ele>
        <time>2025-05-13T13:24:29.929000Z</time>
      </trkpt>
      <trkpt lat="55.686844" lon="12.589881">
        <ele>4.1</ele>
        <time>2025-05-13T13:24:32.929000Z</time>
      </trkpt>
      <trkpt lat="55.686763" lon="12.589793">
        <ele>4.1</ele>
        <time>2025-05-13T13:24:36.929000Z</time>
      </trkpt>
      <trkpt lat="55.686667" lon="12.58972">
        <ele>4.0</ele>
        <time>2025-05-13T13:24:40.930000Z</time>
      </trkpt>
      <trkpt lat="55.686563" lon="12.589653">
        <ele>4.0</ele>
        <time>2025-05-13T13:24:45.930000Z</time>
      </trkpt>
      <trkpt lat="55.686479" lon="12.589579">
        <ele>4.0</ele>
        <time>2025-05-13T13:24:53.930000Z</time>
      </trkpt>
      <trkpt lat="55.686234" lon="12.589595">
        <ele>3.9</ele>
        <time>2025-05-13T13:26:02.929000Z</time>
      </trkpt>
      <trkpt lat="55.686152" lon="12.589523">
        <ele>3.9</ele>
        <time>2025-05-13T13:26:10.929000Z</time>
      </trkpt>
      <trkpt lat="55.686055" lon="12.589615">
        <ele>3.8</ele>
        <time>2025-05-13T13:26:35.928000Z</time>
      </trkpt>
      <trkpt lat="55.68598" lon="12.589749">
        <ele>3.8</ele>
        <time>2025-05-13T13:26:40.928000Z</time>
      </trkpt>
      <trkpt lat="55.685894" lon="12.589919">
        <ele>3.7</ele>
        <time>2025-05-13T13:26:45.928000Z</time>
      </trkpt>
      <trkpt lat="55.685845" lon="12.590099">
        <ele>3.6</ele>
        <time>2025-05-13T13:26:48.928000Z</time>
      </trkpt>
      <trkpt lat="55.685795" lon="12.590253">
        <ele>3.6</ele>
        <time>2025-05-13T13:26:51.929000Z</time>
      </trkpt>
      <trkpt lat="55.685747" lon="12.590411">
        <ele>3.5</ele>
        <time>2025-05-13T13:26:54.929000Z</time>
      </trkpt>
      <trkpt lat="55.685706" lon="12.590564">
        <ele>3.4</ele>
        <time>2025-05-13T13:26:57.928000Z</time>
      </trkpt>
      <trkpt lat="55.685671" lon="12.590761">
        <ele>3.3</ele>
        <time>2025-05-13T13:27:01.928000Z</time>
      </trkpt>
      <trkpt lat="55.685618" lon="12.590942">
        <ele>3.3</ele>
        <time>2025-05-13T13:27:05.928000Z</time>
      </trkpt>
      <trkpt lat="55.685596" lon="12.591104">
        <ele>3.2</ele>
        <time>2025-05-13T13:27:09.928000Z</time>
      </trkpt>
      <trkpt lat="55.685563" lon="12.591265">
        <ele>3.1</ele>
        <time>2025-05-13T13:27:20.928000Z</time>
      </trkpt>
      <trkpt lat="55.685569" lon="12.59143">
        <ele>3.0</ele>
        <time>2025-05-13T13:27:24.928000Z</time>
      </trkpt>
      <trkpt lat="55.685548" lon="12.59161">
        <ele>3.0</ele>
        <time>2025-05-13T13:27:28.928000Z</time>
      </trkpt>
      <trkpt lat="55.685488" lon="12.59178">
        <ele>2.9</ele>
        <time>2025-05-13T13:27:33.928000Z</time>
      </trkpt>
      <trkpt lat="55.685431" lon="12.591934">
        <ele>2.8</ele>
        <time>2025-05-13T13:27:37.928000Z</time>
      </trkpt>
      <trkpt lat="55.685388" lon="12.592079">
        <ele>2.7</ele>
        <time>2025-05-13T13:27:41.928000Z</time>
      </trkpt>
      <trkpt lat="55.68533" lon="12.592239">
        <ele>2.7</ele>
        <time>2025-05-13T13:27:45.928000Z</time>
      </trkpt>
      <trkpt lat="55.685287" lon="12.592382">
        <ele>2.6</ele>
        <time>2025-05-13T13:27:48.928000Z</time>
      </trkpt>
      <trkpt lat="55.685246" lon="12.592561">
        <ele>2.5</ele>
        <time>2025-05-13T13:27:52.928000Z</time>
      </trkpt>
      <trkpt lat="55.685197" lon="12.592716">
        <ele>2.5</ele>
        <time>2025-05-13T13:27:55.928000Z</time>
      </trkpt>
      <trkpt lat="55.685155" lon="12.592908">
        <ele>2.7</ele>
        <time>2025-05-13T13:27:59.928000Z</time>
      </trkpt>
      <trkpt lat="55.685104" lon="12.593066">
        <ele>2.8</ele>
        <time>2025-05-13T13:28:03.928000Z</time>
      </trkpt>
      <trkpt lat="55.685067" lon="12.593213">
        <ele>2.9</ele>
        <time>2025-05-13T13:28:07.928000Z</time>
      </trkpt>
      <trkpt lat="55.685023" lon="12.593374">
        <ele>3.0</ele>
        <time>2025-05-13T13:28:11.928000Z</time>
      </trkpt>
      <trkpt lat="55.685008" lon="12.593541">
        <ele>3.1</ele>
        <time>2025-05-13T13:28:14.928000Z</time>
      </trkpt>
      <trkpt lat="55.684979" lon="12.593716">
        <ele>3.2</ele>
        <time>2025-05-13T13:28:18.928000Z</time>
      </trkpt>
      <trkpt lat="55.684918" lon="12.593843">
        <ele>3.3</ele>
        <time>2025-05-13T13:28:23.928000Z</time>
      </trkpt>
      <trkpt lat="55.684822" lon="12.593834">
        <ele>3.4</ele>
        <time>2025-05-13T13:28:28.928000Z</time>
      </trkpt>
      <trkpt lat="55.684711" lon="12.5938">
        <ele>3.6</ele>
        <time>2025-05-13T13:28:33.928000Z</time>
      </trkpt>
      <trkpt lat="55.684626" lon="12.593722">
        <ele>3.7</ele>
        <time>2025-05-13T13:28:37.928000Z</time>
      </trkpt>
      <trkpt lat="55.684539" lon="12.59364">
        <ele>3.8</ele>
        <time>2025-05-13T13:28:40.927000Z</time>
      </trkpt>
      <trkpt lat="55.684431" lon="12.593622">
        <ele>3.9</ele>
        <time>2025-05-13T13:28:46.927000Z</time>
      </trkpt>
      <trkpt lat="55.684344" lon="12.593669">
        <ele>4.0</ele>
        <time>2025-05-13T13:28:52.929000Z</time>
      </trkpt>
      <trkpt lat="55.684254" lon="12.593711">
        <ele>4.1</ele>
        <time>2025-05-13T13:28:58.927000Z</time>
      </trkpt>
      <trkpt lat="55.684173" lon="12.593785">
        <ele>4.2</ele>
        <time>2025-05-13T13:29:03.924000Z</time>
      </trkpt>
      <trkpt lat="55.684099" lon="12.593881">
        <ele>4.3</ele>
        <time>2025-05-13T13:29:08.922000Z</time>
      </trkpt>
      <trkpt lat="55.684012" lon="12.593986">
        <ele>4.4</ele>
        <time>2025-05-13T13:29:14.921000Z</time>
      </trkpt>
      <trkpt lat="55.683928" lon="12.594078">
        <ele>4.5</ele>
        <time>2025-05-13T13:29:20.920000Z</time>
      </trkpt>
      <trkpt lat="55.683863" lon="12.593918">
        <ele>4.5</ele>
        <time>2025-05-13T13:30:49.917000Z</time>
      </trkpt>
      <trkpt lat="55.683893" lon="12.593755">
        <ele>4.5</ele>
        <time>2025-05-13T13:30:57.917000Z</time>
      </trkpt>
      <trkpt lat="55.683956" lon="12.593624">
        <ele>4.5</ele>
        <time>2025-05-13T13:31:04.917000Z</time>
      </trkpt>
      <trkpt lat="55.684021" lon="12.5935">
        <ele>4.5</ele>
        <time>2025-05-13T13:31:12.917000Z</time>
      </trkpt>
      <trkpt lat="55.684089" lon="12.593394">
        <ele>4.5</ele>
        <time>2025-05-13T13:31:22.917000Z</time>
      </trkpt>
      <trkpt lat="55.684004" lon="12.593483">
        <ele>4.5</ele>
        <time>2025-05-13T13:34:31.917000Z</time>
      </trkpt>
      <trkpt lat="55.683922" lon="12.593574">
        <ele>4.5</ele>
        <time>2025-05-13T13:34:41.916000Z</time>
      </trkpt>
      <trkpt lat="55.68385" lon="12.593695">
        <ele>4.5</ele>
        <time>2025-05-13T13:34:51.915000Z</time>
      </trkpt>
      <trkpt lat="55.683794" lon="12.593831">
        <ele>4.5</ele>
        <time>2025-05-13T13:35:00.915000Z</time>
      </trkpt>
      <trkpt lat="55.683743" lon="12.593983">
        <ele>4.5</ele>
        <time>2025-05-13T13:35:09.915000Z</time>
      </trkpt>
      <trkpt lat="55.683688" lon="12.594131">
        <ele>4.5</ele>
        <time>2025-05-13T13:35:18.915000Z</time>
      </trkpt>
      <trkpt lat="55.683651" lon="12.594294">
        <ele>4.5</ele>
        <time>2025-05-13T13:35:26.915000Z</time>
      </trkpt>
      <trkpt lat="55.683602" lon="12.594445">
        <ele>4.5</ele>
        <time>2025-05-13T13:35:34.915000Z</time>
      </trkpt>
      <trkpt lat="55.68359" lon="12.594637">
        <ele>4.5</ele>
        <time>2025-05-13T13:35:50.915000Z</time>
      </trkpt>
      <trkpt lat="55.683568" lon="12.594811">
        <ele>4.5</ele>
        <time>2025-05-13T13:36:01.915000Z</time>
      </trkpt>
      <trkpt lat="55.683508" lon="12.59494">
        <ele>4.5</ele>
        <time>2025-05-13T13:36:10.915000Z</time>
      </trkpt>
      <trkpt lat="55.683423" lon="12.595005">
        <ele>4.5</ele>
        <time>2025-05-13T13:36:20.915000Z</time>
      </trkpt>
      <trkpt lat="55.683329" lon="12.594998">
        <ele>4.5</ele>
        <time>2025-05-13T13:36:30.915000Z</time>
      </trkpt>
      <trkpt lat="55.683241" lon="12.594907">
        <ele>4.5</ele>
        <time>2025-05-13T13:36:39.915000Z</time>
      </trkpt>
      <trkpt lat="55.683182" lon="12.594786">
        <ele>4.5</ele>
        <time>2025-05-13T13:36:47.915000Z</time>
      </trkpt>
      <trkpt lat="55.683107" lon="12.594677">
        <ele>4.5</ele>
        <time>2025-05-13T13:36:55.915000Z</time>
      </trkpt>
      <trkpt lat="55.683028" lon="12.594584">
        <ele>4.5</ele>
        <time>2025-05-13T13:37:06.915000Z</time>
      </trkpt>
    </trkseg>
  </trk>
  <trk>
    <name>2025-05-14</name>
    <trkseg>
      <trkpt lat="55.670867" lon="12.576162">
        <ele>5.0</ele>
        <time>2025-05-14T08:06:39.998000Z</time>
      </trkpt>
      <trkpt lat="55.670685" lon="12.576354">
        <ele>5.0</ele>
        <time>2025-05-14T08:07:36.994000Z</time>
      </trkpt>
      <trkpt lat="55.670488" lon="12.576612">
        <ele>5.0</ele>
        <time>2025-05-14T08:08:32.991000Z</time>
      </trkpt>
      <trkpt lat="55.670407" lon="12.576705">
        <ele>5.0</ele>
        <time>2025-05-14T08:08:35.990000Z</time>
      </trkpt>
      <trkpt lat="55.670331" lon="12.576793">
        <ele>5.0</ele>
        <time>2025-05-14T08:08:38.990000Z</time>
      </trkpt>
      <trkpt lat="55.670235" lon="12.576805">
        <ele>5.0</ele>
        <time>2025-05-14T08:08:44.990000Z</time>
      </trkpt>
      <trkpt lat="55.670171" lon="12.576691">
        <ele>5.0</ele>
        <time>2025-05-14T08:08:51.990000Z</time>
      </trkpt>
      <trkpt lat="55.6701" lon="12.576564">
        <ele>4.9</ele>
        <time>2025-05-14T08:08:56.989000Z</time>
      </trkpt>
      <trkpt lat="55.670023" lon="12.576428">
        <ele>4.8</ele>
        <time>2025-05-14T08:09:00.989000Z</time>
      </trkpt>
      <trkpt lat="55.669932" lon="12.576327">
        <ele>4.7</ele>
        <time>2025-05-14T08:09:08.989000Z</time>
      </trkpt>
      <trkpt lat="55.669843" lon="12.576426">
        <ele>4.6</ele>
        <time>2025-05-14T08:09:13.988000Z</time>
      </trkpt>
      <trkpt lat="55.669763" lon="12.576512">
        <ele>4.5</ele>
        <time>2025-05-14T08:09:21.988000Z</time>
      </trkpt>
      <trkpt lat="55.669524" lon="12.575996">
        <ele>4.1</ele>
        <time>2025-05-14T08:13:35.973000Z</time>
      </trkpt>
      <trkpt lat="55.669465" lon="12.575849">
        <ele>4.0</ele>
        <time>2025-05-14T08:13:42.972000Z</time>
      </trkpt>
      <trkpt lat="55.669409" lon="12.575713">
        <ele>3.9</ele>
        <time>2025-05-14T08:13:48.972000Z</time>
      </trkpt>
      <trkpt lat="55.66939" lon="12.575539">
        <ele>3.8</ele>
        <time>2025-05-14T08:13:57.971000Z</time>
      </trkpt>
      <trkpt lat="55.669323" lon="12.575429">
        <ele>3.7</ele>
        <time>2025-05-14T08:14:04.971000Z</time>
      </trkpt>
      <trkpt lat="55.669244" lon="12.575297">
        <ele>3.6</ele>
        <time>2025-05-14T08:14:09.971000Z</time>
      </trkpt>
      <trkpt lat="55.669177" lon="12.575172">
        <ele>3.5</ele>
        <time>2025-05-14T08:14:16.970000Z</time>
      </trkpt>
      <trkpt lat="55.669073" lon="12.575172">
        <ele>3.4</ele>
        <time>2025-05-14T08:14:26.969000Z</time>
      </trkpt>
      <trkpt lat="55.66899" lon="12.575097">
        <ele>3.3</ele>
        <time>2025-05-14T08:14:38.969000Z</time>
      </trkpt>
      <trkpt lat="55.668665" lon="12.57438">
        <ele>3.1</ele>
        <time>2025-05-14T08:22:04.942000Z</time>
      </trkpt>
      <trkpt lat="55.668594" lon="12.574224">
        <ele>3.1</ele>
        <time>2025-05-14T08:22:08.942000Z</time>
      </trkpt>
      <trkpt lat="55.668524" lon="12.574081">
        <ele>3.0</ele>
        <time>2025-05-14T08:22:12.942000Z</time>
      </trkpt>
      <trkpt lat="55.668448" lon="12.573943">
        <ele>3.0</ele>
        <time>2025-05-14T08:22:16.866000Z</time>
      </trkpt>
      <trkpt lat="55.668378" lon="12.573792">
        <ele>3.0</ele>
        <time>2025-05-14T08:22:20.866000Z</time>
      </trkpt>
      <trkpt lat="55.668306" lon="12.573659">
        <ele>3.0</ele>
        <time>2025-05-14T08:22:24.866000Z</time>
      </trkpt>
      <trkpt lat="55.668216" lon="12.573521">
        <ele>3.0</ele>
        <time>2025-05-14T08:22:28.866000Z</time>
      </trkpt>
      <trkpt lat="55.66814" lon="12.573372">
        <ele>3.0</ele>
        <time>2025-05-14T08:22:32.866000Z</time>
      </trkpt>
      <trkpt lat="55.668073" lon="12.573218">
        <ele>2.9</ele>
        <time>2025-05-14T08:22:36.865000Z</time>
      </trkpt>
      <trkpt lat="55.667992" lon="12.573096">
        <ele>2.9</ele>
        <time>2025-05-14T08:22:40.865000Z</time>
      </trkpt>
      <trkpt lat="55.66791" lon="12.572998">
        <ele>2.9</ele>
        <time>2025-05-14T08:22:44.865000Z</time>
      </trkpt>
      <trkpt lat="55.667828" lon="12.572891">
        <ele>2.9</ele>
        <time>2025-05-14T08:22:48.865000Z</time>
      </trkpt>
      <trkpt lat="55.667749" lon="12.572777">
        <ele>2.9</ele>
        <time>2025-05-14T08:22:52.865000Z</time>
      </trkpt>
      <trkpt lat="55.667689" lon="12.57265">
        <ele>2.9</ele>
        <time>2025-05-14T08:22:56.864000Z</time>
      </trkpt>
      <trkpt lat="55.667611" lon="12.572548">
        <ele>2.9</ele>
        <time>2025-05-14T08:23:01.864000Z</time>
      </trkpt>
      <trkpt lat="55.667536" lon="12.572447">
        <ele>2.9</ele>
        <time>2025-05-14T08:23:11.863000Z</time>
      </trkpt>
      <trkpt lat="55.66766" lon="12.571985">
        <ele>3.0</ele>
        <time>2025-05-14T08:24:29.859000Z</time>
      </trkpt>
      <trkpt lat="55.667624" lon="12.571808">
        <ele>3.0</ele>
        <time>2025-05-14T08:24:36.858000Z</time>
      </trkpt>
      <trkpt lat="55.667569" lon="12.571661">
        <ele>3.1</ele>
        <time>2025-05-14T08:24:41.858000Z</time>
      </trkpt>
      <trkpt lat="55.667506" lon="12.571512">
        <ele>3.1</ele>
        <time>2025-05-14T08:24:46.858000Z</time>
      </trkpt>
      <trkpt lat="55.667452" lon="12.571371">
        <ele>3.2</ele>
        <time>2025-05-14T08:24:50.858000Z</time>
      </trkpt>
      <trkpt lat="55.667393" lon="12.571229">
        <ele>3.2</ele>
        <time>2025-05-14T08:24:54.857000Z</time>
      </trkpt>
      <trkpt lat="55.667319" lon="12.571084">
        <ele>3.2</ele>
        <time>2025-05-14T08:24:59.857000Z</time>
      </trkpt>
      <trkpt lat="55.667245" lon="12.570927">
        <ele>3.3</ele>
        <time>2025-05-14T08:25:03.857000Z</time>
      </trkpt>
      <trkpt lat="55.667179" lon="12.570746">
        <ele>3.3</ele>
        <time>2025-05-14T08:25:07.857000Z</time>
      </trkpt>
      <trkpt lat="55.667124" lon="12.570589">
        <ele>3.4</ele>
        <time>2025-05-14T08:25:10.856000Z</time>
      </trkpt>
      <trkpt lat="55.667061" lon="12.570462">
        <ele>3.4</ele>
        <time>2025-05-14T08:25:13.856000Z</time>
      </trkpt>
      <trkpt lat="55.667011" lon="12.570309">
        <ele>3.4</ele>
        <time>2025-05-14T08:25:16.856000Z</time>
      </trkpt>
      <trkpt lat="55.666952" lon="12.57016">
        <ele>3.5</ele>
        <time>2025-05-14T08:25:19.856000Z</time>
      </trkpt>
      <trkpt lat="55.666903" lon="12.570008">
        <ele>3.5</ele>
        <time>2025-05-14T08:25:22.856000Z</time>
      </trkpt>
      <trkpt lat="55.666814" lon="12.569842">
        <ele>3.5</ele>
        <time>2025-05-14T08:25:25.855000Z</time>
      </trkpt>
      <trkpt lat="55.666744" lon="12.569667">
        <ele>3.5</ele>
        <time>2025-05-14T08:25:28.855000Z</time>
      </trkpt>
      <trkpt lat="55.666697" lon="12.569512">
        <ele>3.6</ele>
        <time>2025-05-14T08:25:31.855000Z</time>
      </trkpt>
      <trkpt lat="55.666633" lon="12.569358">
        <ele>3.6</ele>
        <time>2025-05-14T08:25:34.855000Z</time>
      </trkpt>
      <trkpt lat="55.666567" lon="12.56923">
        <ele>3.6</ele>
        <time>2025-05-14T08:25:37.855000Z</time>
      </trkpt>
      <trkpt lat="55.666505" lon="12.569109">
        <ele>3.6</ele>
        <time>2025-05-14T08:25:40.855000Z</time>
      </trkpt>
      <trkpt lat="55.666401" lon="12.568995">
        <ele>3.6</ele>
        <time>2025-05-14T08:25:43.854000Z</time>
      </trkpt>
      <trkpt lat="55.666338" lon="12.568844">
        <ele>3.7</ele>
        <time>2025-05-14T08:25:46.854000Z</time>
      </trkpt>
      <trkpt lat="55.666293" lon="12.568685">
        <ele>3.7</ele>
        <time>2025-05-14T08:25:49.854000Z</time>
      </trkpt>
      <trkpt lat="55.666243" lon="12.568552">
        <ele>3.7</ele>
        <time>2025-05-14T08:25:52.854000Z</time>
      </trkpt>
      <trkpt lat="55.666173" lon="12.56842">
        <ele>3.7</ele>
        <time>2025-05-14T08:25:55.854000Z</time>
      </trkpt>
      <trkpt lat="55.666107" lon="12.56828">
        <ele>3.7</ele>
        <time>2025-05-14T08:25:58.846000Z</time>
      </trkpt>
      <trkpt lat="55.666036" lon="12.56815">
        <ele>3.7</ele>
        <time>2025-05-14T08:26:01.845000Z</time>
      </trkpt>
      <trkpt lat="55.665971" lon="12.568016">
        <ele>3.8</ele>
        <time>2025-05-14T08:26:04.845000Z</time>
      </trkpt>
      <trkpt lat="55.665899" lon="12.567866">
        <ele>3.8</ele>
        <time>2025-05-14T08:26:08.845000Z</time>
      </trkpt>
      <trkpt lat="55.665849" lon="12.567706">
        <ele>3.8</ele>
        <time>2025-05-14T08:26:12.845000Z</time>
      </trkpt>
      <trkpt lat="55.665801" lon="12.567544">
        <ele>3.8</ele>
        <time>2025-05-14T08:26:16.845000Z</time>
      </trkpt>
      <trkpt lat="55.665765" lon="12.567383">
        <ele>3.8</ele>
        <time>2025-05-14T08:26:20.844000Z</time>
      </trkpt>
      <trkpt lat="55.665688" lon="12.567252">
        <ele>3.9</ele>
        <time>2025-05-14T08:26:24.844000Z</time>
      </trkpt>
      <trkpt lat="55.665613" lon="12.567159">
        <ele>3.9</ele>
        <time>2025-05-14T08:26:27.844000Z</time>
      </trkpt>
      <trkpt lat="55.665536" lon="12.567052">
        <ele>4.0</ele>
        <time>2025-05-14T08:26:32.844000Z</time>
      </trkpt>
      <trkpt lat="55.665454" lon="12.566899">
        <ele>4.0</ele>
        <time>2025-05-14T08:26:36.843000Z</time>
      </trkpt>
      <trkpt lat="55.665407" lon="12.566714">
        <ele>4.1</ele>
        <time>2025-05-14T08:26:40.843000Z</time>
      </trkpt>
      <trkpt lat="55.665357" lon="12.566571">
        <ele>4.1</ele>
        <time>2025-05-14T08:26:44.841000Z</time>
      </trkpt>
      <trkpt lat="55.665262" lon="12.566512">
        <ele>4.2</ele>
        <time>2025-05-14T08:26:48.840000Z</time>
      </trkpt>
      <trkpt lat="55.665291" lon="12.566345">
        <ele>4.2</ele>
        <time>2025-05-14T08:27:04.840000Z</time>
      </trkpt>
      <trkpt lat="55.665363" lon="12.566237">
        <ele>4.2</ele>
        <time>2025-05-14T08:27:08.839000Z</time>
      </trkpt>
      <trkpt lat="55.665463" lon="12.566126">
        <ele>4.3</ele>
        <time>2025-05-14T08:27:20.839000Z</time>
      </trkpt>
      <trkpt lat="55.665509" lon="12.565955">
        <ele>4.3</ele>
        <time>2025-05-14T08:27:29.838000Z</time>
      </trkpt>
      <trkpt lat="55.665596" lon="12.565845">
        <ele>4.4</ele>
        <time>2025-05-14T08:27:32.838000Z</time>
      </trkpt>
      <trkpt lat="55.66568" lon="12.565777">
        <ele>4.4</ele>
        <time>2025-05-14T08:27:35.838000Z</time>
      </trkpt>
      <trkpt lat="55.66578" lon="12.565728">
        <ele>4.5</ele>
        <time>2025-05-14T08:27:38.838000Z</time>
      </trkpt>
      <trkpt lat="55.665853" lon="12.565614">
        <ele>4.5</ele>
        <time>2025-05-14T08:27:41.837000Z</time>
      </trkpt>
      <trkpt lat="55.665919" lon="12.565449">
        <ele>4.6</ele>
        <time>2025-05-14T08:27:45.837000Z</time>
      </trkpt>
      <trkpt lat="55.665944" lon="12.565279">
        <ele>4.6</ele>
        <time>2025-05-14T08:27:48.837000Z</time>
      </trkpt>
      <trkpt lat="55.66601" lon="12.565097">
        <ele>4.5</ele>
        <time>2025-05-14T08:27:52.837000Z</time>
      </trkpt>
      <trkpt lat="55.666117" lon="12.565005">
        <ele>4.4</ele>
        <time>2025-05-14T08:27:56.836000Z</time>
      </trkpt>
      <trkpt lat="55.6662" lon="12.564919">
        <ele>4.3</ele>
        <time>2025-05-14T08:28:00.836000Z</time>
      </trkpt>
      <trkpt lat="55.666161" lon="12.564748">
        <ele>4.2</ele>
        <time>2025-05-14T08:28:07.836000Z</time>
      </trkpt>
      <trkpt lat="55.666106" lon="12.564593">
        <ele>4.1</ele>
        <time>2025-05-14T08:28:12.836000Z</time>
      </trkpt>
      <trkpt lat="55.66605" lon="12.564454">
        <ele>4.0</ele>
        <time>2025-05-14T08:28:19.835000Z</time>
      </trkpt>
      <trkpt lat="55.665978" lon="12.564287">
        <ele>3.9</ele>
        <time>2025-05-14T08:28:23.835000Z</time>
      </trkpt>
      <trkpt lat="55.665909" lon="12.564153">
        <ele>3.8</ele>
        <time>2025-05-14T08:28:27.835000Z</time>
      </trkpt>
      <trkpt lat="55.665835" lon="12.564022">
        <ele>3.7</ele>
        <time>2025-05-14T08:28:31.834000Z</time>
      </trkpt>
      <trkpt lat="55.665767" lon="12.563894">
        <ele>3.6</ele>
        <time>2025-05-14T08:28:35.834000Z</time>
      </trkpt>
      <trkpt lat="55.665672" lon="12.56378">
        <ele>3.5</ele>
        <time>2025-05-14T08:28:39.834000Z</time>
      </trkpt>
      <trkpt lat="55.665589" lon="12.563701">
        <ele>3.4</ele>
        <time>2025-05-14T08:28:43.834000Z</time>
      </trkpt>
      <trkpt lat="55.665505" lon="12.5636">
        <ele>3.3</ele>
        <time>2025-05-14T08:28:48.833000Z</time>
      </trkpt>
      <trkpt lat="55.665421" lon="12.563521">
        <ele>3.2</ele>
        <time>2025-05-14T08:28:54.832000Z</time>
      </trkpt>
      <trkpt lat="55.665332" lon="12.563411">
        <ele>3.1</ele>
        <time>2025-05-14T08:28:58.832000Z</time>
      </trkpt>
      <trkpt lat="55.665245" lon="12.563244">
        <ele>3.0</ele>
        <time>2025-05-14T08:29:01.832000Z</time>
      </trkpt>
      <trkpt lat="55.665165" lon="12.563108">
        <ele>3.0</ele>
        <time>2025-05-14T08:29:04.831000Z</time>
      </trkpt>
      <trkpt lat="55.665096" lon="12.562982">
        <ele>3.3</ele>
        <time>2025-05-14T08:29:07.831000Z</time>
      </trkpt>
      <trkpt lat="55.665032" lon="12.562859">
        <ele>3.5</ele>
        <time>2025-05-14T08:29:10.831000Z</time>
      </trkpt>
      <trkpt lat="55.664969" lon="12.562728">
        <ele>3.7</ele>
        <time>2025-05-14T08:29:15.831000Z</time>
      </trkpt>
      <trkpt lat="55.664925" lon="12.562578">
        <ele>4.0</ele>
        <time>2025-05-14T08:29:20.830000Z</time>
      </trkpt>
      <trkpt lat="55.664892" lon="12.562415">
        <ele>4.2</ele>
        <time>2025-05-14T08:29:23.830000Z</time>
      </trkpt>
      <trkpt lat="55.664857" lon="12.562242">
        <ele>4.5</ele>
        <time>2025-05-14T08:29:26.830000Z</time>
      </trkpt>
      <trkpt lat="55.664803" lon="12.562094">
        <ele>4.7</ele>
        <time>2025-05-14T08:29:29.830000Z</time>
      </trkpt>
      <trkpt lat="55.664725" lon="12.56198">
        <ele>5.0</ele>
        <time>2025-05-14T08:29:33.830000Z</time>
      </trkpt>
      <trkpt lat="55.66466" lon="12.561864">
        <ele>5.2</ele>
        <time>2025-05-14T08:29:36.829000Z</time>
      </trkpt>
      <trkpt lat="55.664566" lon="12.561818">
        <ele>5.5</ele>
        <time>2025-05-14T08:29:42.829000Z</time>
      </trkpt>
      <trkpt lat="55.6645" lon="12.561707">
        <ele>5.7</ele>
        <time>2025-05-14T08:29:52.828000Z</time>
      </trkpt>
      <trkpt lat="55.66443" lon="12.561546">
        <ele>6.0</ele>
        <time>2025-05-14T08:29:56.828000Z</time>
      </trkpt>
      <trkpt lat="55.664344" lon="12.561391">
        <ele>6.3</ele>
        <time>2025-05-14T08:30:00.828000Z</time>
      </trkpt>
      <trkpt lat="55.66425" lon="12.561252">
        <ele>6.6</ele>
        <time>2025-05-14T08:30:03.828000Z</time>
      </trkpt>
      <trkpt lat="55.66416" lon="12.561136">
        <ele>6.9</ele>
        <time>2025-05-14T08:30:07.828000Z</time>
      </trkpt>
      <trkpt lat="55.664087" lon="12.56103">
        <ele>7.1</ele>
        <time>2025-05-14T08:30:12.827000Z</time>
      </trkpt>
      <trkpt lat="55.664034" lon="12.560881">
        <ele>7.4</ele>
        <time>2025-05-14T08:30:16.827000Z</time>
      </trkpt>
      <trkpt lat="55.664096" lon="12.560756">
        <ele>7.4</ele>
        <time>2025-05-14T08:30:55.824000Z</time>
      </trkpt>
      <trkpt lat="55.664126" lon="12.560604">
        <ele>7.2</ele>
        <time>2025-05-14T08:31:26.823000Z</time>
      </trkpt>
      <trkpt lat="55.665564" lon="12.563533">
        <ele>4.1</ele>
        <time>2025-05-14T09:33:56Z</time>
      </trkpt>
      <trkpt lat="55.665653" lon="12.563706">
        <ele>4.0</ele>
        <time>2025-05-14T09:33:59Z</time>
      </trkpt>
      <trkpt lat="55.665725" lon="12.563831">
        <ele>3.9</ele>
        <time>2025-05-14T09:34:01Z</time>
      </trkpt>
      <trkpt lat="55.66581" lon="12.563979">
        <ele>3.8</ele>
        <time>2025-05-14T09:34:04Z</time>
      </trkpt>
      <trkpt lat="55.665864" lon="12.564108">
        <ele>3.7</ele>
        <time>2025-05-14T09:34:07Z</time>
      </trkpt>
      <trkpt lat="55.665935" lon="12.56423">
        <ele>3.7</ele>
        <time>2025-05-14T09:34:11Z</time>
      </trkpt>
      <trkpt lat="55.666011" lon="12.564354">
        <ele>3.6</ele>
        <time>2025-05-14T09:34:15Z</time>
      </trkpt>
      <trkpt lat="55.666078" lon="12.564499">
        <ele>3.5</ele>
        <time>2025-05-14T09:34:20Z</time>
      </trkpt>
      <trkpt lat="55.666148" lon="12.56467">
        <ele>3.4</ele>
        <time>2025-05-14T09:34:23Z</time>
      </trkpt>
      <trkpt lat="55.666212" lon="12.564827">
        <ele>3.3</ele>
        <time>2025-05-14T09:34:26Z</time>
      </trkpt>
      <trkpt lat="55.666279" lon="12.565005">
        <ele>3.2</ele>
        <time>2025-05-14T09:34:29Z</time>
      </trkpt>
      <trkpt lat="55.66637" lon="12.565125">
        <ele>3.1</ele>
        <time>2025-05-14T09:34:32Z</time>
      </trkpt>
      <trkpt lat="55.666448" lon="12.565313">
        <ele>3.1</ele>
        <time>2025-05-14T09:34:35Z</time>
      </trkpt>
      <trkpt lat="55.666533" lon="12.565492">
        <ele>3.1</ele>
        <time>2025-05-14T09:34:38Z</time>
      </trkpt>
      <trkpt lat="55.666594" lon="12.56561">
        <ele>3.2</ele>
        <time>2025-05-14T09:34:40Z</time>
      </trkpt>
      <trkpt lat="55.66669" lon="12.565737">
        <ele>3.2</ele>
        <time>2025-05-14T09:34:43Z</time>
      </trkpt>
      <trkpt lat="55.666756" lon="12.565848">
        <ele>3.2</ele>
        <time>2025-05-14T09:34:45Z</time>
      </trkpt>
      <trkpt lat="55.666822" lon="12.565996">
        <ele>3.2</ele>
        <time>2025-05-14T09:34:48Z</time>
      </trkpt>
      <trkpt lat="55.666906" lon="12.56614">
        <ele>3.2</ele>
        <time>2025-05-14T09:34:51Z</time>
      </trkpt>
      <trkpt lat="55.666991" lon="12.566289">
        <ele>3.2</ele>
        <time>2025-05-14T09:34:54Z</time>
      </trkpt>
      <trkpt lat="55.667063" lon="12.566398">
        <ele>3.2</ele>
        <time>2025-05-14T09:34:56Z</time>
      </trkpt>
      <trkpt lat="55.667128" lon="12.566511">
        <ele>3.3</ele>
        <time>2025-05-14T09:34:58.001000Z</time>
      </trkpt>
      <trkpt lat="55.667179" lon="12.566695">
        <ele>3.3</ele>
        <time>2025-05-14T09:35:01.001000Z</time>
      </trkpt>
      <trkpt lat="55.667265" lon="12.56687">
        <ele>3.3</ele>
        <time>2025-05-14T09:35:04.001000Z</time>
      </trkpt>
      <trkpt lat="55.667335" lon="12.567024">
        <ele>3.3</ele>
        <time>2025-05-14T09:35:07.001000Z</time>
      </trkpt>
      <trkpt lat="55.667427" lon="12.567177">
        <ele>3.3</ele>
        <time>2025-05-14T09:35:10.001000Z</time>
      </trkpt>
      <trkpt lat="55.667544" lon="12.567288">
        <ele>3.3</ele>
        <time>2025-05-14T09:35:13.001000Z</time>
      </trkpt>
      <trkpt lat="55.667604" lon="12.567443">
        <ele>3.4</ele>
        <time>2025-05-14T09:35:15.001000Z</time>
      </trkpt>
      <trkpt lat="55.667693" lon="12.567643">
        <ele>3.4</ele>
        <time>2025-05-14T09:35:18.001000Z</time>
      </trkpt>
      <trkpt lat="55.667774" lon="12.567821">
        <ele>3.4</ele>
        <time>2025-05-14T09:35:21.001000Z</time>
      </trkpt>
      <trkpt lat="55.667858" lon="12.567997">
        <ele>3.4</ele>
        <time>2025-05-14T09:35:24.001000Z</time>
      </trkpt>
      <trkpt lat="55.667916" lon="12.568127">
        <ele>3.4</ele>
        <time>2025-05-14T09:35:26.001000Z</time>
      </trkpt>
      <trkpt lat="55.668016" lon="12.56831">
        <ele>3.4</ele>
        <time>2025-05-14T09:35:29.001000Z</time>
      </trkpt>
      <trkpt lat="55.668115" lon="12.568444">
        <ele>3.4</ele>
        <time>2025-05-14T09:35:31.001000Z</time>
      </trkpt>
      <trkpt lat="55.668196" lon="12.568579">
        <ele>3.4</ele>
        <time>2025-05-14T09:35:33.001000Z</time>
      </trkpt>
      <trkpt lat="55.668267" lon="12.568727">
        <ele>3.4</ele>
        <time>2025-05-14T09:35:35.001000Z</time>
      </trkpt>
      <trkpt lat="55.668336" lon="12.568869">
        <ele>3.4</ele>
        <time>2025-05-14T09:35:37.001000Z</time>
      </trkpt>
      <trkpt lat="55.668418" lon="12.569045">
        <ele>3.4</ele>
        <time>2025-05-14T09:35:40.001000Z</time>
      </trkpt>
      <trkpt lat="55.668489" lon="12.569197">
        <ele>3.4</ele>
        <time>2025-05-14T09:35:43.001000Z</time>
      </trkpt>
      <trkpt lat="55.668546" lon="12.569368">
        <ele>3.4</ele>
        <time>2025-05-14T09:35:46.001000Z</time>
      </trkpt>
      <trkpt lat="55.668619" lon="12.569539">
        <ele>3.4</ele>
        <time>2025-05-14T09:35:49.001000Z</time>
      </trkpt>
      <trkpt lat="55.668663" lon="12.569725">
        <ele>3.4</ele>
        <time>2025-05-14T09:35:53.001000Z</time>
      </trkpt>
      <trkpt lat="55.668725" lon="12.569861">
        <ele>3.4</ele>
        <time>2025-05-14T09:35:55.001000Z</time>
      </trkpt>
      <trkpt lat="55.668784" lon="12.570007">
        <ele>3.4</ele>
        <time>2025-05-14T09:35:58.001000Z</time>
      </trkpt>
      <trkpt lat="55.668849" lon="12.570143">
        <ele>3.4</ele>
        <time>2025-05-14T09:36:01.001000Z</time>
      </trkpt>
      <trkpt lat="55.668957" lon="12.570263">
        <ele>3.4</ele>
        <time>2025-05-14T09:36:04.001000Z</time>
      </trkpt>
      <trkpt lat="55.669035" lon="12.570368">
        <ele>3.5</ele>
        <time>2025-05-14T09:36:07.001000Z</time>
      </trkpt>
      <trkpt lat="55.669125" lon="12.570326">
        <ele>3.5</ele>
        <time>2025-05-14T09:36:14.001000Z</time>
      </trkpt>
      <trkpt lat="55.669217" lon="12.570318">
        <ele>3.5</ele>
        <time>2025-05-14T09:36:23.001000Z</time>
      </trkpt>
      <trkpt lat="55.669288" lon="12.57018">
        <ele>3.5</ele>
        <time>2025-05-14T09:36:28.001000Z</time>
      </trkpt>
      <trkpt lat="55.669376" lon="12.569927">
        <ele>3.5</ele>
        <time>2025-05-14T09:36:43.001000Z</time>
      </trkpt>
      <trkpt lat="55.669554" lon="12.569811">
        <ele>3.6</ele>
        <time>2025-05-14T09:37:02.001000Z</time>
      </trkpt>
      <trkpt lat="55.669713" lon="12.570362">
        <ele>3.6</ele>
        <time>2025-05-14T09:37:55.001000Z</time>
      </trkpt>
      <trkpt lat="55.669778" lon="12.570523">
        <ele>3.6</ele>
        <time>2025-05-14T09:38:01.001000Z</time>
      </trkpt>
      <trkpt lat="55.669843" lon="12.570657">
        <ele>3.6</ele>
        <time>2025-05-14T09:38:06.001000Z</time>
      </trkpt>
      <trkpt lat="55.669897" lon="12.570826">
        <ele>3.7</ele>
        <time>2025-05-14T09:38:13.001000Z</time>
      </trkpt>
      <trkpt lat="55.669936" lon="12.570977">
        <ele>3.7</ele>
        <time>2025-05-14T09:38:17.002000Z</time>
      </trkpt>
      <trkpt lat="55.669982" lon="12.571122">
        <ele>3.7</ele>
        <time>2025-05-14T09:38:26.002000Z</time>
      </trkpt>
      <trkpt lat="55.670076" lon="12.571026">
        <ele>3.7</ele>
        <time>2025-05-14T09:38:29.002000Z</time>
      </trkpt>
      <trkpt lat="55.670178" lon="12.570931">
        <ele>3.7</ele>
        <time>2025-05-14T09:38:32.002000Z</time>
      </trkpt>
      <trkpt lat="55.67029" lon="12.570958">
        <ele>3.8</ele>
        <time>2025-05-14T09:38:36.002000Z</time>
      </trkpt>
      <trkpt lat="55.670383" lon="12.571009">
        <ele>3.8</ele>
        <time>2025-05-14T09:38:40.002000Z</time>
      </trkpt>
      <trkpt lat="55.670481" lon="12.571039">
        <ele>3.8</ele>
        <time>2025-05-14T09:38:43.002000Z</time>
      </trkpt>
      <trkpt lat="55.670585" lon="12.57107">
        <ele>3.8</ele>
        <time>2025-05-14T09:38:46.002000Z</time>
      </trkpt>
      <trkpt lat="55.670718" lon="12.57111">
        <ele>3.8</ele>
        <time>2025-05-14T09:38:49.002000Z</time>
      </trkpt>
      <trkpt lat="55.670852" lon="12.571241">
        <ele>3.9</ele>
        <time>2025-05-14T09:38:51.002000Z</time>
      </trkpt>
      <trkpt lat="55.670938" lon="12.571338">
        <ele>3.9</ele>
        <time>2025-05-14T09:38:52.002000Z</time>
      </trkpt>
      <trkpt lat="55.671017" lon="12.571416">
        <ele>3.9</ele>
        <time>2025-05-14T09:38:54.002000Z</time>
      </trkpt>
      <trkpt lat="55.671105" lon="12.571462">
        <ele>3.9</ele>
        <time>2025-05-14T09:38:57.002000Z</time>
      </trkpt>
      <trkpt lat="55.671194" lon="12.571526">
        <ele>4.0</ele>
        <time>2025-05-14T09:39:00.002000Z</time>
      </trkpt>
      <trkpt lat="55.671277" lon="12.571612">
        <ele>4.0</ele>
        <time>2025-05-14T09:39:03.002000Z</time>
      </trkpt>
      <trkpt lat="55.671361" lon="12.571711">
        <ele>4.0</ele>
        <time>2025-05-14T09:39:06.002000Z</time>
      </trkpt>
      <trkpt lat="55.67141" lon="12.571864">
        <ele>4.0</ele>
        <time>2025-05-14T09:39:10.002000Z</time>
      </trkpt>
      <trkpt lat="55.671487" lon="12.571975">
        <ele>4.0</ele>
        <time>2025-05-14T09:39:14.002000Z</time>
      </trkpt>
      <trkpt lat="55.671578" lon="12.572073">
        <ele>4.0</ele>
        <time>2025-05-14T09:39:17.002000Z</time>
      </trkpt>
      <trkpt lat="55.671658" lon="12.572164">
        <ele>4.0</ele>
        <time>2025-05-14T09:39:20.002000Z</time>
      </trkpt>
      <trkpt lat="55.671753" lon="12.572299">
        <ele>4.0</ele>
        <time>2025-05-14T09:39:24.002000Z</time>
      </trkpt>
      <trkpt lat="55.671836" lon="12.572406">
        <ele>4.0</ele>
        <time>2025-05-14T09:39:28.002000Z</time>
      </trkpt>
      <trkpt lat="55.671919" lon="12.572473">
        <ele>4.0</ele>
        <time>2025-05-14T09:39:32.002000Z</time>
      </trkpt>
      <trkpt lat="55.672013" lon="12.572519">
        <ele>4.0</ele>
        <time>2025-05-14T09:39:35.002000Z</time>
      </trkpt>
      <trkpt lat="55.672097" lon="12.572614">
        <ele>4.0</ele>
        <time>2025-05-14T09:39:38.002000Z</time>
      </trkpt>
      <trkpt lat="55.672193" lon="12.572717">
        <ele>4.0</ele>
        <time>2025-05-14T09:39:42.002000Z</time>
      </trkpt>
      <trkpt lat="55.672283" lon="12.572819">
        <ele>4.0</ele>
        <time>2025-05-14T09:39:46.002000Z</time>
      </trkpt>
      <trkpt lat="55.672331" lon="12.572966">
        <ele>4.0</ele>
        <time>2025-05-14T09:39:50.002000Z</time>
      </trkpt>
      <trkpt lat="55.67242" lon="12.573079">
        <ele>4.0</ele>
        <time>2025-05-14T09:39:54.002000Z</time>
      </trkpt>
      <trkpt lat="55.67249" lon="12.573182">
        <ele>4.0</ele>
        <time>2025-05-14T09:39:57.002000Z</time>
      </trkpt>
      <trkpt lat="55.672564" lon="12.573319">
        <ele>4.0</ele>
        <time>2025-05-14T09:40:02.002000Z</time>
      </trkpt>
      <trkpt lat="55.672627" lon="12.573482">
        <ele>4.0</ele>
        <time>2025-05-14T09:40:07.002000Z</time>
      </trkpt>
      <trkpt lat="55.672597" lon="12.573644">
        <ele>3.9</ele>
        <time>2025-05-14T09:40:14.002000Z</time>
      </trkpt>
      <trkpt lat="55.672706" lon="12.57401">
        <ele>3.9</ele>
        <time>2025-05-14T09:41:07.002000Z</time>
      </trkpt>
      <trkpt lat="55.67278" lon="12.574101">
        <ele>3.9</ele>
        <time>2025-05-14T09:41:12.002000Z</time>
      </trkpt>
      <trkpt lat="55.672881" lon="12.574156">
        <ele>3.9</ele>
        <time>2025-05-14T09:41:16.002000Z</time>
      </trkpt>
      <trkpt lat="55.672938" lon="12.574283">
        <ele>4.0</ele>
        <time>2025-05-14T09:41:19.002000Z</time>
      </trkpt>
      <trkpt lat="55.673025" lon="12.574415">
        <ele>4.0</ele>
        <time>2025-05-14T09:41:23.002000Z</time>
      </trkpt>
      <trkpt lat="55.673116" lon="12.574532">
        <ele>4.0</ele>
        <time>2025-05-14T09:41:26.002000Z</time>
      </trkpt>
      <trkpt lat="55.673191" lon="12.574664">
        <ele>4.0</ele>
        <time>2025-05-14T09:41:29.002000Z</time>
      </trkpt>
      <trkpt lat="55.673261" lon="12.574805">
        <ele>4.0</ele>
        <time>2025-05-14T09:41:33.002000Z</time>
      </trkpt>
      <trkpt lat="55.673325" lon="12.574917">
        <ele>4.0</ele>
        <time>2025-05-14T09:41:43.002000Z</time>
      </trkpt>
      <trkpt lat="55.673623" lon="12.575058">
        <ele>4.0</ele>
        <time>2025-05-14T09:43:28.003000Z</time>
      </trkpt>
      <trkpt lat="55.673683" lon="12.574918">
        <ele>4.1</ele>
        <time>2025-05-14T09:43:34.003000Z</time>
      </trkpt>
      <trkpt lat="55.673711" lon="12.57472">
        <ele>4.1</ele>
        <time>2025-05-14T09:43:38.003000Z</time>
      </trkpt>
      <trkpt lat="55.673746" lon="12.574559">
        <ele>4.1</ele>
        <time>2025-05-14T09:43:42.003000Z</time>
      </trkpt>
      <trkpt lat="55.673796" lon="12.574413">
        <ele>4.1</ele>
        <time>2025-05-14T09:43:47.003000Z</time>
      </trkpt>
      <trkpt lat="55.673891" lon="12.57437">
        <ele>4.1</ele>
        <time>2025-05-14T09:43:52.003000Z</time>
      </trkpt>
      <trkpt lat="55.673938" lon="12.574232">
        <ele>4.1</ele>
        <time>2025-05-14T09:43:57.003000Z</time>
      </trkpt>
      <trkpt lat="55.673953" lon="12.574002">
        <ele>4.1</ele>
        <time>2025-05-14T09:44:01.003000Z</time>
      </trkpt>
      <trkpt lat="55.673863" lon="12.573879">
        <ele>4.3</ele>
        <time>2025-05-14T09:44:11.003000Z</time>
      </trkpt>
      <trkpt lat="55.673771" lon="12.573812">
        <ele>4.4</ele>
        <time>2025-05-14T09:44:14.003000Z</time>
      </trkpt>
      <trkpt lat="55.673698" lon="12.573698">
        <ele>4.5</ele>
        <time>2025-05-14T09:44:18.003000Z</time>
      </trkpt>
      <trkpt lat="55.673991" lon="12.574325">
        <ele>5.0</ele>
        <time>2025-05-14T09:47:27.004000Z</time>
      </trkpt>
      <trkpt lat="55.674071" lon="12.574441">
        <ele>5.1</ele>
        <time>2025-05-14T09:47:32.004000Z</time>
      </trkpt>
      <trkpt lat="55.674145" lon="12.574582">
        <ele>5.3</ele>
        <time>2025-05-14T09:47:37.004000Z</time>
      </trkpt>
      <trkpt lat="55.674198" lon="12.574728">
        <ele>5.4</ele>
        <time>2025-05-14T09:47:41.004000Z</time>
      </trkpt>
      <trkpt lat="55.674252" lon="12.574888">
        <ele>5.5</ele>
        <time>2025-05-14T09:47:45.004000Z</time>
      </trkpt>
      <trkpt lat="55.674317" lon="12.575046">
        <ele>5.6</ele>
        <time>2025-05-14T09:47:50.004000Z</time>
      </trkpt>
      <trkpt lat="55.674394" lon="12.575204">
        <ele>5.8</ele>
        <time>2025-05-14T09:47:55.004000Z</time>
      </trkpt>
      <trkpt lat="55.674452" lon="12.57535">
        <ele>5.9</ele>
        <time>2025-05-14T09:47:59.004000Z</time>
      </trkpt>
      <trkpt lat="55.674522" lon="12.575507">
        <ele>6.0</ele>
        <time>2025-05-14T09:48:03.004000Z</time>
      </trkpt>
      <trkpt lat="55.674588" lon="12.575675">
        <ele>6.1</ele>
        <time>2025-05-14T09:48:07.004000Z</time>
      </trkpt>
      <trkpt lat="55.674653" lon="12.575836">
        <ele>6.1</ele>
        <time>2025-05-14T09:48:11.004000Z</time>
      </trkpt>
      <trkpt lat="55.674706" lon="12.575988">
        <ele>6.1</ele>
        <time>2025-05-14T09:48:15.004000Z</time>
      </trkpt>
      <trkpt lat="55.674742" lon="12.576151">
        <ele>6.0</ele>
        <time>2025-05-14T09:48:19.004000Z</time>
      </trkpt>
      <trkpt lat="55.674794" lon="12.576281">
        <ele>6.0</ele>
        <time>2025-05-14T09:48:23.004000Z</time>
      </trkpt>
      <trkpt lat="55.674823" lon="12.576449">
        <ele>5.9</ele>
        <time>2025-05-14T09:48:29.004000Z</time>
      </trkpt>
      <trkpt lat="55.674865" lon="12.576596">
        <ele>5.8</ele>
        <time>2025-05-14T09:48:34.004000Z</time>
      </trkpt>
      <trkpt lat="55.674946" lon="12.576951">
        <ele>5.7</ele>
        <time>2025-05-14T09:49:57.005000Z</time>
      </trkpt>
      <trkpt lat="55.674902" lon="12.576805">
        <ele>5.6</ele>
        <time>2025-05-14T09:50:12.005000Z</time>
      </trkpt>
      <trkpt lat="55.675033" lon="12.577111">
        <ele>5.5</ele>
        <time>2025-05-14T09:52:04.006000Z</time>
      </trkpt>
      <trkpt lat="55.675074" lon="12.577272">
        <ele>5.4</ele>
        <time>2025-05-14T09:52:11.006000Z</time>
      </trkpt>
      <trkpt lat="55.675071" lon="12.577433">
        <ele>5.4</ele>
        <time>2025-05-14T09:52:17.006000Z</time>
      </trkpt>
      <trkpt lat="55.674889" lon="12.577675">
        <ele>5.2</ele>
        <time>2025-05-14T09:57:05.006000Z</time>
      </trkpt>
      <trkpt lat="55.67483" lon="12.577804">
        <ele>5.2</ele>
        <time>2025-05-14T09:57:12.006000Z</time>
      </trkpt>
      <trkpt lat="55.674845" lon="12.577996">
        <ele>5.1</ele>
        <time>2025-05-14T09:57:23.006000Z</time>
      </trkpt>
      <trkpt lat="55.674886" lon="12.578153">
        <ele>5.1</ele>
        <time>2025-05-14T09:57:27.006000Z</time>
      </trkpt>
      <trkpt lat="55.674947" lon="12.578321">
        <ele>5.1</ele>
        <time>2025-05-14T09:57:31.006000Z</time>
      </trkpt>
      <trkpt lat="55.674996" lon="12.578482">
        <ele>5.1</ele>
        <time>2025-05-14T09:57:36.006000Z</time>
      </trkpt>
      <trkpt lat="55.675048" lon="12.578657">
        <ele>5.1</ele>
        <time>2025-05-14T09:57:41.006000Z</time>
      </trkpt>
      <trkpt lat="55.675108" lon="12.578808">
        <ele>5.1</ele>
        <time>2025-05-14T09:57:46.006000Z</time>
      </trkpt>
      <trkpt lat="55.675127" lon="12.578993">
        <ele>5.1</ele>
        <time>2025-05-14T09:57:52.007000Z</time>
      </trkpt>
      <trkpt lat="55.675178" lon="12.579142">
        <ele>5.1</ele>
        <time>2025-05-14T09:57:57.007000Z</time>
      </trkpt>
      <trkpt lat="55.675252" lon="12.579272">
        <ele>5.1</ele>
        <time>2025-05-14T09:58:02.007000Z</time>
      </trkpt>
      <trkpt lat="55.675263" lon="12.579449">
        <ele>5.1</ele>
        <time>2025-05-14T09:58:10.007000Z</time>
      </trkpt>
      <trkpt lat="55.675276" lon="12.579622">
        <ele>5.0</ele>
        <time>2025-05-14T09:58:16.007000Z</time>
      </trkpt>
      <trkpt lat="55.675315" lon="12.579796">
        <ele>5.0</ele>
        <time>2025-05-14T09:58:20.007000Z</time>
      </trkpt>
      <trkpt lat="55.675291" lon="12.579982">
        <ele>5.0</ele>
        <time>2025-05-14T09:58:34.007000Z</time>
      </trkpt>
      <trkpt lat="55.67535" lon="12.580142">
        <ele>5.0</ele>
        <time>2025-05-14T09:58:44.007000Z</time>
      </trkpt>
      <trkpt lat="55.675441" lon="12.580247">
        <ele>5.0</ele>
        <time>2025-05-14T09:58:48.007000Z</time>
      </trkpt>
      <trkpt lat="55.675489" lon="12.580391">
        <ele>5.0</ele>
        <time>2025-05-14T09:58:51.007000Z</time>
      </trkpt>
      <trkpt lat="55.675553" lon="12.580547">
        <ele>5.0</ele>
        <time>2025-05-14T09:59:00.007000Z</time>
      </trkpt>
      <trkpt lat="55.675608" lon="12.580683">
        <ele>5.0</ele>
        <time>2025-05-14T09:59:05.007000Z</time>
      </trkpt>
      <trkpt lat="55.675638" lon="12.580887">
        <ele>5.0</ele>
        <time>2025-05-14T09:59:09.007000Z</time>
      </trkpt>
      <trkpt lat="55.675686" lon="12.581025">
        <ele>5.0</ele>
        <time>2025-05-14T09:59:13.008000Z</time>
      </trkpt>
      <trkpt lat="55.675742" lon="12.581181">
        <ele>4.9</ele>
        <time>2025-05-14T09:59:19.008000Z</time>
      </trkpt>
      <trkpt lat="55.675784" lon="12.581332">
        <ele>4.9</ele>
        <time>2025-05-14T09:59:23.008000Z</time>
      </trkpt>
      <trkpt lat="55.675806" lon="12.581488">
        <ele>4.8</ele>
        <time>2025-05-14T09:59:27.008000Z</time>
      </trkpt>
      <trkpt lat="55.675856" lon="12.581625">
        <ele>4.8</ele>
        <time>2025-05-14T09:59:31.008000Z</time>
      </trkpt>
      <trkpt lat="55.675934" lon="12.581724">
        <ele>4.7</ele>
        <time>2025-05-14T09:59:40.008000Z</time>
      </trkpt>
      <trkpt lat="55.676022" lon="12.581671">
        <ele>4.7</ele>
        <time>2025-05-14T09:59:47.008000Z</time>
      </trkpt>
      <trkpt lat="55.67612" lon="12.581648">
        <ele>4.6</ele>
        <time>2025-05-14T09:59:55.008000Z</time>
      </trkpt>
      <trkpt lat="55.676219" lon="12.58171">
        <ele>4.6</ele>
        <time>2025-05-14T10:00:04.006000Z</time>
      </trkpt>
      <trkpt lat="55.676534" lon="12.581951">
        <ele>4.4</ele>
        <time>2025-05-14T10:03:05.008000Z</time>
      </trkpt>
      <trkpt lat="55.676634" lon="12.5821">
        <ele>4.3</ele>
        <time>2025-05-14T10:03:19.008000Z</time>
      </trkpt>
      <trkpt lat="55.677029" lon="12.581245">
        <ele>4.1</ele>
        <time>2025-05-14T10:04:31.008000Z</time>
      </trkpt>
      <trkpt lat="55.677123" lon="12.581157">
        <ele>4.2</ele>
        <time>2025-05-14T10:04:36.008000Z</time>
      </trkpt>
      <trkpt lat="55.677212" lon="12.581041">
        <ele>4.2</ele>
        <time>2025-05-14T10:04:40.008000Z</time>
      </trkpt>
      <trkpt lat="55.677291" lon="12.58091">
        <ele>4.3</ele>
        <time>2025-05-14T10:04:45.008000Z</time>
      </trkpt>
      <trkpt lat="55.677324" lon="12.580747">
        <ele>4.3</ele>
        <time>2025-05-14T10:04:49.008000Z</time>
      </trkpt>
      <trkpt lat="55.677418" lon="12.580636">
        <ele>4.4</ele>
        <time>2025-05-14T10:04:54.008000Z</time>
      </trkpt>
      <trkpt lat="55.677477" lon="12.580473">
        <ele>4.4</ele>
        <time>2025-05-14T10:05:00.008000Z</time>
      </trkpt>
      <trkpt lat="55.677559" lon="12.580371">
        <ele>4.4</ele>
        <time>2025-05-14T10:05:06.008000Z</time>
      </trkpt>
      <trkpt lat="55.677653" lon="12.580427">
        <ele>4.5</ele>
        <time>2025-05-14T10:05:12.008000Z</time>
      </trkpt>
      <trkpt lat="55.67773" lon="12.580518">
        <ele>4.5</ele>
        <time>2025-05-14T10:05:19.008000Z</time>
      </trkpt>
      <trkpt lat="55.677813" lon="12.58064">
        <ele>4.6</ele>
        <time>2025-05-14T10:05:23.008000Z</time>
      </trkpt>
      <trkpt lat="55.677878" lon="12.580762">
        <ele>4.6</ele>
        <time>2025-05-14T10:05:26.008000Z</time>
      </trkpt>
      <trkpt lat="55.677932" lon="12.580901">
        <ele>4.6</ele>
        <time>2025-05-14T10:05:29.008000Z</time>
      </trkpt>
      <trkpt lat="55.677996" lon="12.581063">
        <ele>4.7</ele>
        <time>2025-05-14T10:05:33.008000Z</time>
      </trkpt>
      <trkpt lat="55.678075" lon="12.581194">
        <ele>4.7</ele>
        <time>2025-05-14T10:05:37.008000Z</time>
      </trkpt>
      <trkpt lat="55.678155" lon="12.581282">
        <ele>4.8</ele>
        <time>2025-05-14T10:05:42.008000Z</time>
      </trkpt>
      <trkpt lat="55.678252" lon="12.581321">
        <ele>4.8</ele>
        <time>2025-05-14T10:05:48.008000Z</time>
      </trkpt>
      <trkpt lat="55.678287" lon="12.581474">
        <ele>5.0</ele>
        <time>2025-05-14T10:05:57.008000Z</time>
      </trkpt>
      <trkpt lat="55.678424" lon="12.582053">
        <ele>5.6</ele>
        <time>2025-05-14T10:09:03.008000Z</time>
      </trkpt>
      <trkpt lat="55.678444" lon="12.582226">
        <ele>5.8</ele>
        <time>2025-05-14T10:09:07.008000Z</time>
      </trkpt>
      <trkpt lat="55.678472" lon="12.582424">
        <ele>6.0</ele>
        <time>2025-05-14T10:09:12.008000Z</time>
      </trkpt>
      <trkpt lat="55.678481" lon="12.582623">
        <ele>6.2</ele>
        <time>2025-05-14T10:09:16.008000Z</time>
      </trkpt>
      <trkpt lat="55.678529" lon="12.582775">
        <ele>6.4</ele>
        <time>2025-05-14T10:09:20.009000Z</time>
      </trkpt>
      <trkpt lat="55.67858" lon="12.582928">
        <ele>6.6</ele>
        <time>2025-05-14T10:09:25.009000Z</time>
      </trkpt>
      <trkpt lat="55.678309" lon="12.583428">
        <ele>7.3</ele>
        <time>2025-05-14T10:10:28.009000Z</time>
      </trkpt>
      <trkpt lat="55.678238" lon="12.583528">
        <ele>7.5</ele>
        <time>2025-05-14T10:10:32.009000Z</time>
      </trkpt>
      <trkpt lat="55.678157" lon="12.583612">
        <ele>7.6</ele>
        <time>2025-05-14T10:10:37.009000Z</time>
      </trkpt>
      <trkpt lat="55.67808" lon="12.583768">
        <ele>7.9</ele>
        <time>2025-05-14T10:10:42.009000Z</time>
      </trkpt>
      <trkpt lat="55.677978" lon="12.583852">
        <ele>8.1</ele>
        <time>2025-05-14T10:10:46.009000Z</time>
      </trkpt>
      <trkpt lat="55.67789" lon="12.583915">
        <ele>8.0</ele>
        <time>2025-05-14T10:10:48.009000Z</time>
      </trkpt>
      <trkpt lat="55.677803" lon="12.584049">
        <ele>7.7</ele>
        <time>2025-05-14T10:10:52.009000Z</time>
      </trkpt>
      <trkpt lat="55.677718" lon="12.58416">
        <ele>7.5</ele>
        <time>2025-05-14T10:10:55.009000Z</time>
      </trkpt>
      <trkpt lat="55.677636" lon="12.584272">
        <ele>7.2</ele>
        <time>2025-05-14T10:10:59.009000Z</time>
      </trkpt>
      <trkpt lat="55.677256" lon="12.584317">
        <ele>6.4</ele>
        <time>2025-05-14T10:11:50.009000Z</time>
      </trkpt>
      <trkpt lat="55.677155" lon="12.584379">
        <ele>6.2</ele>
        <time>2025-05-14T10:11:55.009000Z</time>
      </trkpt>
      <trkpt lat="55.67706" lon="12.584423">
        <ele>5.9</ele>
        <time>2025-05-14T10:11:58.009000Z</time>
      </trkpt>
      <trkpt lat="55.676955" lon="12.584453">
        <ele>5.7</ele>
        <time>2025-05-14T10:12:01.009000Z</time>
      </trkpt>
      <trkpt lat="55.676862" lon="12.584459">
        <ele>5.5</ele>
        <time>2025-05-14T10:12:03.009000Z</time>
      </trkpt>
      <trkpt lat="55.676734" lon="12.584479">
        <ele>5.2</ele>
        <time>2025-05-14T10:12:06.009000Z</time>
      </trkpt>
      <trkpt lat="55.6766" lon="12.584502">
        <ele>4.9</ele>
        <time>2025-05-14T10:12:09.009000Z</time>
      </trkpt>
      <trkpt lat="55.676471" lon="12.584526">
        <ele>4.6</ele>
        <time>2025-05-14T10:12:12.009000Z</time>
      </trkpt>
      <trkpt lat="55.676341" lon="12.584551">
        <ele>4.3</ele>
        <time>2025-05-14T10:12:15.009000Z</time>
      </trkpt>
      <trkpt lat="55.67622" lon="12.584556">
        <ele>4.1</ele>
        <time>2025-05-14T10:12:18.009000Z</time>
      </trkpt>
      <trkpt lat="55.676113" lon="12.584562">
        <ele>4.1</ele>
        <time>2025-05-14T10:12:21.009000Z</time>
      </trkpt>
      <trkpt lat="55.676009" lon="12.584578">
        <ele>4.1</ele>
        <time>2025-05-14T10:12:24.009000Z</time>
      </trkpt>
      <trkpt lat="55.675898" lon="12.584595">
        <ele>4.1</ele>
        <time>2025-05-14T10:12:27.009000Z</time>
      </trkpt>
      <trkpt lat="55.675781" lon="12.584613">
        <ele>4.1</ele>
        <time>2025-05-14T10:12:30.009000Z</time>
      </trkpt>
      <trkpt lat="55.675668" lon="12.584633">
        <ele>4.1</ele>
        <time>2025-05-14T10:12:33.009000Z</time>
      </trkpt>
      <trkpt lat="55.675581" lon="12.584716">
        <ele>4.2</ele>
        <time>2025-05-14T10:12:36.009000Z</time>
      </trkpt>
      <trkpt lat="55.675535" lon="12.584897">
        <ele>4.2</ele>
        <time>2025-05-14T10:12:39.009000Z</time>
      </trkpt>
      <trkpt lat="55.675481" lon="12.585075">
        <ele>4.2</ele>
        <time>2025-05-14T10:12:42.008000Z</time>
      </trkpt>
      <trkpt lat="55.675444" lon="12.58526">
        <ele>4.2</ele>
        <time>2025-05-14T10:12:45.009000Z</time>
      </trkpt>
      <trkpt lat="55.675399" lon="12.585421">
        <ele>4.2</ele>
        <time>2025-05-14T10:12:48.009000Z</time>
      </trkpt>
      <trkpt lat="55.675356" lon="12.585615">
        <ele>4.2</ele>
        <time>2025-05-14T10:12:52.009000Z</time>
      </trkpt>
      <trkpt lat="55.675303" lon="12.58579">
        <ele>4.2</ele>
        <time>2025-05-14T10:12:56.009000Z</time>
      </trkpt>
      <trkpt lat="55.675259" lon="12.585977">
        <ele>4.2</ele>
        <time>2025-05-14T10:13:00.009000Z</time>
      </trkpt>
      <trkpt lat="55.675209" lon="12.586161">
        <ele>4.2</ele>
        <time>2025-05-14T10:13:04.009000Z</time>
      </trkpt>
      <trkpt lat="55.675163" lon="12.586353">
        <ele>4.2</ele>
        <time>2025-05-14T10:13:08.009000Z</time>
      </trkpt>
      <trkpt lat="55.675088" lon="12.586494">
        <ele>4.2</ele>
        <time>2025-05-14T10:13:13.009000Z</time>
      </trkpt>
      <trkpt lat="55.674999" lon="12.58661">
        <ele>4.2</ele>
        <time>2025-05-14T10:13:17.009000Z</time>
      </trkpt>
      <trkpt lat="55.674921" lon="12.586733">
        <ele>4.1</ele>
        <time>2025-05-14T10:13:21.009000Z</time>
      </trkpt>
      <trkpt lat="55.674841" lon="12.586842">
        <ele>4.1</ele>
        <time>2025-05-14T10:13:25.009000Z</time>
      </trkpt>
      <trkpt lat="55.674775" lon="12.586969">
        <ele>4.1</ele>
        <time>2025-05-14T10:13:29.009000Z</time>
      </trkpt>
      <trkpt lat="55.674704" lon="12.587105">
        <ele>4.1</ele>
        <time>2025-05-14T10:13:33.009000Z</time>
      </trkpt>
      <trkpt lat="55.674626" lon="12.587237">
        <ele>4.0</ele>
        <time>2025-05-14T10:13:37.009000Z</time>
      </trkpt>
      <trkpt lat="55.674543" lon="12.587362">
        <ele>4.0</ele>
        <time>2025-05-14T10:13:41.009000Z</time>
      </trkpt>
      <trkpt lat="55.674472" lon="12.587468">
        <ele>4.0</ele>
        <time>2025-05-14T10:13:45.009000Z</time>
      </trkpt>
      <trkpt lat="55.674379" lon="12.587619">
        <ele>3.9</ele>
        <time>2025-05-14T10:13:49.009000Z</time>
      </trkpt>
      <trkpt lat="55.674312" lon="12.58775">
        <ele>3.9</ele>
        <time>2025-05-14T10:13:52.010000Z</time>
      </trkpt>
      <trkpt lat="55.674233" lon="12.587882">
        <ele>3.9</ele>
        <time>2025-05-14T10:13:55.010000Z</time>
      </trkpt>
      <trkpt lat="55.674136" lon="12.588035">
        <ele>3.9</ele>
        <time>2025-05-14T10:13:58.010000Z</time>
      </trkpt>
      <trkpt lat="55.674049" lon="12.588196">
        <ele>3.8</ele>
        <time>2025-05-14T10:14:01.010000Z</time>
      </trkpt>
      <trkpt lat="55.673957" lon="12.588369">
        <ele>3.8</ele>
        <time>2025-05-14T10:14:04.010000Z</time>
      </trkpt>
      <trkpt lat="55.673886" lon="12.58854">
        <ele>3.8</ele>
        <time>2025-05-14T10:14:07.010000Z</time>
      </trkpt>
      <trkpt lat="55.673827" lon="12.58871">
        <ele>3.7</ele>
        <time>2025-05-14T10:14:10.010000Z</time>
      </trkpt>
      <trkpt lat="55.673763" lon="12.588852">
        <ele>3.8</ele>
        <time>2025-05-14T10:14:13.010000Z</time>
      </trkpt>
      <trkpt lat="55.67367" lon="12.588979">
        <ele>3.8</ele>
        <time>2025-05-14T10:14:17.010000Z</time>
      </trkpt>
      <trkpt lat="55.673788" lon="12.589492">
        <ele>3.9</ele>
        <time>2025-05-14T10:15:03.009000Z</time>
      </trkpt>
      <trkpt lat="55.673841" lon="12.589621">
        <ele>3.9</ele>
        <time>2025-05-14T10:15:06.009000Z</time>
      </trkpt>
      <trkpt lat="55.673922" lon="12.589742">
        <ele>3.9</ele>
        <time>2025-05-14T10:15:09.009000Z</time>
      </trkpt>
      <trkpt lat="55.673992" lon="12.589871">
        <ele>4.0</ele>
        <time>2025-05-14T10:15:12.009000Z</time>
      </trkpt>
      <trkpt lat="55.674063" lon="12.589977">
        <ele>4.0</ele>
        <time>2025-05-14T10:15:15.009000Z</time>
      </trkpt>
      <trkpt lat="55.674163" lon="12.590102">
        <ele>4.0</ele>
        <time>2025-05-14T10:15:19.009000Z</time>
      </trkpt>
      <trkpt lat="55.674239" lon="12.590211">
        <ele>4.0</ele>
        <time>2025-05-14T10:15:22.009000Z</time>
      </trkpt>
      <trkpt lat="55.674301" lon="12.590333">
        <ele>4.1</ele>
        <time>2025-05-14T10:15:25.009000Z</time>
      </trkpt>
      <trkpt lat="55.674378" lon="12.590431">
        <ele>4.1</ele>
        <time>2025-05-14T10:15:28.009000Z</time>
      </trkpt>
      <trkpt lat="55.67447" lon="12.590543">
        <ele>4.1</ele>
        <time>2025-05-14T10:15:31.009000Z</time>
      </trkpt>
      <trkpt lat="55.674542" lon="12.590679">
        <ele>4.2</ele>
        <time>2025-05-14T10:15:35.009000Z</time>
      </trkpt>
      <trkpt lat="55.674622" lon="12.590771">
        <ele>4.2</ele>
        <time>2025-05-14T10:15:38.009000Z</time>
      </trkpt>
      <trkpt lat="55.674694" lon="12.590873">
        <ele>4.2</ele>
        <time>2025-05-14T10:15:41.010000Z</time>
      </trkpt>
      <trkpt lat="55.674789" lon="12.591003">
        <ele>4.4</ele>
        <time>2025-05-14T10:15:45.010000Z</time>
      </trkpt>
      <trkpt lat="55.674868" lon="12.591113">
        <ele>4.7</ele>
        <time>2025-05-14T10:15:48.010000Z</time>
      </trkpt>
      <trkpt lat="55.674951" lon="12.591217">
        <ele>5.1</ele>
        <time>2025-05-14T10:15:51.010000Z</time>
      </trkpt>
      <trkpt lat="55.675048" lon="12.591339">
        <ele>5.5</ele>
        <time>2025-05-14T10:15:55.010000Z</time>
      </trkpt>
      <trkpt lat="55.675126" lon="12.59147">
        <ele>5.9</ele>
        <time>2025-05-14T10:15:59.010000Z</time>
      </trkpt>
      <trkpt lat="55.67521" lon="12.591613">
        <ele>6.3</ele>
        <time>2025-05-14T10:16:03.010000Z</time>
      </trkpt>
      <trkpt lat="55.675287" lon="12.59171">
        <ele>6.7</ele>
        <time>2025-05-14T10:16:06.010000Z</time>
      </trkpt>
      <trkpt lat="55.675359" lon="12.591851">
        <ele>7.1</ele>
        <time>2025-05-14T10:16:09.010000Z</time>
      </trkpt>
      <trkpt lat="55.675455" lon="12.591976">
        <ele>7.5</ele>
        <time>2025-05-14T10:16:13.010000Z</time>
      </trkpt>
      <trkpt lat="55.675527" lon="12.59207">
        <ele>7.8</ele>
        <time>2025-05-14T10:16:16.010000Z</time>
      </trkpt>
      <trkpt lat="55.675604" lon="12.592211">
        <ele>8.2</ele>
        <time>2025-05-14T10:16:20.010000Z</time>
      </trkpt>
      <trkpt lat="55.67569" lon="12.59234">
        <ele>8.6</ele>
        <time>2025-05-14T10:16:24.010000Z</time>
      </trkpt>
      <trkpt lat="55.675729" lon="12.592498">
        <ele>8.9</ele>
        <time>2025-05-14T10:16:29.010000Z</time>
      </trkpt>
      <trkpt lat="55.675806" lon="12.592654">
        <ele>9.4</ele>
        <time>2025-05-14T10:16:34.010000Z</time>
      </trkpt>
      <trkpt lat="55.675862" lon="12.592813">
        <ele>9.7</ele>
        <time>2025-05-14T10:16:38.010000Z</time>
      </trkpt>
      <trkpt lat="55.675948" lon="12.592923">
        <ele>10.1</ele>
        <time>2025-05-14T10:16:42.010000Z</time>
      </trkpt>
      <trkpt lat="55.676" lon="12.593052">
        <ele>10.4</ele>
        <time>2025-05-14T10:16:45.010000Z</time>
      </trkpt>
      <trkpt lat="55.676069" lon="12.593186">
        <ele>10.5</ele>
        <time>2025-05-14T10:16:49.010000Z</time>
      </trkpt>
      <trkpt lat="55.676156" lon="12.593319">
        <ele>10.2</ele>
        <time>2025-05-14T10:16:53.010000Z</time>
      </trkpt>
      <trkpt lat="55.676231" lon="12.593508">
        <ele>9.8</ele>
        <time>2025-05-14T10:16:57.010000Z</time>
      </trkpt>
      <trkpt lat="55.676266" lon="12.593684">
        <ele>9.5</ele>
        <time>2025-05-14T10:17:00.009000Z</time>
      </trkpt>
      <trkpt lat="55.676304" lon="12.593829">
        <ele>9.2</ele>
        <time>2025-05-14T10:17:03.009000Z</time>
      </trkpt>
      <trkpt lat="55.676332" lon="12.594009">
        <ele>8.9</ele>
        <time>2025-05-14T10:17:06.010000Z</time>
      </trkpt>
      <trkpt lat="55.676393" lon="12.594188">
        <ele>8.5</ele>
        <time>2025-05-14T10:17:10.010000Z</time>
      </trkpt>
      <trkpt lat="55.676452" lon="12.59435">
        <ele>8.2</ele>
        <time>2025-05-14T10:17:14.010000Z</time>
      </trkpt>
      <trkpt lat="55.676513" lon="12.594492">
        <ele>7.8</ele>
        <time>2025-05-14T10:17:18.010000Z</time>
      </trkpt>
      <trkpt lat="55.676568" lon="12.594653">
        <ele>7.5</ele>
        <time>2025-05-14T10:17:22.010000Z</time>
      </trkpt>
      <trkpt lat="55.676621" lon="12.594841">
        <ele>7.2</ele>
        <time>2025-05-14T10:17:26.010000Z</time>
      </trkpt>
      <trkpt lat="55.676681" lon="12.59501">
        <ele>6.8</ele>
        <time>2025-05-14T10:17:30.010000Z</time>
      </trkpt>
      <trkpt lat="55.676741" lon="12.595174">
        <ele>6.5</ele>
        <time>2025-05-14T10:17:34.010000Z</time>
      </trkpt>
      <trkpt lat="55.67674" lon="12.595362">
        <ele>6.1</ele>
        <time>2025-05-14T10:17:38.010000Z</time>
      </trkpt>
      <trkpt lat="55.676738" lon="12.595579">
        <ele>5.8</ele>
        <time>2025-05-14T10:17:42.010000Z</time>
      </trkpt>
      <trkpt lat="55.676728" lon="12.595747">
        <ele>5.5</ele>
        <time>2025-05-14T10:17:45.010000Z</time>
      </trkpt>
      <trkpt lat="55.676744" lon="12.59591">
        <ele>5.2</ele>
        <time>2025-05-14T10:17:48.010000Z</time>
      </trkpt>
      <trkpt lat="55.676799" lon="12.596053">
        <ele>5.1</ele>
        <time>2025-05-14T10:17:52.010000Z</time>
      </trkpt>
      <trkpt lat="55.676868" lon="12.596191">
        <ele>5.1</ele>
        <time>2025-05-14T10:17:56.010000Z</time>
      </trkpt>
      <trkpt lat="55.676961" lon="12.596312">
        <ele>5.1</ele>
        <time>2025-05-14T10:18:01.010000Z</time>
      </trkpt>
      <trkpt lat="55.677022" lon="12.596431">
        <ele>5.1</ele>
        <time>2025-05-14T10:18:04.010000Z</time>
      </trkpt>
      <trkpt lat="55.677118" lon="12.596574">
        <ele>5.1</ele>
        <time>2025-05-14T10:18:08.010000Z</time>
      </trkpt>
      <trkpt lat="55.67718" lon="12.596692">
        <ele>5.0</ele>
        <time>2025-05-14T10:18:11.010000Z</time>
      </trkpt>
      <trkpt lat="55.677269" lon="12.596763">
        <ele>5.0</ele>
        <time>2025-05-14T10:18:15.010000Z</time>
      </trkpt>
      <trkpt lat="55.677323" lon="12.596948">
        <ele>5.0</ele>
        <time>2025-05-14T10:18:19.010000Z</time>
      </trkpt>
      <trkpt lat="55.677379" lon="12.597114">
        <ele>5.0</ele>
        <time>2025-05-14T10:18:23.010000Z</time>
      </trkpt>
      <trkpt lat="55.677457" lon="12.597205">
        <ele>5.0</ele>
        <time>2025-05-14T10:18:27.010000Z</time>
      </trkpt>
      <trkpt lat="55.677536" lon="12.597318">
        <ele>5.0</ele>
        <time>2025-05-14T10:18:34.010000Z</time>
      </trkpt>
      <trkpt lat="55.677605" lon="12.597445">
        <ele>4.9</ele>
        <time>2025-05-14T10:18:38.010000Z</time>
      </trkpt>
      <trkpt lat="55.67767" lon="12.597611">
        <ele>4.9</ele>
        <time>2025-05-14T10:18:42.010000Z</time>
      </trkpt>
      <trkpt lat="55.677721" lon="12.597782">
        <ele>4.9</ele>
        <time>2025-05-14T10:18:46.010000Z</time>
      </trkpt>
      <trkpt lat="55.677771" lon="12.59794">
        <ele>4.9</ele>
        <time>2025-05-14T10:18:54.010000Z</time>
      </trkpt>
      <trkpt lat="55.677781" lon="12.598106">
        <ele>4.9</ele>
        <time>2025-05-14T10:19:03.010000Z</time>
      </trkpt>
      <trkpt lat="55.677826" lon="12.597921">
        <ele>4.9</ele>
        <time>2025-05-14T10:19:15.010000Z</time>
      </trkpt>
      <trkpt lat="55.677892" lon="12.598079">
        <ele>4.9</ele>
        <time>2025-05-14T10:19:44.010000Z</time>
      </trkpt>
      <trkpt lat="55.677799" lon="12.598153">
        <ele>5.0</ele>
        <time>2025-05-14T10:21:34.012000Z</time>
      </trkpt>
      <trkpt lat="55.677752" lon="12.598324">
        <ele>5.2</ele>
        <time>2025-05-14T10:21:38.012000Z</time>
      </trkpt>
      <trkpt lat="55.677735" lon="12.598495">
        <ele>5.3</ele>
        <time>2025-05-14T10:21:42.012000Z</time>
      </trkpt>
      <trkpt lat="55.6777" lon="12.598647">
        <ele>5.4</ele>
        <time>2025-05-14T10:21:47.012000Z</time>
      </trkpt>
      <trkpt lat="55.677669" lon="12.598889">
        <ele>5.5</ele>
        <time>2025-05-14T10:22:33.012000Z</time>
      </trkpt>
      <trkpt lat="55.677717" lon="12.599045">
        <ele>5.6</ele>
        <time>2025-05-14T10:22:37.012000Z</time>
      </trkpt>
      <trkpt lat="55.67779" lon="12.599172">
        <ele>5.7</ele>
        <time>2025-05-14T10:22:41.012000Z</time>
      </trkpt>
      <trkpt lat="55.677858" lon="12.599311">
        <ele>5.9</ele>
        <time>2025-05-14T10:22:46.012000Z</time>
      </trkpt>
      <trkpt lat="55.67796" lon="12.599371">
        <ele>6.0</ele>
        <time>2025-05-14T10:22:51.012000Z</time>
      </trkpt>
      <trkpt lat="55.678027" lon="12.599238">
        <ele>6.1</ele>
        <time>2025-05-14T10:22:55.012000Z</time>
      </trkpt>
      <trkpt lat="55.678098" lon="12.599105">
        <ele>6.2</ele>
        <time>2025-05-14T10:22:59.012000Z</time>
      </trkpt>
      <trkpt lat="55.678167" lon="12.598993">
        <ele>6.3</ele>
        <time>2025-05-14T10:23:04.012000Z</time>
      </trkpt>
      <trkpt lat="55.678226" lon="12.598857">
        <ele>6.4</ele>
        <time>2025-05-14T10:23:09.012000Z</time>
      </trkpt>
      <trkpt lat="55.67828" lon="12.598672">
        <ele>6.5</ele>
        <time>2025-05-14T10:23:14.011000Z</time>
      </trkpt>
      <trkpt lat="55.678336" lon="12.598526">
        <ele>6.6</ele>
        <time>2025-05-14T10:23:18.011000Z</time>
      </trkpt>
      <trkpt lat="55.678401" lon="12.59838">
        <ele>6.8</ele>
        <time>2025-05-14T10:23:23.011000Z</time>
      </trkpt>
      <trkpt lat="55.67845" lon="12.598226">
        <ele>6.8</ele>
        <time>2025-05-14T10:23:29.011000Z</time>
      </trkpt>
      <trkpt lat="55.678524" lon="12.598089">
        <ele>6.9</ele>
        <time>2025-05-14T10:23:35.011000Z</time>
      </trkpt>
      <trkpt lat="55.678585" lon="12.59792">
        <ele>6.9</ele>
        <time>2025-05-14T10:23:40.011000Z</time>
      </trkpt>
      <trkpt lat="55.678623" lon="12.597741">
        <ele>6.9</ele>
        <time>2025-05-14T10:23:43.011000Z</time>
      </trkpt>
      <trkpt lat="55.678668" lon="12.59759">
        <ele>6.9</ele>
        <time>2025-05-14T10:23:46.011000Z</time>
      </trkpt>
      <trkpt lat="55.678722" lon="12.597433">
        <ele>6.9</ele>
        <time>2025-05-14T10:23:51.011000Z</time>
      </trkpt>
      <trkpt lat="55.678785" lon="12.597274">
        <ele>6.9</ele>
        <time>2025-05-14T10:23:55.011000Z</time>
      </trkpt>
      <trkpt lat="55.678837" lon="12.597115">
        <ele>7.0</ele>
        <time>2025-05-14T10:23:59.011000Z</time>
      </trkpt>
      <trkpt lat="55.678861" lon="12.596954">
        <ele>7.0</ele>
        <time>2025-05-14T10:24:03.011000Z</time>
      </trkpt>
      <trkpt lat="55.678892" lon="12.5968">
        <ele>7.0</ele>
        <time>2025-05-14T10:24:17.011000Z</time>
      </trkpt>
      <trkpt lat="55.678883" lon="12.596987">
        <ele>7.0</ele>
        <time>2025-05-14T10:31:43.015000Z</time>
      </trkpt>
      <trkpt lat="55.67883" lon="12.597134">
        <ele>7.0</ele>
        <time>2025-05-14T10:31:57.015000Z</time>
      </trkpt>
      <trkpt lat="55.678789" lon="12.597297">
        <ele>7.0</ele>
        <time>2025-05-14T10:32:03.015000Z</time>
      </trkpt>
      <trkpt lat="55.678739" lon="12.597465">
        <ele>7.1</ele>
        <time>2025-05-14T10:32:08.015000Z</time>
      </trkpt>
      <trkpt lat="55.678702" lon="12.597675">
        <ele>7.1</ele>
        <time>2025-05-14T10:32:12.015000Z</time>
      </trkpt>
      <trkpt lat="55.678664" lon="12.597824">
        <ele>7.1</ele>
        <time>2025-05-14T10:32:15.015000Z</time>
      </trkpt>
      <trkpt lat="55.67864" lon="12.598004">
        <ele>7.1</ele>
        <time>2025-05-14T10:32:19.015000Z</time>
      </trkpt>
      <trkpt lat="55.678607" lon="12.598187">
        <ele>7.1</ele>
        <time>2025-05-14T10:32:23.015000Z</time>
      </trkpt>
      <trkpt lat="55.678549" lon="12.598384">
        <ele>7.3</ele>
        <time>2025-05-14T10:32:26.015000Z</time>
      </trkpt>
      <trkpt lat="55.678505" lon="12.598558">
        <ele>7.4</ele>
        <time>2025-05-14T10:32:29.015000Z</time>
      </trkpt>
      <trkpt lat="55.678447" lon="12.59873">
        <ele>7.5</ele>
        <time>2025-05-14T10:32:33.015000Z</time>
      </trkpt>
      <trkpt lat="55.6784" lon="12.598872">
        <ele>7.6</ele>
        <time>2025-05-14T10:32:36.015000Z</time>
      </trkpt>
      <trkpt lat="55.678333" lon="12.598979">
        <ele>7.7</ele>
        <time>2025-05-14T10:32:39.015000Z</time>
      </trkpt>
      <trkpt lat="55.678236" lon="12.599016">
        <ele>7.8</ele>
        <time>2025-05-14T10:32:41.015000Z</time>
      </trkpt>
      <trkpt lat="55.678132" lon="12.599061">
        <ele>7.9</ele>
        <time>2025-05-14T10:32:44.015000Z</time>
      </trkpt>
      <trkpt lat="55.678045" lon="12.599188">
        <ele>8.1</ele>
        <time>2025-05-14T10:32:47.015000Z</time>
      </trkpt>
      <trkpt lat="55.677965" lon="12.599325">
        <ele>8.2</ele>
        <time>2025-05-14T10:32:50.015000Z</time>
      </trkpt>
      <trkpt lat="55.677877" lon="12.599246">
        <ele>8.3</ele>
        <time>2025-05-14T10:32:54.015000Z</time>
      </trkpt>
      <trkpt lat="55.677799" lon="12.599126">
        <ele>8.4</ele>
        <time>2025-05-14T10:32:58.015000Z</time>
      </trkpt>
      <trkpt lat="55.677707" lon="12.599001">
        <ele>8.5</ele>
        <time>2025-05-14T10:33:02.015000Z</time>
      </trkpt>
      <trkpt lat="55.677685" lon="12.598842">
        <ele>8.6</ele>
        <time>2025-05-14T10:33:05.015000Z</time>
      </trkpt>
      <trkpt lat="55.677714" lon="12.598675">
        <ele>8.7</ele>
        <time>2025-05-14T10:33:08.015000Z</time>
      </trkpt>
      <trkpt lat="55.677745" lon="12.598465">
        <ele>8.9</ele>
        <time>2025-05-14T10:33:12.015000Z</time>
      </trkpt>
      <trkpt lat="55.677775" lon="12.598242">
        <ele>9.0</ele>
        <time>2025-05-14T10:33:15.015000Z</time>
      </trkpt>
      <trkpt lat="55.677828" lon="12.598035">
        <ele>9.0</ele>
        <time>2025-05-14T10:33:18.015000Z</time>
      </trkpt>
      <trkpt lat="55.677898" lon="12.597847">
        <ele>8.7</ele>
        <time>2025-05-14T10:33:21.015000Z</time>
      </trkpt>
      <trkpt lat="55.677957" lon="12.597681">
        <ele>8.4</ele>
        <time>2025-05-14T10:33:24.015000Z</time>
      </trkpt>
      <trkpt lat="55.678003" lon="12.597514">
        <ele>8.2</ele>
        <time>2025-05-14T11:14:06Z</time>
      </trkpt>
      <trkpt lat="55.678063" lon="12.597377">
        <ele>7.9</ele>
        <time>2025-05-14T11:14:10Z</time>
      </trkpt>
      <trkpt lat="55.678129" lon="12.597199">
        <ele>7.7</ele>
        <time>2025-05-14T11:14:14Z</time>
      </trkpt>
      <trkpt lat="55.678187" lon="12.597042">
        <ele>7.4</ele>
        <time>2025-05-14T11:14:17Z</time>
      </trkpt>
      <trkpt lat="55.678228" lon="12.59686">
        <ele>7.2</ele>
        <time>2025-05-14T11:14:20Z</time>
      </trkpt>
      <trkpt lat="55.678266" lon="12.596679">
        <ele>6.9</ele>
        <time>2025-05-14T11:14:23Z</time>
      </trkpt>
      <trkpt lat="55.678288" lon="12.596479">
        <ele>6.7</ele>
        <time>2025-05-14T11:14:27Z</time>
      </trkpt>
      <trkpt lat="55.678324" lon="12.596318">
        <ele>6.4</ele>
        <time>2025-05-14T11:14:31Z</time>
      </trkpt>
      <trkpt lat="55.678356" lon="12.596133">
        <ele>6.2</ele>
        <time>2025-05-14T11:14:35Z</time>
      </trkpt>
      <trkpt lat="55.678387" lon="12.595947">
        <ele>5.9</ele>
        <time>2025-05-14T11:14:39Z</time>
      </trkpt>
      <trkpt lat="55.67841" lon="12.595767">
        <ele>5.7</ele>
        <time>2025-05-14T11:14:42.999000Z</time>
      </trkpt>
      <trkpt lat="55.678417" lon="12.595584">
        <ele>5.5</ele>
        <time>2025-05-14T11:14:46.999000Z</time>
      </trkpt>
      <trkpt lat="55.678412" lon="12.59539">
        <ele>5.2</ele>
        <time>2025-05-14T11:14:51.999000Z</time>
      </trkpt>
      <trkpt lat="55.678431" lon="12.595226">
        <ele>5.0</ele>
        <time>2025-05-14T11:14:55.999000Z</time>
      </trkpt>
      <trkpt lat="55.678456" lon="12.595057">
        <ele>4.9</ele>
        <time>2025-05-14T11:14:59.999000Z</time>
      </trkpt>
      <trkpt lat="55.678477" lon="12.594893">
        <ele>4.9</ele>
        <time>2025-05-14T11:15:03.999000Z</time>
      </trkpt>
      <trkpt lat="55.678498" lon="12.59471">
        <ele>4.8</ele>
        <time>2025-05-14T11:15:07.999000Z</time>
      </trkpt>
      <trkpt lat="55.67852" lon="12.594542">
        <ele>4.8</ele>
        <time>2025-05-14T11:15:10.999000Z</time>
      </trkpt>
      <trkpt lat="55.678548" lon="12.594359">
        <ele>4.7</ele>
        <time>2025-05-14T11:15:13.999000Z</time>
      </trkpt>
      <trkpt lat="55.678612" lon="12.594247">
        <ele>4.7</ele>
        <time>2025-05-14T11:15:17.999000Z</time>
      </trkpt>
      <trkpt lat="55.678745" lon="12.593716">
        <ele>4.5</ele>
        <time>2025-05-14T11:19:23.999000Z</time>
      </trkpt>
      <trkpt lat="55.678786" lon="12.593571">
        <ele>4.5</ele>
        <time>2025-05-14T11:19:25.999000Z</time>
      </trkpt>
      <trkpt lat="55.678853" lon="12.593356">
        <ele>4.4</ele>
        <time>2025-05-14T11:19:28.999000Z</time>
      </trkpt>
      <trkpt lat="55.678905" lon="12.593197">
        <ele>4.4</ele>
        <time>2025-05-14T11:19:30.999000Z</time>
      </trkpt>
      <trkpt lat="55.678954" lon="12.593062">
        <ele>4.3</ele>
        <time>2025-05-14T11:19:32.999000Z</time>
      </trkpt>
      <trkpt lat="55.679028" lon="12.592867">
        <ele>4.2</ele>
        <time>2025-05-14T11:19:35.999000Z</time>
      </trkpt>
      <trkpt lat="55.679086" lon="12.592661">
        <ele>4.2</ele>
        <time>2025-05-14T11:19:38.999000Z</time>
      </trkpt>
      <trkpt lat="55.679128" lon="12.592454">
        <ele>4.1</ele>
        <time>2025-05-14T11:19:41.999000Z</time>
      </trkpt>
      <trkpt lat="55.679178" lon="12.59227">
        <ele>4.1</ele>
        <time>2025-05-14T11:19:44.999000Z</time>
      </trkpt>
      <trkpt lat="55.679216" lon="12.592094">
        <ele>4.2</ele>
        <time>2025-05-14T11:19:47.999000Z</time>
      </trkpt>
      <trkpt lat="55.679257" lon="12.591928">
        <ele>4.3</ele>
        <time>2025-05-14T11:19:50.999000Z</time>
      </trkpt>
      <trkpt lat="55.679288" lon="12.591753">
        <ele>4.4</ele>
        <time>2025-05-14T11:19:53.999000Z</time>
      </trkpt>
      <trkpt lat="55.679329" lon="12.591589">
        <ele>4.5</ele>
        <time>2025-05-14T11:19:59.999000Z</time>
      </trkpt>
      <trkpt lat="55.679379" lon="12.591437">
        <ele>4.6</ele>
        <time>2025-05-14T11:20:06.999000Z</time>
      </trkpt>
      <trkpt lat="55.679447" lon="12.591297">
        <ele>4.7</ele>
        <time>2025-05-14T11:20:14.999000Z</time>
      </trkpt>
      <trkpt lat="55.679541" lon="12.591305">
        <ele>4.8</ele>
        <time>2025-05-14T11:20:19.999000Z</time>
      </trkpt>
      <trkpt lat="55.679626" lon="12.591368">
        <ele>4.9</ele>
        <time>2025-05-14T11:20:28.999000Z</time>
      </trkpt>
      <trkpt lat="55.679714" lon="12.591423">
        <ele>4.9</ele>
        <time>2025-05-14T11:20:33.999000Z</time>
      </trkpt>
      <trkpt lat="55.679822" lon="12.591514">
        <ele>5.1</ele>
        <time>2025-05-14T11:20:37.999000Z</time>
      </trkpt>
      <trkpt lat="55.679923" lon="12.591556">
        <ele>5.2</ele>
        <time>2025-05-14T11:20:40.999000Z</time>
      </trkpt>
      <trkpt lat="55.680015" lon="12.591649">
        <ele>5.3</ele>
        <time>2025-05-14T11:20:43.999000Z</time>
      </trkpt>
      <trkpt lat="55.680134" lon="12.591694">
        <ele>5.4</ele>
        <time>2025-05-14T11:20:46.999000Z</time>
      </trkpt>
      <trkpt lat="55.680216" lon="12.591792">
        <ele>5.5</ele>
        <time>2025-05-14T11:20:49.999000Z</time>
      </trkpt>
      <trkpt lat="55.680307" lon="12.591824">
        <ele>5.5</ele>
        <time>2025-05-14T11:20:53.999000Z</time>
      </trkpt>
      <trkpt lat="55.680393" lon="12.591874">
        <ele>5.6</ele>
        <time>2025-05-14T11:20:59.999000Z</time>
      </trkpt>
      <trkpt lat="55.680488" lon="12.59193">
        <ele>5.7</ele>
        <time>2025-05-14T11:21:03.999000Z</time>
      </trkpt>
      <trkpt lat="55.680567" lon="12.592019">
        <ele>5.7</ele>
        <time>2025-05-14T11:21:07.999000Z</time>
      </trkpt>
      <trkpt lat="55.680652" lon="12.592101">
        <ele>5.7</ele>
        <time>2025-05-14T11:21:13.999000Z</time>
      </trkpt>
      <trkpt lat="55.68074" lon="12.592156">
        <ele>5.7</ele>
        <time>2025-05-14T11:21:19.999000Z</time>
      </trkpt>
      <trkpt lat="55.680824" lon="12.592248">
        <ele>5.6</ele>
        <time>2025-05-14T11:21:23.999000Z</time>
      </trkpt>
      <trkpt lat="55.680916" lon="12.592331">
        <ele>5.6</ele>
        <time>2025-05-14T11:21:27.999000Z</time>
      </trkpt>
      <trkpt lat="55.681004" lon="12.592372">
        <ele>5.6</ele>
        <time>2025-05-14T11:21:30.999000Z</time>
      </trkpt>
      <trkpt lat="55.681031" lon="12.592533">
        <ele>5.6</ele>
        <time>2025-05-14T11:21:35.999000Z</time>
      </trkpt>
      <trkpt lat="55.68112" lon="12.592572">
        <ele>5.5</ele>
        <time>2025-05-14T11:21:39.999000Z</time>
      </trkpt>
      <trkpt lat="55.681249" lon="12.592634">
        <ele>5.5</ele>
        <time>2025-05-14T11:21:44.999000Z</time>
      </trkpt>
      <trkpt lat="55.681358" lon="12.592719">
        <ele>5.4</ele>
        <time>2025-05-14T11:21:47.999000Z</time>
      </trkpt>
      <trkpt lat="55.681464" lon="12.592791">
        <ele>5.4</ele>
        <time>2025-05-14T11:21:50.999000Z</time>
      </trkpt>
      <trkpt lat="55.681546" lon="12.592906">
        <ele>5.4</ele>
        <time>2025-05-14T11:21:54.999000Z</time>
      </trkpt>
      <trkpt lat="55.681638" lon="12.592988">
        <ele>5.3</ele>
        <time>2025-05-14T11:21:57.999000Z</time>
      </trkpt>
      <trkpt lat="55.681751" lon="12.593042">
        <ele>5.3</ele>
        <time>2025-05-14T11:22:00.999000Z</time>
      </trkpt>
      <trkpt lat="55.681848" lon="12.593131">
        <ele>5.3</ele>
        <time>2025-05-14T11:22:03.999000Z</time>
      </trkpt>
      <trkpt lat="55.68193" lon="12.593243">
        <ele>5.2</ele>
        <time>2025-05-14T11:22:06.999000Z</time>
      </trkpt>
      <trkpt lat="55.682018" lon="12.593347">
        <ele>5.2</ele>
        <time>2025-05-14T11:22:09.999000Z</time>
      </trkpt>
      <trkpt lat="55.682107" lon="12.59347">
        <ele>5.2</ele>
        <time>2025-05-14T11:22:12.999000Z</time>
      </trkpt>
      <trkpt lat="55.682217" lon="12.593584">
        <ele>5.1</ele>
        <time>2025-05-14T11:22:15.999000Z</time>
      </trkpt>
      <trkpt lat="55.682331" lon="12.593677">
        <ele>5.1</ele>
        <time>2025-05-14T11:22:18.999000Z</time>
      </trkpt>
      <trkpt lat="55.682437" lon="12.593739">
        <ele>5.1</ele>
        <time>2025-05-14T11:22:21.999000Z</time>
      </trkpt>
      <trkpt lat="55.682531" lon="12.593796">
        <ele>5.0</ele>
        <time>2025-05-14T11:22:24.999000Z</time>
      </trkpt>
      <trkpt lat="55.682621" lon="12.593863">
        <ele>5.0</ele>
        <time>2025-05-14T11:22:29.999000Z</time>
      </trkpt>
      <trkpt lat="55.682743" lon="12.593932">
        <ele>5.0</ele>
        <time>2025-05-14T11:22:33.999000Z</time>
      </trkpt>
      <trkpt lat="55.68284" lon="12.594008">
        <ele>4.9</ele>
        <time>2025-05-14T11:22:36.999000Z</time>
      </trkpt>
      <trkpt lat="55.682939" lon="12.594092">
        <ele>4.9</ele>
        <time>2025-05-14T11:22:39.999000Z</time>
      </trkpt>
      <trkpt lat="55.683054" lon="12.594179">
        <ele>4.9</ele>
        <time>2025-05-14T11:22:42.999000Z</time>
      </trkpt>
      <trkpt lat="55.683159" lon="12.594275">
        <ele>4.8</ele>
        <time>2025-05-14T11:22:45.999000Z</time>
      </trkpt>
      <trkpt lat="55.683268" lon="12.59437">
        <ele>4.8</ele>
        <time>2025-05-14T11:22:48.999000Z</time>
      </trkpt>
      <trkpt lat="55.683369" lon="12.59446">
        <ele>4.8</ele>
        <time>2025-05-14T11:22:51.999000Z</time>
      </trkpt>
      <trkpt lat="55.683479" lon="12.594533">
        <ele>4.7</ele>
        <time>2025-05-14T11:22:54.999000Z</time>
      </trkpt>
      <trkpt lat="55.683563" lon="12.594602">
        <ele>4.7</ele>
        <time>2025-05-14T11:22:57.999000Z</time>
      </trkpt>
      <trkpt lat="55.683638" lon="12.594699">
        <ele>4.7</ele>
        <time>2025-05-14T11:23:00.998000Z</time>
      </trkpt>
      <trkpt lat="55.68375" lon="12.594801">
        <ele>4.6</ele>
        <time>2025-05-14T11:23:04.998000Z</time>
      </trkpt>
      <trkpt lat="55.683848" lon="12.594875">
        <ele>4.5</ele>
        <time>2025-05-14T11:23:07.998000Z</time>
      </trkpt>
      <trkpt lat="55.683954" lon="12.594951">
        <ele>4.3</ele>
        <time>2025-05-14T11:23:10.998000Z</time>
      </trkpt>
      <trkpt lat="55.684048" lon="12.595032">
        <ele>4.2</ele>
        <time>2025-05-14T11:23:13.998000Z</time>
      </trkpt>
      <trkpt lat="55.68415" lon="12.595114">
        <ele>4.1</ele>
        <time>2025-05-14T11:23:16.998000Z</time>
      </trkpt>
      <trkpt lat="55.684259" lon="12.595201">
        <ele>4.0</ele>
        <time>2025-05-14T11:23:19.998000Z</time>
      </trkpt>
      <trkpt lat="55.684365" lon="12.595277">
        <ele>3.8</ele>
        <time>2025-05-14T11:23:22.998000Z</time>
      </trkpt>
      <trkpt lat="55.684454" lon="12.595345">
        <ele>3.7</ele>
        <time>2025-05-14T11:23:25.998000Z</time>
      </trkpt>
      <trkpt lat="55.68457" lon="12.59544">
        <ele>3.6</ele>
        <time>2025-05-14T11:23:28.998000Z</time>
      </trkpt>
      <trkpt lat="55.684684" lon="12.595506">
        <ele>3.4</ele>
        <time>2025-05-14T11:23:31.998000Z</time>
      </trkpt>
      <trkpt lat="55.684796" lon="12.595544">
        <ele>3.3</ele>
        <time>2025-05-14T11:23:34.998000Z</time>
      </trkpt>
      <trkpt lat="55.684908" lon="12.595639">
        <ele>3.2</ele>
        <time>2025-05-14T11:23:37.998000Z</time>
      </trkpt>
      <trkpt lat="55.68503" lon="12.595705">
        <ele>3.0</ele>
        <time>2025-05-14T11:23:40.998000Z</time>
      </trkpt>
      <trkpt lat="55.685145" lon="12.595804">
        <ele>2.9</ele>
        <time>2025-05-14T11:23:43.998000Z</time>
      </trkpt>
      <trkpt lat="55.685245" lon="12.59595">
        <ele>2.7</ele>
        <time>2025-05-14T11:23:46.998000Z</time>
      </trkpt>
      <trkpt lat="55.685368" lon="12.596047">
        <ele>2.7</ele>
        <time>2025-05-14T11:23:49.998000Z</time>
      </trkpt>
      <trkpt lat="55.685449" lon="12.596124">
        <ele>2.8</ele>
        <time>2025-05-14T11:23:51.998000Z</time>
      </trkpt>
      <trkpt lat="55.685555" lon="12.596239">
        <ele>2.9</ele>
        <time>2025-05-14T11:23:54.998000Z</time>
      </trkpt>
      <trkpt lat="55.685653" lon="12.596338">
        <ele>3.0</ele>
        <time>2025-05-14T11:23:57.998000Z</time>
      </trkpt>
      <trkpt lat="55.68577" lon="12.596426">
        <ele>3.1</ele>
        <time>2025-05-14T11:24:00.998000Z</time>
      </trkpt>
      <trkpt lat="55.685859" lon="12.596511">
        <ele>3.2</ele>
        <time>2025-05-14T11:24:03.998000Z</time>
      </trkpt>
      <trkpt lat="55.685954" lon="12.596554">
        <ele>3.3</ele>
        <time>2025-05-14T11:24:06.998000Z</time>
      </trkpt>
      <trkpt lat="55.686057" lon="12.596626">
        <ele>3.4</ele>
        <time>2025-05-14T11:24:10.998000Z</time>
      </trkpt>
      <trkpt lat="55.686123" lon="12.596451">
        <ele>3.5</ele>
        <time>2025-05-14T11:24:19.998000Z</time>
      </trkpt>
      <trkpt lat="55.686204" lon="12.596198">
        <ele>3.7</ele>
        <time>2025-05-14T11:24:21.998000Z</time>
      </trkpt>
      <trkpt lat="55.686229" lon="12.596027">
        <ele>3.8</ele>
        <time>2025-05-14T11:24:24.998000Z</time>
      </trkpt>
      <trkpt lat="55.686269" lon="12.595821">
        <ele>3.9</ele>
        <time>2025-05-14T11:24:28.998000Z</time>
      </trkpt>
      <trkpt lat="55.68631" lon="12.595651">
        <ele>4.0</ele>
        <time>2025-05-14T11:24:31.998000Z</time>
      </trkpt>
      <trkpt lat="55.686402" lon="12.595558">
        <ele>4.1</ele>
        <time>2025-05-14T11:24:38.998000Z</time>
      </trkpt>
      <trkpt lat="55.686502" lon="12.59556">
        <ele>4.2</ele>
        <time>2025-05-14T11:24:42.998000Z</time>
      </trkpt>
      <trkpt lat="55.686588" lon="12.595611">
        <ele>4.3</ele>
        <time>2025-05-14T11:24:45.998000Z</time>
      </trkpt>
      <trkpt lat="55.686694" lon="12.595655">
        <ele>4.4</ele>
        <time>2025-05-14T11:24:48.998000Z</time>
      </trkpt>
      <trkpt lat="55.686789" lon="12.595695">
        <ele>4.3</ele>
        <time>2025-05-14T11:24:51.998000Z</time>
      </trkpt>
      <trkpt lat="55.686879" lon="12.595739">
        <ele>4.2</ele>
        <time>2025-05-14T11:24:55.998000Z</time>
      </trkpt>
      <trkpt lat="55.686983" lon="12.595756">
        <ele>4.1</ele>
        <time>2025-05-14T11:24:58.998000Z</time>
      </trkpt>
      <trkpt lat="55.687073" lon="12.595738">
        <ele>4.1</ele>
        <time>2025-05-14T11:25:01.998000Z</time>
      </trkpt>
      <trkpt lat="55.6872" lon="12.595785">
        <ele>3.9</ele>
        <time>2025-05-14T11:25:04.998000Z</time>
      </trkpt>
      <trkpt lat="55.687299" lon="12.595855">
        <ele>3.8</ele>
        <time>2025-05-14T11:25:07.998000Z</time>
      </trkpt>
      <trkpt lat="55.687419" lon="12.595936">
        <ele>3.7</ele>
        <time>2025-05-14T11:25:10.998000Z</time>
      </trkpt>
      <trkpt lat="55.687528" lon="12.596013">
        <ele>3.6</ele>
        <time>2025-05-14T11:25:13.998000Z</time>
      </trkpt>
      <trkpt lat="55.687638" lon="12.5961">
        <ele>3.5</ele>
        <time>2025-05-14T11:25:16.998000Z</time>
      </trkpt>
      <trkpt lat="55.687746" lon="12.596212">
        <ele>3.4</ele>
        <time>2025-05-14T11:25:20.998000Z</time>
      </trkpt>
      <trkpt lat="55.687837" lon="12.596331">
        <ele>3.3</ele>
        <time>2025-05-14T11:25:23.998000Z</time>
      </trkpt>
      <trkpt lat="55.68792" lon="12.596461">
        <ele>3.2</ele>
        <time>2025-05-14T11:25:27.998000Z</time>
      </trkpt>
      <trkpt lat="55.688012" lon="12.596548">
        <ele>3.1</ele>
        <time>2025-05-14T11:25:30.998000Z</time>
      </trkpt>
      <trkpt lat="55.688121" lon="12.596611">
        <ele>3.0</ele>
        <time>2025-05-14T11:25:33.998000Z</time>
      </trkpt>
      <trkpt lat="55.688205" lon="12.596708">
        <ele>2.9</ele>
        <time>2025-05-14T11:25:36.998000Z</time>
      </trkpt>
      <trkpt lat="55.688286" lon="12.596814">
        <ele>2.8</ele>
        <time>2025-05-14T11:25:39.998000Z</time>
      </trkpt>
      <trkpt lat="55.688371" lon="12.596893">
        <ele>2.9</ele>
        <time>2025-05-14T11:25:42.998000Z</time>
      </trkpt>
      <trkpt lat="55.688459" lon="12.596958">
        <ele>3.0</ele>
        <time>2025-05-14T11:25:45.998000Z</time>
      </trkpt>
      <trkpt lat="55.688548" lon="12.597033">
        <ele>3.1</ele>
        <time>2025-05-14T11:25:49.998000Z</time>
      </trkpt>
      <trkpt lat="55.688638" lon="12.59712">
        <ele>3.2</ele>
        <time>2025-05-14T11:25:53.998000Z</time>
      </trkpt>
      <trkpt lat="55.688729" lon="12.597178">
        <ele>3.3</ele>
        <time>2025-05-14T11:25:56.998000Z</time>
      </trkpt>
      <trkpt lat="55.688814" lon="12.597312">
        <ele>3.4</ele>
        <time>2025-05-14T11:26:00.998000Z</time>
      </trkpt>
      <trkpt lat="55.688904" lon="12.597383">
        <ele>3.6</ele>
        <time>2025-05-14T11:26:04.998000Z</time>
      </trkpt>
      <trkpt lat="55.688971" lon="12.597507">
        <ele>3.7</ele>
        <time>2025-05-14T11:26:09.998000Z</time>
      </trkpt>
      <trkpt lat="55.689009" lon="12.597661">
        <ele>3.8</ele>
        <time>2025-05-14T11:26:14.998000Z</time>
      </trkpt>
      <trkpt lat="55.689534" lon="12.598375">
        <ele>4.5</ele>
        <time>2025-05-14T11:29:41.998000Z</time>
      </trkpt>
      <trkpt lat="55.6895" lon="12.598569">
        <ele>4.6</ele>
        <time>2025-05-14T11:29:45.998000Z</time>
      </trkpt>
      <trkpt lat="55.689543" lon="12.598733">
        <ele>4.7</ele>
        <time>2025-05-14T11:29:49.998000Z</time>
      </trkpt>
      <trkpt lat="55.68964" lon="12.598791">
        <ele>4.8</ele>
        <time>2025-05-14T11:29:54.998000Z</time>
      </trkpt>
      <trkpt lat="55.689728" lon="12.598842">
        <ele>4.7</ele>
        <time>2025-05-14T11:30:00.998000Z</time>
      </trkpt>
      <trkpt lat="55.689818" lon="12.598884">
        <ele>4.7</ele>
        <time>2025-05-14T11:30:17.998000Z</time>
      </trkpt>
      <trkpt lat="55.68993" lon="12.598932">
        <ele>4.7</ele>
        <time>2025-05-14T11:30:22.998000Z</time>
      </trkpt>
      <trkpt lat="55.690043" lon="12.598976">
        <ele>4.6</ele>
        <time>2025-05-14T11:30:26.998000Z</time>
      </trkpt>
      <trkpt lat="55.690152" lon="12.598951">
        <ele>4.6</ele>
        <time>2025-05-14T11:30:31.998000Z</time>
      </trkpt>
      <trkpt lat="55.69024" lon="12.59891">
        <ele>4.5</ele>
        <time>2025-05-14T11:30:35.998000Z</time>
      </trkpt>
      <trkpt lat="55.690337" lon="12.59886">
        <ele>4.5</ele>
        <time>2025-05-14T11:30:39.998000Z</time>
      </trkpt>
      <trkpt lat="55.690445" lon="12.598822">
        <ele>4.5</ele>
        <time>2025-05-14T11:30:43.998000Z</time>
      </trkpt>
      <trkpt lat="55.690558" lon="12.59876">
        <ele>4.4</ele>
        <time>2025-05-14T11:30:47.998000Z</time>
      </trkpt>
      <trkpt lat="55.690665" lon="12.59871">
        <ele>4.4</ele>
        <time>2025-05-14T11:30:52.998000Z</time>
      </trkpt>
      <trkpt lat="55.690761" lon="12.598723">
        <ele>4.3</ele>
        <time>2025-05-14T11:30:55.998000Z</time>
      </trkpt>
      <trkpt lat="55.690869" lon="12.598725">
        <ele>4.3</ele>
        <time>2025-05-14T11:30:59.998000Z</time>
      </trkpt>
      <trkpt lat="55.690971" lon="12.598728">
        <ele>4.2</ele>
        <time>2025-05-14T11:31:03.998000Z</time>
      </trkpt>
      <trkpt lat="55.691067" lon="12.598721">
        <ele>4.2</ele>
        <time>2025-05-14T11:31:11.998000Z</time>
      </trkpt>
      <trkpt lat="55.691139" lon="12.598623">
        <ele>4.2</ele>
        <time>2025-05-14T11:31:27.998000Z</time>
      </trkpt>
      <trkpt lat="55.69123" lon="12.598623">
        <ele>4.1</ele>
        <time>2025-05-14T11:31:40.997000Z</time>
      </trkpt>
      <trkpt lat="55.69132" lon="12.598658">
        <ele>4.1</ele>
        <time>2025-05-14T11:31:44.998000Z</time>
      </trkpt>
      <trkpt lat="55.691435" lon="12.598661">
        <ele>4.1</ele>
        <time>2025-05-14T11:31:47.997000Z</time>
      </trkpt>
      <trkpt lat="55.691569" lon="12.598587">
        <ele>4.1</ele>
        <time>2025-05-14T11:31:50.997000Z</time>
      </trkpt>
      <trkpt lat="55.691669" lon="12.598571">
        <ele>4.0</ele>
        <time>2025-05-14T11:31:53.997000Z</time>
      </trkpt>
      <trkpt lat="55.691769" lon="12.59858">
        <ele>4.0</ele>
        <time>2025-05-14T11:31:56.997000Z</time>
      </trkpt>
      <trkpt lat="55.691875" lon="12.598595">
        <ele>4.0</ele>
        <time>2025-05-14T11:31:59.997000Z</time>
      </trkpt>
      <trkpt lat="55.691966" lon="12.598621">
        <ele>4.0</ele>
        <time>2025-05-14T11:32:02.997000Z</time>
      </trkpt>
      <trkpt lat="55.692066" lon="12.598631">
        <ele>4.0</ele>
        <time>2025-05-14T11:32:05.997000Z</time>
      </trkpt>
      <trkpt lat="55.692161" lon="12.598653">
        <ele>4.0</ele>
        <time>2025-05-14T11:32:08.997000Z</time>
      </trkpt>
      <trkpt lat="55.692269" lon="12.598673">
        <ele>3.9</ele>
        <time>2025-05-14T11:32:12.997000Z</time>
      </trkpt>
      <trkpt lat="55.69237" lon="12.598701">
        <ele>3.9</ele>
        <time>2025-05-14T11:32:16.997000Z</time>
      </trkpt>
      <trkpt lat="55.692462" lon="12.598729">
        <ele>3.9</ele>
        <time>2025-05-14T11:32:20.997000Z</time>
      </trkpt>
      <trkpt lat="55.692556" lon="12.598765">
        <ele>3.9</ele>
        <time>2025-05-14T11:32:26.997000Z</time>
      </trkpt>
      <trkpt lat="55.692723" lon="12.59899">
        <ele>3.9</ele>
        <time>2025-05-14T11:33:50.998000Z</time>
      </trkpt>
      <trkpt lat="55.692877" lon="12.59912">
        <ele>3.8</ele>
        <time>2025-05-14T11:34:12.998000Z</time>
      </trkpt>
      <trkpt lat="55.692794" lon="12.599029">
        <ele>3.8</ele>
        <time>2025-05-14T11:35:13.997000Z</time>
      </trkpt>
      <trkpt lat="55.692727" lon="12.598905">
        <ele>3.8</ele>
        <time>2025-05-14T11:35:21.997000Z</time>
      </trkpt>
      <trkpt lat="55.692639" lon="12.598827">
        <ele>3.9</ele>
        <time>2025-05-14T11:35:38.997000Z</time>
      </trkpt>
      <trkpt lat="55.692739" lon="12.598788">
        <ele>4.0</ele>
        <time>2025-05-14T11:36:32.997000Z</time>
      </trkpt>
      <trkpt lat="55.692844" lon="12.598789">
        <ele>4.1</ele>
        <time>2025-05-14T11:36:37.997000Z</time>
      </trkpt>
      <trkpt lat="55.692942" lon="12.598789">
        <ele>4.2</ele>
        <time>2025-05-14T11:36:41.997000Z</time>
      </trkpt>
      <trkpt lat="55.693033" lon="12.598801">
        <ele>4.3</ele>
        <time>2025-05-14T11:36:45.997000Z</time>
      </trkpt>
      <trkpt lat="55.693126" lon="12.598806">
        <ele>4.4</ele>
        <time>2025-05-14T11:36:49.997000Z</time>
      </trkpt>
      <trkpt lat="55.693216" lon="12.598768">
        <ele>4.5</ele>
        <time>2025-05-14T11:36:53.997000Z</time>
      </trkpt>
      <trkpt lat="55.69331" lon="12.598725">
        <ele>4.6</ele>
        <time>2025-05-14T11:36:57.997000Z</time>
      </trkpt>
      <trkpt lat="55.693399" lon="12.598634">
        <ele>4.7</ele>
        <time>2025-05-14T11:37:02.997000Z</time>
      </trkpt>
      <trkpt lat="55.69344" lon="12.598484">
        <ele>4.8</ele>
        <time>2025-05-14T11:37:08.997000Z</time>
      </trkpt>
      <trkpt lat="55.693468" lon="12.598314">
        <ele>4.9</ele>
        <time>2025-05-14T11:37:13.997000Z</time>
      </trkpt>
      <trkpt lat="55.693499" lon="12.598139">
        <ele>5.0</ele>
        <time>2025-05-14T11:37:18.997000Z</time>
      </trkpt>
      <trkpt lat="55.693526" lon="12.597956">
        <ele>5.1</ele>
        <time>2025-05-14T11:37:23.997000Z</time>
      </trkpt>
      <trkpt lat="55.693537" lon="12.597793">
        <ele>5.2</ele>
        <time>2025-05-14T11:37:27.997000Z</time>
      </trkpt>
      <trkpt lat="55.69354" lon="12.597596">
        <ele>5.3</ele>
        <time>2025-05-14T11:37:32.997000Z</time>
      </trkpt>
      <trkpt lat="55.693552" lon="12.597428">
        <ele>5.4</ele>
        <time>2025-05-14T11:37:36.997000Z</time>
      </trkpt>
      <trkpt lat="55.693535" lon="12.597227">
        <ele>5.5</ele>
        <time>2025-05-14T11:37:41.997000Z</time>
      </trkpt>
      <trkpt lat="55.693536" lon="12.59703">
        <ele>5.6</ele>
        <time>2025-05-14T11:37:46.997000Z</time>
      </trkpt>
      <trkpt lat="55.693522" lon="12.596832">
        <ele>5.7</ele>
        <time>2025-05-14T11:37:51.997000Z</time>
      </trkpt>
      <trkpt lat="55.693496" lon="12.596653">
        <ele>5.7</ele>
        <time>2025-05-14T11:37:55.997000Z</time>
      </trkpt>
      <trkpt lat="55.693479" lon="12.596459">
        <ele>5.8</ele>
        <time>2025-05-14T11:37:59.997000Z</time>
      </trkpt>
      <trkpt lat="55.693478" lon="12.596267">
        <ele>5.9</ele>
        <time>2025-05-14T11:38:03.997000Z</time>
      </trkpt>
      <trkpt lat="55.693473" lon="12.596094">
        <ele>5.9</ele>
        <time>2025-05-14T11:38:06.997000Z</time>
      </trkpt>
      <trkpt lat="55.693478" lon="12.595907">
        <ele>6.0</ele>
        <time>2025-05-14T11:38:09.997000Z</time>
      </trkpt>
      <trkpt lat="55.6935" lon="12.595716">
        <ele>6.0</ele>
        <time>2025-05-14T11:38:12.997000Z</time>
      </trkpt>
      <trkpt lat="55.693569" lon="12.595569">
        <ele>6.1</ele>
        <time>2025-05-14T11:38:15.997000Z</time>
      </trkpt>
      <trkpt lat="55.693681" lon="12.595461">
        <ele>6.2</ele>
        <time>2025-05-14T11:38:18.997000Z</time>
      </trkpt>
      <trkpt lat="55.693795" lon="12.595355">
        <ele>6.3</ele>
        <time>2025-05-14T11:38:21.997000Z</time>
      </trkpt>
      <trkpt lat="55.69391" lon="12.595275">
        <ele>6.3</ele>
        <time>2025-05-14T11:38:24.997000Z</time>
      </trkpt>
      <trkpt lat="55.694041" lon="12.595192">
        <ele>6.4</ele>
        <time>2025-05-14T11:38:27.997000Z</time>
      </trkpt>
      <trkpt lat="55.694132" lon="12.595125">
        <ele>6.5</ele>
        <time>2025-05-14T11:38:29.997000Z</time>
      </trkpt>
      <trkpt lat="55.69423" lon="12.595008">
        <ele>6.6</ele>
        <time>2025-05-14T11:38:32.997000Z</time>
      </trkpt>
      <trkpt lat="55.694298" lon="12.594864">
        <ele>6.6</ele>
        <time>2025-05-14T11:38:35.997000Z</time>
      </trkpt>
      <trkpt lat="55.694296" lon="12.594681">
        <ele>6.6</ele>
        <time>2025-05-14T11:38:39.997000Z</time>
      </trkpt>
      <trkpt lat="55.694228" lon="12.594539">
        <ele>6.6</ele>
        <time>2025-05-14T11:38:42.997000Z</time>
      </trkpt>
      <trkpt lat="55.694129" lon="12.59439">
        <ele>6.5</ele>
        <time>2025-05-14T11:38:45.997000Z</time>
      </trkpt>
      <trkpt lat="55.69406" lon="12.594206">
        <ele>6.4</ele>
        <time>2025-05-14T11:38:48.997000Z</time>
      </trkpt>
      <trkpt lat="55.694108" lon="12.594016">
        <ele>6.4</ele>
        <time>2025-05-14T11:38:50.997000Z</time>
      </trkpt>
      <trkpt lat="55.694169" lon="12.593881">
        <ele>6.3</ele>
        <time>2025-05-14T11:38:52.997000Z</time>
      </trkpt>
      <trkpt lat="55.694227" lon="12.593731">
        <ele>6.3</ele>
        <time>2025-05-14T11:38:54.997000Z</time>
      </trkpt>
      <trkpt lat="55.694283" lon="12.593575">
        <ele>6.2</ele>
        <time>2025-05-14T11:38:56.997000Z</time>
      </trkpt>
      <trkpt lat="55.694308" lon="12.593404">
        <ele>6.1</ele>
        <time>2025-05-14T11:38:58.997000Z</time>
      </trkpt>
      <trkpt lat="55.694333" lon="12.593222">
        <ele>6.1</ele>
        <time>2025-05-14T11:39:00.997000Z</time>
      </trkpt>
      <trkpt lat="55.694415" lon="12.593128">
        <ele>6.0</ele>
        <time>2025-05-14T11:39:03.997000Z</time>
      </trkpt>
      <trkpt lat="55.694514" lon="12.593232">
        <ele>5.9</ele>
        <time>2025-05-14T11:39:08.997000Z</time>
      </trkpt>
      <trkpt lat="55.694607" lon="12.593352">
        <ele>5.9</ele>
        <time>2025-05-14T11:39:12.997000Z</time>
      </trkpt>
      <trkpt lat="55.694698" lon="12.593456">
        <ele>5.8</ele>
        <time>2025-05-14T11:39:15.997000Z</time>
      </trkpt>
      <trkpt lat="55.694784" lon="12.593578">
        <ele>5.8</ele>
        <time>2025-05-14T11:39:18.997000Z</time>
      </trkpt>
      <trkpt lat="55.694869" lon="12.593735">
        <ele>5.7</ele>
        <time>2025-05-14T11:39:22.997000Z</time>
      </trkpt>
      <trkpt lat="55.694953" lon="12.593863">
        <ele>5.6</ele>
        <time>2025-05-14T11:39:25.997000Z</time>
      </trkpt>
      <trkpt lat="55.695038" lon="12.593979">
        <ele>5.6</ele>
        <time>2025-05-14T11:39:28.997000Z</time>
      </trkpt>
      <trkpt lat="55.695138" lon="12.594071">
        <ele>5.5</ele>
        <time>2025-05-14T11:39:31.997000Z</time>
      </trkpt>
      <trkpt lat="55.695242" lon="12.594147">
        <ele>5.4</ele>
        <time>2025-05-14T11:39:34.997000Z</time>
      </trkpt>
      <trkpt lat="55.695663" lon="12.594231">
        <ele>5.2</ele>
        <time>2025-05-14T11:40:17.996000Z</time>
      </trkpt>
      <trkpt lat="55.695766" lon="12.5942">
        <ele>5.1</ele>
        <time>2025-05-14T11:40:20.996000Z</time>
      </trkpt>
      <trkpt lat="55.695868" lon="12.59412">
        <ele>5.0</ele>
        <time>2025-05-14T11:40:23.996000Z</time>
      </trkpt>
      <trkpt lat="55.695967" lon="12.59404">
        <ele>5.0</ele>
        <time>2025-05-14T11:40:26.996000Z</time>
      </trkpt>
      <trkpt lat="55.696066" lon="12.593965">
        <ele>4.9</ele>
        <time>2025-05-14T11:40:29.996000Z</time>
      </trkpt>
      <trkpt lat="55.696157" lon="12.593893">
        <ele>4.9</ele>
        <time>2025-05-14T11:40:32.996000Z</time>
      </trkpt>
      <trkpt lat="55.696238" lon="12.593818">
        <ele>4.8</ele>
        <time>2025-05-14T11:40:36.996000Z</time>
      </trkpt>
      <trkpt lat="55.696153" lon="12.593896">
        <ele>4.8</ele>
        <time>2025-05-14T11:40:47.996000Z</time>
      </trkpt>
      <trkpt lat="55.696254" lon="12.593946">
        <ele>4.7</ele>
        <time>2025-05-14T11:40:56.996000Z</time>
      </trkpt>
      <trkpt lat="55.696331" lon="12.59405">
        <ele>4.6</ele>
        <time>2025-05-14T11:41:00.996000Z</time>
      </trkpt>
      <trkpt lat="55.696439" lon="12.59411">
        <ele>4.6</ele>
        <time>2025-05-14T11:41:04.996000Z</time>
      </trkpt>
      <trkpt lat="55.696555" lon="12.594069">
        <ele>4.5</ele>
        <time>2025-05-14T11:41:07.996000Z</time>
      </trkpt>
      <trkpt lat="55.696648" lon="12.594102">
        <ele>4.5</ele>
        <time>2025-05-14T11:41:10.996000Z</time>
      </trkpt>
      <trkpt lat="55.696757" lon="12.594181">
        <ele>4.4</ele>
        <time>2025-05-14T11:41:13.996000Z</time>
      </trkpt>
      <trkpt lat="55.696854" lon="12.594259">
        <ele>4.4</ele>
        <time>2025-05-14T11:41:16.996000Z</time>
      </trkpt>
      <trkpt lat="55.696952" lon="12.594253">
        <ele>4.3</ele>
        <time>2025-05-14T11:41:19.996000Z</time>
      </trkpt>
      <trkpt lat="55.697053" lon="12.59428">
        <ele>4.3</ele>
        <time>2025-05-14T11:41:23.996000Z</time>
      </trkpt>
      <trkpt lat="55.697136" lon="12.594373">
        <ele>4.2</ele>
        <time>2025-05-14T11:41:26.996000Z</time>
      </trkpt>
      <trkpt lat="55.697219" lon="12.594444">
        <ele>4.2</ele>
        <time>2025-05-14T11:41:29.996000Z</time>
      </trkpt>
      <trkpt lat="55.69734" lon="12.594502">
        <ele>4.1</ele>
        <time>2025-05-14T11:41:34.996000Z</time>
      </trkpt>
      <trkpt lat="55.697423" lon="12.594564">
        <ele>4.1</ele>
        <time>2025-05-14T11:41:37.996000Z</time>
      </trkpt>
      <trkpt lat="55.697524" lon="12.594601">
        <ele>4.1</ele>
        <time>2025-05-14T11:41:40.996000Z</time>
      </trkpt>
      <trkpt lat="55.697616" lon="12.594635">
        <ele>4.0</ele>
        <time>2025-05-14T11:41:43.996000Z</time>
      </trkpt>
      <trkpt lat="55.697715" lon="12.59467">
        <ele>4.0</ele>
        <time>2025-05-14T11:41:46.996000Z</time>
      </trkpt>
      <trkpt lat="55.697827" lon="12.594703">
        <ele>3.9</ele>
        <time>2025-05-14T11:41:50.996000Z</time>
      </trkpt>
      <trkpt lat="55.697927" lon="12.594741">
        <ele>3.9</ele>
        <time>2025-05-14T11:41:54.996000Z</time>
      </trkpt>
      <trkpt lat="55.698028" lon="12.594745">
        <ele>3.8</ele>
        <time>2025-05-14T11:41:58.996000Z</time>
      </trkpt>
      <trkpt lat="55.698117" lon="12.594776">
        <ele>3.8</ele>
        <time>2025-05-14T11:42:02.996000Z</time>
      </trkpt>
      <trkpt lat="55.698061" lon="12.594635">
        <ele>3.7</ele>
        <time>2025-05-14T11:42:11.997000Z</time>
      </trkpt>
      <trkpt lat="55.697971" lon="12.594696">
        <ele>3.6</ele>
        <time>2025-05-14T11:42:23.997000Z</time>
      </trkpt>
      <trkpt lat="55.698159" lon="12.595084">
        <ele>3.2</ele>
        <time>2025-05-14T12:05:05.994000Z</time>
      </trkpt>
      <trkpt lat="55.698292" lon="12.595085">
        <ele>3.1</ele>
        <time>2025-05-14T12:05:09.994000Z</time>
      </trkpt>
      <trkpt lat="55.698396" lon="12.595072">
        <ele>2.9</ele>
        <time>2025-05-14T12:05:12.994000Z</time>
      </trkpt>
      <trkpt lat="55.698515" lon="12.595051">
        <ele>2.8</ele>
        <time>2025-05-14T12:05:16.994000Z</time>
      </trkpt>
      <trkpt lat="55.698611" lon="12.595048">
        <ele>2.7</ele>
        <time>2025-05-14T12:05:20.994000Z</time>
      </trkpt>
      <trkpt lat="55.698704" lon="12.595073">
        <ele>2.5</ele>
        <time>2025-05-14T12:05:23.994000Z</time>
      </trkpt>
      <trkpt lat="55.698813" lon="12.595105">
        <ele>2.4</ele>
        <time>2025-05-14T12:05:27.994000Z</time>
      </trkpt>
      <trkpt lat="55.698915" lon="12.59514">
        <ele>2.3</ele>
        <time>2025-05-14T12:05:30.994000Z</time>
      </trkpt>
      <trkpt lat="55.699034" lon="12.595169">
        <ele>2.1</ele>
        <time>2025-05-14T12:05:34.993000Z</time>
      </trkpt>
      <trkpt lat="55.699143" lon="12.595218">
        <ele>2.0</ele>
        <time>2025-05-14T12:05:37.993000Z</time>
      </trkpt>
      <trkpt lat="55.699251" lon="12.595255">
        <ele>1.8</ele>
        <time>2025-05-14T12:05:41.993000Z</time>
      </trkpt>
      <trkpt lat="55.699395" lon="12.595303">
        <ele>1.6</ele>
        <time>2025-05-14T12:05:45.993000Z</time>
      </trkpt>
      <trkpt lat="55.699496" lon="12.595337">
        <ele>1.5</ele>
        <time>2025-05-14T12:05:49.993000Z</time>
      </trkpt>
      <trkpt lat="55.699607" lon="12.595376">
        <ele>1.6</ele>
        <time>2025-05-14T12:05:53.993000Z</time>
      </trkpt>
      <trkpt lat="55.699706" lon="12.59541">
        <ele>1.7</ele>
        <time>2025-05-14T12:05:57.993000Z</time>
      </trkpt>
      <trkpt lat="55.699812" lon="12.595447">
        <ele>1.8</ele>
        <time>2025-05-14T12:06:00.993000Z</time>
      </trkpt>
      <trkpt lat="55.699925" lon="12.595487">
        <ele>2.0</ele>
        <time>2025-05-14T12:06:03.993000Z</time>
      </trkpt>
      <trkpt lat="55.700056" lon="12.595532">
        <ele>2.1</ele>
        <time>2025-05-14T12:06:07.993000Z</time>
      </trkpt>
      <trkpt lat="55.700145" lon="12.595563">
        <ele>2.3</ele>
        <time>2025-05-14T12:06:10.993000Z</time>
      </trkpt>
      <trkpt lat="55.700263" lon="12.595602">
        <ele>2.4</ele>
        <time>2025-05-14T12:06:14.993000Z</time>
      </trkpt>
      <trkpt lat="55.700369" lon="12.595665">
        <ele>2.5</ele>
        <time>2025-05-14T12:06:17.993000Z</time>
      </trkpt>
      <trkpt lat="55.70046" lon="12.595621">
        <ele>2.7</ele>
        <time>2025-05-14T12:06:20.993000Z</time>
      </trkpt>
      <trkpt lat="55.700494" lon="12.595456">
        <ele>2.8</ele>
        <time>2025-05-14T12:06:25.993000Z</time>
      </trkpt>
      <trkpt lat="55.700582" lon="12.595331">
        <ele>2.9</ele>
        <time>2025-05-14T12:06:28.993000Z</time>
      </trkpt>
      <trkpt lat="55.700646" lon="12.595212">
        <ele>3.0</ele>
        <time>2025-05-14T12:06:31.993000Z</time>
      </trkpt>
      <trkpt lat="55.700747" lon="12.595064">
        <ele>3.2</ele>
        <time>2025-05-14T12:06:34.994000Z</time>
      </trkpt>
      <trkpt lat="55.700827" lon="12.59498">
        <ele>3.3</ele>
        <time>2025-05-14T12:06:37.993000Z</time>
      </trkpt>
      <trkpt lat="55.700913" lon="12.594888">
        <ele>3.5</ele>
        <time>2025-05-14T12:06:44.993000Z</time>
      </trkpt>
      <trkpt lat="55.70102" lon="12.594891">
        <ele>3.6</ele>
        <time>2025-05-14T12:06:59.993000Z</time>
      </trkpt>
      <trkpt lat="55.701084" lon="12.595007">
        <ele>3.7</ele>
        <time>2025-05-14T12:07:05.993000Z</time>
      </trkpt>
      <trkpt lat="55.701105" lon="12.594506">
        <ele>3.7</ele>
        <time>2025-05-14T12:09:20.993000Z</time>
      </trkpt>
      <trkpt lat="55.701069" lon="12.594359">
        <ele>3.7</ele>
        <time>2025-05-14T12:09:37.993000Z</time>
      </trkpt>
      <trkpt lat="55.701305" lon="12.593628">
        <ele>3.7</ele>
        <time>2025-05-14T12:10:23.993000Z</time>
      </trkpt>
      <trkpt lat="55.701403" lon="12.593597">
        <ele>3.7</ele>
        <time>2025-05-14T12:10:27.993000Z</time>
      </trkpt>
      <trkpt lat="55.701538" lon="12.59358">
        <ele>3.7</ele>
        <time>2025-05-14T12:10:31.993000Z</time>
      </trkpt>
      <trkpt lat="55.701655" lon="12.593598">
        <ele>3.7</ele>
        <time>2025-05-14T12:10:34.993000Z</time>
      </trkpt>
      <trkpt lat="55.701755" lon="12.593586">
        <ele>3.7</ele>
        <time>2025-05-14T12:10:38.993000Z</time>
      </trkpt>
      <trkpt lat="55.70184" lon="12.593533">
        <ele>3.7</ele>
        <time>2025-05-14T12:10:49.992000Z</time>
      </trkpt>
      <trkpt lat="55.701832" lon="12.59337">
        <ele>3.7</ele>
        <time>2025-05-14T12:10:56.992000Z</time>
      </trkpt>
      <trkpt lat="55.701862" lon="12.593206">
        <ele>3.7</ele>
        <time>2025-05-14T12:11:01.992000Z</time>
      </trkpt>
      <trkpt lat="55.701925" lon="12.593093">
        <ele>3.7</ele>
        <time>2025-05-14T12:11:08.992000Z</time>
      </trkpt>
      <trkpt lat="55.702199" lon="12.592871">
        <ele>3.7</ele>
        <time>2025-05-14T12:13:57.992000Z</time>
      </trkpt>
      <trkpt lat="55.702295" lon="12.592866">
        <ele>3.7</ele>
        <time>2025-05-14T12:14:12.992000Z</time>
      </trkpt>
      <trkpt lat="55.702387" lon="12.59283">
        <ele>3.7</ele>
        <time>2025-05-14T12:14:25.992000Z</time>
      </trkpt>
      <trkpt lat="55.702476" lon="12.592797">
        <ele>3.7</ele>
        <time>2025-05-14T12:14:36.992000Z</time>
      </trkpt>
      <trkpt lat="55.702576" lon="12.592754">
        <ele>3.7</ele>
        <time>2025-05-14T12:14:46.992000Z</time>
      </trkpt>
      <trkpt lat="55.70267" lon="12.592741">
        <ele>3.7</ele>
        <time>2025-05-14T12:14:54.992000Z</time>
      </trkpt>
      <trkpt lat="55.702759" lon="12.592853">
        <ele>3.7</ele>
        <time>2025-05-14T12:15:05.991000Z</time>
      </trkpt>
    </trkseg>
  </trk>
  <trk>
    <name>2025-05-15</name>
    <trkseg>
      <trkpt lat="59.921937" lon="10.751672">
        <ele>82.1</ele>
        <time>2025-05-15T09:50:01.002000Z</time>
      </trkpt>
      <trkpt lat="59.921937" lon="10.751873">
        <ele>82.1</ele>
        <time>2025-05-15T09:50:10.002000Z</time>
      </trkpt>
      <trkpt lat="59.922013" lon="10.751775">
        <ele>82.1</ele>
        <time>2025-05-15T09:50:21.002000Z</time>
      </trkpt>
      <trkpt lat="59.922123" lon="10.751709">
        <ele>82.1</ele>
        <time>2025-05-15T09:50:38.002000Z</time>
      </trkpt>
      <trkpt lat="59.922209" lon="10.751574">
        <ele>82.1</ele>
        <time>2025-05-15T09:50:54.002000Z</time>
      </trkpt>
      <trkpt lat="59.922291" lon="10.7515">
        <ele>82.1</ele>
        <time>2025-05-15T09:51:04.002000Z</time>
      </trkpt>
      <trkpt lat="59.922394" lon="10.751505">
        <ele>82.1</ele>
        <time>2025-05-15T09:51:13.002000Z</time>
      </trkpt>
      <trkpt lat="59.922501" lon="10.751516">
        <ele>82.1</ele>
        <time>2025-05-15T09:51:19.002000Z</time>
      </trkpt>
      <trkpt lat="59.92261" lon="10.75157">
        <ele>82.1</ele>
        <time>2025-05-15T09:51:25.002000Z</time>
      </trkpt>
      <trkpt lat="59.922701" lon="10.751635">
        <ele>81.5</ele>
        <time>2025-05-15T09:51:28.002000Z</time>
      </trkpt>
      <trkpt lat="59.92281" lon="10.751686">
        <ele>78.8</ele>
        <time>2025-05-15T09:51:32.002000Z</time>
      </trkpt>
      <trkpt lat="59.922918" lon="10.751749">
        <ele>76.2</ele>
        <time>2025-05-15T09:51:36.002000Z</time>
      </trkpt>
      <trkpt lat="59.923008" lon="10.751763">
        <ele>74.0</ele>
        <time>2025-05-15T09:51:39.002000Z</time>
      </trkpt>
      <trkpt lat="59.923121" lon="10.751806">
        <ele>71.3</ele>
        <time>2025-05-15T09:51:43.002000Z</time>
      </trkpt>
      <trkpt lat="59.923238" lon="10.751854">
        <ele>68.5</ele>
        <time>2025-05-15T09:51:47.002000Z</time>
      </trkpt>
      <trkpt lat="59.923339" lon="10.751838">
        <ele>66.1</ele>
        <time>2025-05-15T09:51:57.002000Z</time>
      </trkpt>
      <trkpt lat="59.923394" lon="10.751664">
        <ele>63.7</ele>
        <time>2025-05-15T09:52:06.002000Z</time>
      </trkpt>
      <trkpt lat="59.923454" lon="10.751529">
        <ele>61.5</ele>
        <time>2025-05-15T09:52:11.002000Z</time>
      </trkpt>
      <trkpt lat="59.923504" lon="10.75135">
        <ele>59.1</ele>
        <time>2025-05-15T09:52:18.002000Z</time>
      </trkpt>
      <trkpt lat="59.923564" lon="10.751215">
        <ele>57.0</ele>
        <time>2025-05-15T09:52:25.002000Z</time>
      </trkpt>
      <trkpt lat="59.923431" lon="10.751721">
        <ele>50.2</ele>
        <time>2025-05-15T09:53:49.003000Z</time>
      </trkpt>
      <trkpt lat="59.923346" lon="10.751814">
        <ele>47.9</ele>
        <time>2025-05-15T09:53:55.003000Z</time>
      </trkpt>
      <trkpt lat="59.923252" lon="10.751835">
        <ele>45.7</ele>
        <time>2025-05-15T09:54:08.003000Z</time>
      </trkpt>
      <trkpt lat="59.923177" lon="10.751964">
        <ele>43.3</ele>
        <time>2025-05-15T09:54:17.002000Z</time>
      </trkpt>
      <trkpt lat="59.923148" lon="10.752137">
        <ele>41.2</ele>
        <time>2025-05-15T09:54:21.002000Z</time>
      </trkpt>
      <trkpt lat="59.923106" lon="10.752302">
        <ele>39.6</ele>
        <time>2025-05-15T09:54:27.003000Z</time>
      </trkpt>
      <trkpt lat="59.923046" lon="10.752453">
        <ele>39.4</ele>
        <time>2025-05-15T09:54:52.003000Z</time>
      </trkpt>
      <trkpt lat="59.923085" lon="10.75285">
        <ele>39.2</ele>
        <time>2025-05-15T10:03:35.005000Z</time>
      </trkpt>
      <trkpt lat="59.923128" lon="10.752663">
        <ele>39.1</ele>
        <time>2025-05-15T10:03:42.005000Z</time>
      </trkpt>
      <trkpt lat="59.923157" lon="10.752461">
        <ele>39.0</ele>
        <time>2025-05-15T10:03:48.005000Z</time>
      </trkpt>
      <trkpt lat="59.923199" lon="10.752269">
        <ele>38.9</ele>
        <time>2025-05-15T10:03:56.005000Z</time>
      </trkpt>
      <trkpt lat="59.923222" lon="10.752093">
        <ele>38.8</ele>
        <time>2025-05-15T10:04:01.005000Z</time>
      </trkpt>
      <trkpt lat="59.923207" lon="10.751914">
        <ele>38.7</ele>
        <time>2025-05-15T10:04:12.005000Z</time>
      </trkpt>
      <trkpt lat="59.923278" lon="10.751791">
        <ele>38.6</ele>
        <time>2025-05-15T10:04:20.006000Z</time>
      </trkpt>
      <trkpt lat="59.923371" lon="10.751805">
        <ele>38.5</ele>
        <time>2025-05-15T10:04:27.006000Z</time>
      </trkpt>
      <trkpt lat="59.923377" lon="10.751619">
        <ele>38.3</ele>
        <time>2025-05-15T10:04:34.006000Z</time>
      </trkpt>
      <trkpt lat="59.923395" lon="10.751439">
        <ele>38.2</ele>
        <time>2025-05-15T10:04:40.006000Z</time>
      </trkpt>
      <trkpt lat="59.923431" lon="10.751254">
        <ele>38.1</ele>
        <time>2025-05-15T10:04:46.006000Z</time>
      </trkpt>
      <trkpt lat="59.923519" lon="10.75113">
        <ele>38.0</ele>
        <time>2025-05-15T10:04:52.006000Z</time>
      </trkpt>
      <trkpt lat="59.923616" lon="10.75102">
        <ele>37.9</ele>
        <time>2025-05-15T10:04:58.007000Z</time>
      </trkpt>
      <trkpt lat="59.923722" lon="10.750954">
        <ele>37.8</ele>
        <time>2025-05-15T10:05:03.006000Z</time>
      </trkpt>
      <trkpt lat="59.92382" lon="10.750879">
        <ele>37.6</ele>
        <time>2025-05-15T10:05:07.006000Z</time>
      </trkpt>
      <trkpt lat="59.923911" lon="10.7508">
        <ele>37.5</ele>
        <time>2025-05-15T10:05:12.007000Z</time>
      </trkpt>
      <trkpt lat="59.923997" lon="10.750722">
        <ele>37.4</ele>
        <time>2025-05-15T10:05:17.006000Z</time>
      </trkpt>
      <trkpt lat="59.92409" lon="10.750691">
        <ele>37.2</ele>
        <time>2025-05-15T10:05:22.006000Z</time>
      </trkpt>
      <trkpt lat="59.923929" lon="10.750864">
        <ele>36.9</ele>
        <time>2025-05-15T10:05:56.006000Z</time>
      </trkpt>
      <trkpt lat="59.923929" lon="10.751078">
        <ele>36.8</ele>
        <time>2025-05-15T10:06:02.006000Z</time>
      </trkpt>
      <trkpt lat="59.923931" lon="10.751279">
        <ele>36.6</ele>
        <time>2025-05-15T10:06:07.006000Z</time>
      </trkpt>
      <trkpt lat="59.923924" lon="10.751458">
        <ele>36.4</ele>
        <time>2025-05-15T10:06:11.006000Z</time>
      </trkpt>
      <trkpt lat="59.923943" lon="10.751636">
        <ele>36.3</ele>
        <time>2025-05-15T10:06:16.006000Z</time>
      </trkpt>
      <trkpt lat="59.924033" lon="10.751697">
        <ele>36.2</ele>
        <time>2025-05-15T10:06:23.006000Z</time>
      </trkpt>
      <trkpt lat="59.924138" lon="10.751718">
        <ele>36.0</ele>
        <time>2025-05-15T10:06:28.006000Z</time>
      </trkpt>
      <trkpt lat="59.924232" lon="10.75182">
        <ele>35.8</ele>
        <time>2025-05-15T10:06:33.006000Z</time>
      </trkpt>
      <trkpt lat="59.924332" lon="10.751911">
        <ele>35.6</ele>
        <time>2025-05-15T10:06:39.006000Z</time>
      </trkpt>
      <trkpt lat="59.924429" lon="10.751892">
        <ele>35.5</ele>
        <time>2025-05-15T10:06:43.006000Z</time>
      </trkpt>
      <trkpt lat="59.924521" lon="10.751881">
        <ele>35.3</ele>
        <time>2025-05-15T10:06:49.006000Z</time>
      </trkpt>
      <trkpt lat="59.924614" lon="10.751923">
        <ele>35.2</ele>
        <time>2025-05-15T10:06:58.006000Z</time>
      </trkpt>
      <trkpt lat="59.925085" lon="10.752323">
        <ele>36.2</ele>
        <time>2025-05-15T10:07:32.007000Z</time>
      </trkpt>
      <trkpt lat="59.925188" lon="10.752293">
        <ele>36.9</ele>
        <time>2025-05-15T10:07:35.007000Z</time>
      </trkpt>
      <trkpt lat="59.925296" lon="10.752302">
        <ele>37.7</ele>
        <time>2025-05-15T10:07:39.007000Z</time>
      </trkpt>
      <trkpt lat="59.925378" lon="10.752411">
        <ele>38.4</ele>
        <time>2025-05-15T10:07:44.007000Z</time>
      </trkpt>
      <trkpt lat="59.925462" lon="10.752546">
        <ele>39.2</ele>
        <time>2025-05-15T10:07:51.007000Z</time>
      </trkpt>
      <trkpt lat="59.925547" lon="10.752611">
        <ele>39.9</ele>
        <time>2025-05-15T10:07:57.007000Z</time>
      </trkpt>
      <trkpt lat="59.925649" lon="10.752643">
        <ele>40.6</ele>
        <time>2025-05-15T10:08:03.007000Z</time>
      </trkpt>
      <trkpt lat="59.925745" lon="10.752712">
        <ele>41.4</ele>
        <time>2025-05-15T10:08:09.007000Z</time>
      </trkpt>
      <trkpt lat="59.925845" lon="10.75276">
        <ele>42.1</ele>
        <time>2025-05-15T10:08:17.007000Z</time>
      </trkpt>
      <trkpt lat="59.926175" lon="10.752969">
        <ele>44.7</ele>
        <time>2025-05-15T10:09:03.008000Z</time>
      </trkpt>
      <trkpt lat="59.92627" lon="10.753008">
        <ele>45.4</ele>
        <time>2025-05-15T10:09:10.008000Z</time>
      </trkpt>
      <trkpt lat="59.926358" lon="10.753061">
        <ele>46.0</ele>
        <time>2025-05-15T10:09:18.008000Z</time>
      </trkpt>
      <trkpt lat="59.926634" lon="10.753425">
        <ele>48.0</ele>
        <time>2025-05-15T10:10:00.007000Z</time>
      </trkpt>
      <trkpt lat="59.926788" lon="10.753578">
        <ele>48.3</ele>
        <time>2025-05-15T10:10:26.007000Z</time>
      </trkpt>
      <trkpt lat="59.926889" lon="10.754432">
        <ele>49.1</ele>
        <time>2025-05-15T10:13:19.008000Z</time>
      </trkpt>
      <trkpt lat="59.926978" lon="10.75454">
        <ele>49.3</ele>
        <time>2025-05-15T10:13:26.008000Z</time>
      </trkpt>
      <trkpt lat="59.927069" lon="10.754632">
        <ele>49.5</ele>
        <time>2025-05-15T10:13:32.009000Z</time>
      </trkpt>
      <trkpt lat="59.927154" lon="10.754724">
        <ele>49.7</ele>
        <time>2025-05-15T10:13:37.008000Z</time>
      </trkpt>
      <trkpt lat="59.927245" lon="10.754786">
        <ele>49.9</ele>
        <time>2025-05-15T10:13:42.008000Z</time>
      </trkpt>
      <trkpt lat="59.927346" lon="10.754874">
        <ele>50.1</ele>
        <time>2025-05-15T10:13:47.008000Z</time>
      </trkpt>
      <trkpt lat="59.927429" lon="10.75496">
        <ele>50.3</ele>
        <time>2025-05-15T10:13:49.008000Z</time>
      </trkpt>
      <trkpt lat="59.927517" lon="10.755076">
        <ele>50.5</ele>
        <time>2025-05-15T10:13:52.008000Z</time>
      </trkpt>
      <trkpt lat="59.927593" lon="10.755223">
        <ele>50.7</ele>
        <time>2025-05-15T10:13:55.008000Z</time>
      </trkpt>
      <trkpt lat="59.927696" lon="10.755316">
        <ele>50.9</ele>
        <time>2025-05-15T10:14:00.008000Z</time>
      </trkpt>
      <trkpt lat="59.927811" lon="10.755349">
        <ele>51.2</ele>
        <time>2025-05-15T10:14:05.008000Z</time>
      </trkpt>
      <trkpt lat="59.927903" lon="10.755335">
        <ele>51.2</ele>
        <time>2025-05-15T10:14:10.008000Z</time>
      </trkpt>
      <trkpt lat="59.928008" lon="10.755292">
        <ele>51.0</ele>
        <time>2025-05-15T10:14:16.008000Z</time>
      </trkpt>
      <trkpt lat="59.928118" lon="10.755345">
        <ele>50.7</ele>
        <time>2025-05-15T10:14:25.008000Z</time>
      </trkpt>
      <trkpt lat="59.928232" lon="10.755449">
        <ele>50.5</ele>
        <time>2025-05-15T10:14:29.008000Z</time>
      </trkpt>
      <trkpt lat="59.928363" lon="10.755453">
        <ele>50.2</ele>
        <time>2025-05-15T10:14:32.009000Z</time>
      </trkpt>
      <trkpt lat="59.92847" lon="10.755465">
        <ele>50.0</ele>
        <time>2025-05-15T10:14:35.009000Z</time>
      </trkpt>
      <trkpt lat="59.928668" lon="10.755571">
        <ele>49.5</ele>
        <time>2025-05-15T10:14:43.009000Z</time>
      </trkpt>
      <trkpt lat="59.928756" lon="10.755657">
        <ele>49.3</ele>
        <time>2025-05-15T10:14:48.009000Z</time>
      </trkpt>
      <trkpt lat="59.928848" lon="10.755766">
        <ele>49.1</ele>
        <time>2025-05-15T10:14:55.009000Z</time>
      </trkpt>
      <trkpt lat="59.928942" lon="10.755845">
        <ele>48.9</ele>
        <time>2025-05-15T10:15:01.009000Z</time>
      </trkpt>
      <trkpt lat="59.929034" lon="10.755867">
        <ele>48.7</ele>
        <time>2025-05-15T10:15:05.009000Z</time>
      </trkpt>
      <trkpt lat="59.929142" lon="10.755969">
        <ele>48.4</ele>
        <time>2025-05-15T10:15:09.009000Z</time>
      </trkpt>
      <trkpt lat="59.929247" lon="10.75606">
        <ele>48.2</ele>
        <time>2025-05-15T10:15:12.009000Z</time>
      </trkpt>
      <trkpt lat="59.929324" lon="10.756162">
        <ele>48.0</ele>
        <time>2025-05-15T10:15:14.009000Z</time>
      </trkpt>
      <trkpt lat="59.929413" lon="10.75624">
        <ele>47.8</ele>
        <time>2025-05-15T10:15:18.009000Z</time>
      </trkpt>
      <trkpt lat="59.929512" lon="10.756359">
        <ele>47.6</ele>
        <time>2025-05-15T10:15:22.009000Z</time>
      </trkpt>
      <trkpt lat="59.929585" lon="10.756482">
        <ele>48.6</ele>
        <time>2025-05-15T10:15:26.009000Z</time>
      </trkpt>
      <trkpt lat="59.92966" lon="10.756608">
        <ele>50.4</ele>
        <time>2025-05-15T10:15:30.009000Z</time>
      </trkpt>
      <trkpt lat="59.929741" lon="10.756727">
        <ele>52.2</ele>
        <time>2025-05-15T10:15:34.009000Z</time>
      </trkpt>
      <trkpt lat="59.929821" lon="10.756868">
        <ele>54.1</ele>
        <time>2025-05-15T10:15:38.009000Z</time>
      </trkpt>
      <trkpt lat="59.929889" lon="10.756994">
        <ele>55.8</ele>
        <time>2025-05-15T10:15:44.009000Z</time>
      </trkpt>
      <trkpt lat="59.929951" lon="10.757145">
        <ele>57.5</ele>
        <time>2025-05-15T10:15:51.009000Z</time>
      </trkpt>
      <trkpt lat="59.93004" lon="10.757207">
        <ele>59.2</ele>
        <time>2025-05-15T10:15:58.009000Z</time>
      </trkpt>
      <trkpt lat="59.930114" lon="10.757908">
        <ele>65.7</ele>
        <time>2025-05-15T10:19:27.010000Z</time>
      </trkpt>
      <trkpt lat="59.930219" lon="10.757885">
        <ele>67.6</ele>
        <time>2025-05-15T10:19:50.010000Z</time>
      </trkpt>
      <trkpt lat="59.930312" lon="10.757814">
        <ele>69.3</ele>
        <time>2025-05-15T10:19:59.011000Z</time>
      </trkpt>
      <trkpt lat="59.930406" lon="10.757758">
        <ele>71.1</ele>
        <time>2025-05-15T10:20:08.011000Z</time>
      </trkpt>
      <trkpt lat="59.930502" lon="10.757644">
        <ele>73.1</ele>
        <time>2025-05-15T10:20:14.011000Z</time>
      </trkpt>
      <trkpt lat="59.930594" lon="10.757609">
        <ele>74.8</ele>
        <time>2025-05-15T10:20:21.011000Z</time>
      </trkpt>
      <trkpt lat="59.93067" lon="10.757714">
        <ele>76.5</ele>
        <time>2025-05-15T10:20:36.011000Z</time>
      </trkpt>
      <trkpt lat="59.93075" lon="10.757809">
        <ele>78.1</ele>
        <time>2025-05-15T10:21:01.011000Z</time>
      </trkpt>
      <trkpt lat="59.930775" lon="10.757985">
        <ele>79.8</ele>
        <time>2025-05-15T10:21:15.011000Z</time>
      </trkpt>
      <trkpt lat="59.930783" lon="10.758181">
        <ele>78.9</ele>
        <time>2025-05-15T10:21:26.011000Z</time>
      </trkpt>
      <trkpt lat="59.930812" lon="10.758352">
        <ele>78.0</ele>
        <time>2025-05-15T10:21:34.011000Z</time>
      </trkpt>
      <trkpt lat="59.930612" lon="10.759181">
        <ele>73.7</ele>
        <time>2025-05-15T10:23:39.011000Z</time>
      </trkpt>
      <trkpt lat="59.930631" lon="10.759372">
        <ele>72.8</ele>
        <time>2025-05-15T10:23:43.011000Z</time>
      </trkpt>
      <trkpt lat="59.930626" lon="10.759584">
        <ele>71.8</ele>
        <time>2025-05-15T10:23:47.011000Z</time>
      </trkpt>
      <trkpt lat="59.930606" lon="10.759776">
        <ele>70.8</ele>
        <time>2025-05-15T10:23:51.011000Z</time>
      </trkpt>
      <trkpt lat="59.930607" lon="10.759991">
        <ele>69.8</ele>
        <time>2025-05-15T10:23:55.011000Z</time>
      </trkpt>
      <trkpt lat="59.9306" lon="10.760179">
        <ele>68.9</ele>
        <time>2025-05-15T10:23:59.011000Z</time>
      </trkpt>
      <trkpt lat="59.930557" lon="10.760373">
        <ele>67.9</ele>
        <time>2025-05-15T10:24:05.012000Z</time>
      </trkpt>
      <trkpt lat="59.930512" lon="10.760536">
        <ele>67.1</ele>
        <time>2025-05-15T10:24:09.012000Z</time>
      </trkpt>
      <trkpt lat="59.930489" lon="10.760733">
        <ele>66.1</ele>
        <time>2025-05-15T10:24:14.012000Z</time>
      </trkpt>
      <trkpt lat="59.930372" lon="10.761426">
        <ele>62.9</ele>
        <time>2025-05-15T10:25:17.012000Z</time>
      </trkpt>
      <trkpt lat="59.930349" lon="10.76161">
        <ele>63.0</ele>
        <time>2025-05-15T10:25:21.012000Z</time>
      </trkpt>
      <trkpt lat="59.93033" lon="10.761794">
        <ele>63.0</ele>
        <time>2025-05-15T10:25:25.012000Z</time>
      </trkpt>
      <trkpt lat="59.930325" lon="10.762015">
        <ele>63.1</ele>
        <time>2025-05-15T10:25:29.012000Z</time>
      </trkpt>
      <trkpt lat="59.930348" lon="10.762191">
        <ele>63.1</ele>
        <time>2025-05-15T10:25:33.012000Z</time>
      </trkpt>
      <trkpt lat="59.930343" lon="10.7624">
        <ele>63.2</ele>
        <time>2025-05-15T10:25:41.012000Z</time>
      </trkpt>
      <trkpt lat="59.930319" lon="10.762573">
        <ele>63.3</ele>
        <time>2025-05-15T10:25:45.012000Z</time>
      </trkpt>
      <trkpt lat="59.930296" lon="10.762765">
        <ele>63.3</ele>
        <time>2025-05-15T10:25:49.012000Z</time>
      </trkpt>
      <trkpt lat="59.930272" lon="10.763014">
        <ele>63.4</ele>
        <time>2025-05-15T10:25:52.012000Z</time>
      </trkpt>
      <trkpt lat="59.930254" lon="10.763216">
        <ele>63.5</ele>
        <time>2025-05-15T10:25:55.012000Z</time>
      </trkpt>
      <trkpt lat="59.930228" lon="10.763406">
        <ele>63.6</ele>
        <time>2025-05-15T10:25:58.012000Z</time>
      </trkpt>
      <trkpt lat="59.930207" lon="10.763586">
        <ele>63.6</ele>
        <time>2025-05-15T10:26:02.012000Z</time>
      </trkpt>
      <trkpt lat="59.93016" lon="10.763805">
        <ele>63.7</ele>
        <time>2025-05-15T10:26:07.012000Z</time>
      </trkpt>
      <trkpt lat="59.930134" lon="10.764001">
        <ele>63.8</ele>
        <time>2025-05-15T10:26:12.012000Z</time>
      </trkpt>
      <trkpt lat="59.930101" lon="10.764224">
        <ele>63.8</ele>
        <time>2025-05-15T10:26:17.012000Z</time>
      </trkpt>
      <trkpt lat="59.93007" lon="10.764453">
        <ele>63.9</ele>
        <time>2025-05-15T10:26:21.012000Z</time>
      </trkpt>
      <trkpt lat="59.93002" lon="10.764622">
        <ele>64.0</ele>
        <time>2025-05-15T10:26:24.012000Z</time>
      </trkpt>
      <trkpt lat="59.929959" lon="10.764754">
        <ele>64.0</ele>
        <time>2025-05-15T10:26:27.012000Z</time>
      </trkpt>
      <trkpt lat="59.929886" lon="10.764911">
        <ele>64.2</ele>
        <time>2025-05-15T10:26:32.012000Z</time>
      </trkpt>
      <trkpt lat="59.929835" lon="10.765059">
        <ele>64.3</ele>
        <time>2025-05-15T10:26:37.012000Z</time>
      </trkpt>
      <trkpt lat="59.929786" lon="10.765233">
        <ele>64.5</ele>
        <time>2025-05-15T10:26:41.012000Z</time>
      </trkpt>
      <trkpt lat="59.929728" lon="10.765417">
        <ele>64.6</ele>
        <time>2025-05-15T10:26:47.012000Z</time>
      </trkpt>
      <trkpt lat="59.92969" lon="10.765606">
        <ele>64.8</ele>
        <time>2025-05-15T10:26:52.012000Z</time>
      </trkpt>
      <trkpt lat="59.929608" lon="10.765782">
        <ele>65.0</ele>
        <time>2025-05-15T10:26:56.012000Z</time>
      </trkpt>
      <trkpt lat="59.929524" lon="10.765905">
        <ele>65.1</ele>
        <time>2025-05-15T10:26:59.012000Z</time>
      </trkpt>
      <trkpt lat="59.929457" lon="10.766037">
        <ele>65.3</ele>
        <time>2025-05-15T10:27:02.010000Z</time>
      </trkpt>
      <trkpt lat="59.929393" lon="10.766211">
        <ele>65.4</ele>
        <time>2025-05-15T10:27:05.009000Z</time>
      </trkpt>
      <trkpt lat="59.929315" lon="10.766382">
        <ele>65.6</ele>
        <time>2025-05-15T10:27:08.008000Z</time>
      </trkpt>
      <trkpt lat="59.929266" lon="10.76654">
        <ele>65.8</ele>
        <time>2025-05-15T10:27:10.008000Z</time>
      </trkpt>
      <trkpt lat="59.929192" lon="10.766687">
        <ele>65.9</ele>
        <time>2025-05-15T10:27:13.007000Z</time>
      </trkpt>
      <trkpt lat="59.92914" lon="10.766839">
        <ele>66.1</ele>
        <time>2025-05-15T10:27:16.007000Z</time>
      </trkpt>
      <trkpt lat="59.92906" lon="10.766984">
        <ele>66.2</ele>
        <time>2025-05-15T10:27:20.006000Z</time>
      </trkpt>
      <trkpt lat="59.92899" lon="10.767108">
        <ele>66.4</ele>
        <time>2025-05-15T10:27:26.006000Z</time>
      </trkpt>
      <trkpt lat="59.928839" lon="10.767406">
        <ele>66.7</ele>
        <time>2025-05-15T10:28:01.004000Z</time>
      </trkpt>
      <trkpt lat="59.928806" lon="10.767589">
        <ele>66.8</ele>
        <time>2025-05-15T10:28:09.005000Z</time>
      </trkpt>
      <trkpt lat="59.928557" lon="10.768142">
        <ele>66.3</ele>
        <time>2025-05-15T10:36:01.006000Z</time>
      </trkpt>
      <trkpt lat="59.928486" lon="10.768282">
        <ele>66.2</ele>
        <time>2025-05-15T10:36:07.006000Z</time>
      </trkpt>
      <trkpt lat="59.928412" lon="10.768435">
        <ele>66.0</ele>
        <time>2025-05-15T10:36:12.006000Z</time>
      </trkpt>
      <trkpt lat="59.928345" lon="10.768557">
        <ele>65.9</ele>
        <time>2025-05-15T10:36:14.006000Z</time>
      </trkpt>
      <trkpt lat="59.928274" lon="10.768716">
        <ele>65.8</ele>
        <time>2025-05-15T10:36:17.006000Z</time>
      </trkpt>
      <trkpt lat="59.928233" lon="10.768921">
        <ele>65.6</ele>
        <time>2025-05-15T10:36:25.006000Z</time>
      </trkpt>
      <trkpt lat="59.928163" lon="10.769095">
        <ele>65.5</ele>
        <time>2025-05-15T10:36:30.006000Z</time>
      </trkpt>
      <trkpt lat="59.928091" lon="10.769241">
        <ele>65.4</ele>
        <time>2025-05-15T10:36:34.006000Z</time>
      </trkpt>
      <trkpt lat="59.928023" lon="10.769374">
        <ele>65.2</ele>
        <time>2025-05-15T10:36:38.005000Z</time>
      </trkpt>
      <trkpt lat="59.927953" lon="10.769503">
        <ele>65.1</ele>
        <time>2025-05-15T10:36:42.006000Z</time>
      </trkpt>
      <trkpt lat="59.927864" lon="10.769643">
        <ele>65.0</ele>
        <time>2025-05-15T10:36:46.006000Z</time>
      </trkpt>
      <trkpt lat="59.927779" lon="10.769772">
        <ele>64.8</ele>
        <time>2025-05-15T10:36:50.006000Z</time>
      </trkpt>
      <trkpt lat="59.927744" lon="10.769967">
        <ele>64.7</ele>
        <time>2025-05-15T10:36:54.006000Z</time>
      </trkpt>
      <trkpt lat="59.927678" lon="10.770097">
        <ele>64.6</ele>
        <time>2025-05-15T10:36:59.006000Z</time>
      </trkpt>
      <trkpt lat="59.927602" lon="10.77022">
        <ele>64.6</ele>
        <time>2025-05-15T10:37:04.006000Z</time>
      </trkpt>
      <trkpt lat="59.92754" lon="10.77037">
        <ele>64.7</ele>
        <time>2025-05-15T10:37:09.006000Z</time>
      </trkpt>
      <trkpt lat="59.927464" lon="10.77048">
        <ele>64.8</ele>
        <time>2025-05-15T10:37:13.006000Z</time>
      </trkpt>
      <trkpt lat="59.927388" lon="10.770593">
        <ele>64.9</ele>
        <time>2025-05-15T10:37:16.006000Z</time>
      </trkpt>
      <trkpt lat="59.92731" lon="10.770704">
        <ele>65.0</ele>
        <time>2025-05-15T10:37:19.006000Z</time>
      </trkpt>
      <trkpt lat="59.927256" lon="10.77085">
        <ele>65.1</ele>
        <time>2025-05-15T10:37:24.006000Z</time>
      </trkpt>
      <trkpt lat="59.927203" lon="10.771019">
        <ele>65.2</ele>
        <time>2025-05-15T10:37:30.006000Z</time>
      </trkpt>
      <trkpt lat="59.927148" lon="10.771206">
        <ele>65.3</ele>
        <time>2025-05-15T10:37:36.006000Z</time>
      </trkpt>
      <trkpt lat="59.927096" lon="10.771377">
        <ele>65.5</ele>
        <time>2025-05-15T10:37:41.006000Z</time>
      </trkpt>
      <trkpt lat="59.926785" lon="10.771905">
        <ele>65.9</ele>
        <time>2025-05-15T10:38:33.006000Z</time>
      </trkpt>
      <trkpt lat="59.926722" lon="10.772078">
        <ele>66.0</ele>
        <time>2025-05-15T10:38:38.006000Z</time>
      </trkpt>
      <trkpt lat="59.926632" lon="10.772202">
        <ele>66.2</ele>
        <time>2025-05-15T10:38:41.006000Z</time>
      </trkpt>
      <trkpt lat="59.92657" lon="10.772333">
        <ele>66.3</ele>
        <time>2025-05-15T10:38:44.006000Z</time>
      </trkpt>
      <trkpt lat="59.926519" lon="10.772486">
        <ele>66.4</ele>
        <time>2025-05-15T10:38:50.006000Z</time>
      </trkpt>
      <trkpt lat="59.926454" lon="10.772645">
        <ele>66.5</ele>
        <time>2025-05-15T10:38:54.006000Z</time>
      </trkpt>
      <trkpt lat="59.926371" lon="10.77277">
        <ele>66.7</ele>
        <time>2025-05-15T10:38:57.006000Z</time>
      </trkpt>
      <trkpt lat="59.926304" lon="10.772914">
        <ele>67.1</ele>
        <time>2025-05-15T10:39:00.006000Z</time>
      </trkpt>
      <trkpt lat="59.926261" lon="10.773086">
        <ele>67.5</ele>
        <time>2025-05-15T10:39:06.006000Z</time>
      </trkpt>
      <trkpt lat="59.926187" lon="10.773257">
        <ele>68.0</ele>
        <time>2025-05-15T10:39:09.006000Z</time>
      </trkpt>
      <trkpt lat="59.926134" lon="10.773429">
        <ele>68.5</ele>
        <time>2025-05-15T10:39:13.006000Z</time>
      </trkpt>
      <trkpt lat="59.926082" lon="10.773598">
        <ele>68.9</ele>
        <time>2025-05-15T10:39:17.006000Z</time>
      </trkpt>
      <trkpt lat="59.926001" lon="10.773747">
        <ele>69.3</ele>
        <time>2025-05-15T10:39:21.006000Z</time>
      </trkpt>
      <trkpt lat="59.925911" lon="10.773842">
        <ele>69.8</ele>
        <time>2025-05-15T10:39:25.006000Z</time>
      </trkpt>
      <trkpt lat="59.925861" lon="10.774004">
        <ele>70.2</ele>
        <time>2025-05-15T10:39:32.006000Z</time>
      </trkpt>
      <trkpt lat="59.925878" lon="10.774209">
        <ele>70.6</ele>
        <time>2025-05-15T10:39:37.006000Z</time>
      </trkpt>
      <trkpt lat="59.925939" lon="10.774361">
        <ele>71.0</ele>
        <time>2025-05-15T10:39:42.006000Z</time>
      </trkpt>
      <trkpt lat="59.92599" lon="10.774536">
        <ele>71.5</ele>
        <time>2025-05-15T10:39:48.006000Z</time>
      </trkpt>
      <trkpt lat="59.926044" lon="10.7747">
        <ele>71.9</ele>
        <time>2025-05-15T10:39:53.006000Z</time>
      </trkpt>
      <trkpt lat="59.926091" lon="10.774874">
        <ele>72.3</ele>
        <time>2025-05-15T10:39:58.006000Z</time>
      </trkpt>
      <trkpt lat="59.926127" lon="10.775049">
        <ele>72.7</ele>
        <time>2025-05-15T10:40:03.006000Z</time>
      </trkpt>
      <trkpt lat="59.926117" lon="10.775247">
        <ele>73.1</ele>
        <time>2025-05-15T10:40:11.006000Z</time>
      </trkpt>
      <trkpt lat="59.926131" lon="10.775555">
        <ele>73.8</ele>
        <time>2025-05-15T10:41:11.007000Z</time>
      </trkpt>
      <trkpt lat="59.926041" lon="10.775636">
        <ele>74.2</ele>
        <time>2025-05-15T10:41:17.007000Z</time>
      </trkpt>
      <trkpt lat="59.926068" lon="10.775463">
        <ele>74.1</ele>
        <time>2025-05-15T10:41:54.007000Z</time>
      </trkpt>
      <trkpt lat="59.926145" lon="10.775573">
        <ele>74.0</ele>
        <time>2025-05-15T10:42:07.007000Z</time>
      </trkpt>
      <trkpt lat="59.926187" lon="10.775741">
        <ele>73.9</ele>
        <time>2025-05-15T10:42:18.007000Z</time>
      </trkpt>
      <trkpt lat="59.926299" lon="10.775644">
        <ele>73.8</ele>
        <time>2025-05-15T10:42:23.007000Z</time>
      </trkpt>
      <trkpt lat="59.926328" lon="10.775835">
        <ele>73.7</ele>
        <time>2025-05-15T10:46:58.007000Z</time>
      </trkpt>
      <trkpt lat="59.926342" lon="10.776018">
        <ele>73.6</ele>
        <time>2025-05-15T10:47:03.007000Z</time>
      </trkpt>
      <trkpt lat="59.926311" lon="10.776263">
        <ele>73.5</ele>
        <time>2025-05-15T10:47:18.008000Z</time>
      </trkpt>
      <trkpt lat="59.926349" lon="10.776438">
        <ele>73.4</ele>
        <time>2025-05-15T10:47:30.008000Z</time>
      </trkpt>
      <trkpt lat="59.92643" lon="10.776561">
        <ele>73.3</ele>
        <time>2025-05-15T10:47:46.008000Z</time>
      </trkpt>
      <trkpt lat="59.926344" lon="10.776479">
        <ele>73.2</ele>
        <time>2025-05-15T10:47:59.008000Z</time>
      </trkpt>
      <trkpt lat="59.926252" lon="10.776467">
        <ele>73.1</ele>
        <time>2025-05-15T10:48:04.008000Z</time>
      </trkpt>
      <trkpt lat="59.926157" lon="10.77651">
        <ele>73.0</ele>
        <time>2025-05-15T10:48:11.008000Z</time>
      </trkpt>
      <trkpt lat="59.92607" lon="10.776429">
        <ele>72.9</ele>
        <time>2025-05-15T10:48:26.008000Z</time>
      </trkpt>
      <trkpt lat="59.926067" lon="10.776627">
        <ele>72.8</ele>
        <time>2025-05-15T10:48:38.008000Z</time>
      </trkpt>
      <trkpt lat="59.926095" lon="10.7768">
        <ele>72.7</ele>
        <time>2025-05-15T10:48:43.008000Z</time>
      </trkpt>
      <trkpt lat="59.926076" lon="10.776993">
        <ele>72.6</ele>
        <time>2025-05-15T10:48:49.008000Z</time>
      </trkpt>
      <trkpt lat="59.926015" lon="10.777152">
        <ele>72.5</ele>
        <time>2025-05-15T10:48:54.008000Z</time>
      </trkpt>
      <trkpt lat="59.926018" lon="10.777349">
        <ele>72.4</ele>
        <time>2025-05-15T10:49:01.008000Z</time>
      </trkpt>
      <trkpt lat="59.926033" lon="10.777538">
        <ele>71.9</ele>
        <time>2025-05-15T10:49:07.008000Z</time>
      </trkpt>
      <trkpt lat="59.926006" lon="10.777729">
        <ele>71.4</ele>
        <time>2025-05-15T10:49:14.008000Z</time>
      </trkpt>
      <trkpt lat="59.925921" lon="10.777814">
        <ele>70.9</ele>
        <time>2025-05-15T10:49:22.008000Z</time>
      </trkpt>
      <trkpt lat="59.92583" lon="10.777811">
        <ele>70.4</ele>
        <time>2025-05-15T10:49:29.008000Z</time>
      </trkpt>
      <trkpt lat="59.92572" lon="10.777753">
        <ele>69.8</ele>
        <time>2025-05-15T10:49:46.008000Z</time>
      </trkpt>
      <trkpt lat="59.925626" lon="10.777751">
        <ele>69.3</ele>
        <time>2025-05-15T10:49:49.008000Z</time>
      </trkpt>
      <trkpt lat="59.925521" lon="10.77783">
        <ele>68.7</ele>
        <time>2025-05-15T10:49:53.008000Z</time>
      </trkpt>
      <trkpt lat="59.925434" lon="10.777879">
        <ele>68.2</ele>
        <time>2025-05-15T10:49:56.008000Z</time>
      </trkpt>
      <trkpt lat="59.925337" lon="10.777922">
        <ele>67.7</ele>
        <time>2025-05-15T10:50:00.008000Z</time>
      </trkpt>
      <trkpt lat="59.925246" lon="10.777986">
        <ele>67.2</ele>
        <time>2025-05-15T10:50:05.008000Z</time>
      </trkpt>
      <trkpt lat="59.925152" lon="10.778006">
        <ele>66.7</ele>
        <time>2025-05-15T10:50:09.008000Z</time>
      </trkpt>
      <trkpt lat="59.92506" lon="10.777927">
        <ele>66.1</ele>
        <time>2025-05-15T10:50:13.008000Z</time>
      </trkpt>
      <trkpt lat="59.925042" lon="10.777751">
        <ele>65.7</ele>
        <time>2025-05-15T10:50:19.008000Z</time>
      </trkpt>
      <trkpt lat="59.925013" lon="10.777564">
        <ele>65.2</ele>
        <time>2025-05-15T10:50:46.008000Z</time>
      </trkpt>
      <trkpt lat="59.924868" lon="10.777456">
        <ele>64.3</ele>
        <time>2025-05-15T10:51:21.007000Z</time>
      </trkpt>
      <trkpt lat="59.924751" lon="10.777462">
        <ele>63.7</ele>
        <time>2025-05-15T10:51:24.008000Z</time>
      </trkpt>
      <trkpt lat="59.924642" lon="10.777484">
        <ele>63.1</ele>
        <time>2025-05-15T10:51:27.008000Z</time>
      </trkpt>
      <trkpt lat="59.924551" lon="10.777632">
        <ele>62.7</ele>
        <time>2025-05-15T10:51:32.008000Z</time>
      </trkpt>
      <trkpt lat="59.924434" lon="10.777572">
        <ele>62.4</ele>
        <time>2025-05-15T10:51:36.008000Z</time>
      </trkpt>
      <trkpt lat="59.924196" lon="10.777608">
        <ele>61.7</ele>
        <time>2025-05-15T10:51:44.008000Z</time>
      </trkpt>
      <trkpt lat="59.924091" lon="10.777643">
        <ele>61.4</ele>
        <time>2025-05-15T10:51:48.008000Z</time>
      </trkpt>
      <trkpt lat="59.923997" lon="10.77762">
        <ele>61.2</ele>
        <time>2025-05-15T10:51:53.008000Z</time>
      </trkpt>
      <trkpt lat="59.923879" lon="10.777636">
        <ele>60.9</ele>
        <time>2025-05-15T10:51:57.008000Z</time>
      </trkpt>
      <trkpt lat="59.923786" lon="10.777588">
        <ele>60.6</ele>
        <time>2025-05-15T10:52:01.008000Z</time>
      </trkpt>
      <trkpt lat="59.923791" lon="10.77739">
        <ele>60.4</ele>
        <time>2025-05-15T10:52:08.008000Z</time>
      </trkpt>
      <trkpt lat="59.923816" lon="10.777176">
        <ele>60.1</ele>
        <time>2025-05-15T10:52:11.008000Z</time>
      </trkpt>
      <trkpt lat="59.923841" lon="10.776957">
        <ele>59.8</ele>
        <time>2025-05-15T10:52:14.008000Z</time>
      </trkpt>
      <trkpt lat="59.923858" lon="10.776747">
        <ele>59.5</ele>
        <time>2025-05-15T10:52:17.008000Z</time>
      </trkpt>
      <trkpt lat="59.923841" lon="10.776555">
        <ele>59.3</ele>
        <time>2025-05-15T10:52:25.008000Z</time>
      </trkpt>
      <trkpt lat="59.923758" lon="10.776443">
        <ele>59.0</ele>
        <time>2025-05-15T10:52:41.008000Z</time>
      </trkpt>
      <trkpt lat="59.923642" lon="10.776461">
        <ele>58.7</ele>
        <time>2025-05-15T10:52:45.008000Z</time>
      </trkpt>
      <trkpt lat="59.923546" lon="10.776519">
        <ele>58.4</ele>
        <time>2025-05-15T10:52:48.008000Z</time>
      </trkpt>
      <trkpt lat="59.923459" lon="10.776631">
        <ele>58.2</ele>
        <time>2025-05-15T10:52:51.008000Z</time>
      </trkpt>
      <trkpt lat="59.923387" lon="10.776755">
        <ele>58.1</ele>
        <time>2025-05-15T10:52:54.008000Z</time>
      </trkpt>
      <trkpt lat="59.923293" lon="10.776865">
        <ele>58.1</ele>
        <time>2025-05-15T10:52:58.008000Z</time>
      </trkpt>
      <trkpt lat="59.923212" lon="10.776994">
        <ele>58.1</ele>
        <time>2025-05-15T10:53:01.008000Z</time>
      </trkpt>
      <trkpt lat="59.923126" lon="10.777091">
        <ele>58.1</ele>
        <time>2025-05-15T10:53:05.008000Z</time>
      </trkpt>
      <trkpt lat="59.923047" lon="10.777175">
        <ele>58.1</ele>
        <time>2025-05-15T10:53:08.008000Z</time>
      </trkpt>
      <trkpt lat="59.922945" lon="10.777248">
        <ele>58.1</ele>
        <time>2025-05-15T10:53:12.008000Z</time>
      </trkpt>
      <trkpt lat="59.922842" lon="10.777208">
        <ele>58.1</ele>
        <time>2025-05-15T10:53:16.008000Z</time>
      </trkpt>
      <trkpt lat="59.922794" lon="10.77704">
        <ele>58.1</ele>
        <time>2025-05-15T10:53:22.008000Z</time>
      </trkpt>
      <trkpt lat="59.922758" lon="10.777218">
        <ele>58.1</ele>
        <time>2025-05-15T10:53:42.008000Z</time>
      </trkpt>
      <trkpt lat="59.922697" lon="10.777373">
        <ele>58.1</ele>
        <time>2025-05-15T10:53:49.009000Z</time>
      </trkpt>
      <trkpt lat="59.922732" lon="10.777203">
        <ele>58.1</ele>
        <time>2025-05-15T10:54:02.009000Z</time>
      </trkpt>
      <trkpt lat="59.922774" lon="10.777028">
        <ele>58.1</ele>
        <time>2025-05-15T10:54:07.009000Z</time>
      </trkpt>
      <trkpt lat="59.922747" lon="10.777208">
        <ele>51.3</ele>
        <time>2025-05-15T11:25:13.999000Z</time>
      </trkpt>
      <trkpt lat="59.922698" lon="10.777386">
        <ele>51.3</ele>
        <time>2025-05-15T11:25:22.999000Z</time>
      </trkpt>
      <trkpt lat="59.922587" lon="10.777413">
        <ele>51.3</ele>
        <time>2025-05-15T11:25:30.999000Z</time>
      </trkpt>
      <trkpt lat="59.922474" lon="10.777353">
        <ele>51.3</ele>
        <time>2025-05-15T11:25:34.999000Z</time>
      </trkpt>
      <trkpt lat="59.922353" lon="10.777358">
        <ele>51.3</ele>
        <time>2025-05-15T11:25:38.999000Z</time>
      </trkpt>
      <trkpt lat="59.922251" lon="10.777393">
        <ele>51.3</ele>
        <time>2025-05-15T11:25:41.999000Z</time>
      </trkpt>
      <trkpt lat="59.922156" lon="10.777383">
        <ele>51.3</ele>
        <time>2025-05-15T11:25:45.999000Z</time>
      </trkpt>
      <trkpt lat="59.92206" lon="10.777389">
        <ele>51.3</ele>
        <time>2025-05-15T11:25:48.999000Z</time>
      </trkpt>
      <trkpt lat="59.921963" lon="10.777392">
        <ele>51.3</ele>
        <time>2025-05-15T11:25:51.999000Z</time>
      </trkpt>
      <trkpt lat="59.921858" lon="10.777373">
        <ele>51.1</ele>
        <time>2025-05-15T11:25:54.999000Z</time>
      </trkpt>
      <trkpt lat="59.921766" lon="10.777361">
        <ele>50.9</ele>
        <time>2025-05-15T11:25:57.999000Z</time>
      </trkpt>
      <trkpt lat="59.921685" lon="10.777198">
        <ele>50.5</ele>
        <time>2025-05-15T11:26:01.999000Z</time>
      </trkpt>
      <trkpt lat="59.921662" lon="10.777023">
        <ele>50.3</ele>
        <time>2025-05-15T11:26:04.999000Z</time>
      </trkpt>
      <trkpt lat="59.921659" lon="10.776781">
        <ele>49.9</ele>
        <time>2025-05-15T11:26:07.999000Z</time>
      </trkpt>
      <trkpt lat="59.921656" lon="10.776597">
        <ele>49.7</ele>
        <time>2025-05-15T11:26:09.999000Z</time>
      </trkpt>
      <trkpt lat="59.921627" lon="10.776329">
        <ele>49.3</ele>
        <time>2025-05-15T11:26:12.999000Z</time>
      </trkpt>
      <trkpt lat="59.921644" lon="10.776097">
        <ele>49.0</ele>
        <time>2025-05-15T11:26:14.999000Z</time>
      </trkpt>
      <trkpt lat="59.921631" lon="10.775911">
        <ele>48.7</ele>
        <time>2025-05-15T11:26:17.999000Z</time>
      </trkpt>
      <trkpt lat="59.921636" lon="10.775665">
        <ele>48.3</ele>
        <time>2025-05-15T11:26:22.999000Z</time>
      </trkpt>
      <trkpt lat="59.921646" lon="10.775483">
        <ele>48.1</ele>
        <time>2025-05-15T11:26:27.999000Z</time>
      </trkpt>
      <trkpt lat="59.921589" lon="10.775325">
        <ele>47.8</ele>
        <time>2025-05-15T11:26:39.999000Z</time>
      </trkpt>
      <trkpt lat="59.921506" lon="10.775221">
        <ele>47.5</ele>
        <time>2025-05-15T11:26:44.999000Z</time>
      </trkpt>
      <trkpt lat="59.921406" lon="10.7752">
        <ele>47.2</ele>
        <time>2025-05-15T11:26:47.999000Z</time>
      </trkpt>
      <trkpt lat="59.921295" lon="10.775193">
        <ele>46.9</ele>
        <time>2025-05-15T11:26:50.999000Z</time>
      </trkpt>
      <trkpt lat="59.921188" lon="10.775195">
        <ele>46.6</ele>
        <time>2025-05-15T11:26:53.999000Z</time>
      </trkpt>
      <trkpt lat="59.921097" lon="10.775184">
        <ele>46.4</ele>
        <time>2025-05-15T11:26:55.999000Z</time>
      </trkpt>
      <trkpt lat="59.920967" lon="10.775187">
        <ele>45.9</ele>
        <time>2025-05-15T11:26:58.999000Z</time>
      </trkpt>
      <trkpt lat="59.920843" lon="10.775137">
        <ele>45.3</ele>
        <time>2025-05-15T11:27:01.999000Z</time>
      </trkpt>
      <trkpt lat="59.920718" lon="10.775136">
        <ele>44.8</ele>
        <time>2025-05-15T11:27:04.999000Z</time>
      </trkpt>
      <trkpt lat="59.920594" lon="10.775077">
        <ele>44.2</ele>
        <time>2025-05-15T11:27:07.999000Z</time>
      </trkpt>
      <trkpt lat="59.920469" lon="10.77507">
        <ele>43.7</ele>
        <time>2025-05-15T11:27:10.999000Z</time>
      </trkpt>
      <trkpt lat="59.920351" lon="10.775079">
        <ele>43.2</ele>
        <time>2025-05-15T11:27:13.999000Z</time>
      </trkpt>
      <trkpt lat="59.920227" lon="10.775091">
        <ele>42.6</ele>
        <time>2025-05-15T11:27:16.999000Z</time>
      </trkpt>
      <trkpt lat="59.920135" lon="10.775079">
        <ele>42.2</ele>
        <time>2025-05-15T11:27:18.999000Z</time>
      </trkpt>
      <trkpt lat="59.920033" lon="10.774989">
        <ele>41.8</ele>
        <time>2025-05-15T11:27:21.999000Z</time>
      </trkpt>
      <trkpt lat="59.919942" lon="10.774886">
        <ele>41.3</ele>
        <time>2025-05-15T11:27:25.999000Z</time>
      </trkpt>
      <trkpt lat="59.919842" lon="10.774853">
        <ele>40.9</ele>
        <time>2025-05-15T11:27:30.999000Z</time>
      </trkpt>
      <trkpt lat="59.919751" lon="10.774816">
        <ele>40.4</ele>
        <time>2025-05-15T11:27:34.999000Z</time>
      </trkpt>
      <trkpt lat="59.919655" lon="10.77478">
        <ele>40.0</ele>
        <time>2025-05-15T11:27:38.999000Z</time>
      </trkpt>
      <trkpt lat="59.919536" lon="10.774765">
        <ele>39.5</ele>
        <time>2025-05-15T11:27:42.999000Z</time>
      </trkpt>
      <trkpt lat="59.919443" lon="10.774744">
        <ele>39.1</ele>
        <time>2025-05-15T11:27:45.999000Z</time>
      </trkpt>
      <trkpt lat="59.919345" lon="10.774718">
        <ele>38.7</ele>
        <time>2025-05-15T11:27:48.999000Z</time>
      </trkpt>
      <trkpt lat="59.919236" lon="10.774694">
        <ele>38.3</ele>
        <time>2025-05-15T11:27:52.999000Z</time>
      </trkpt>
      <trkpt lat="59.919137" lon="10.774652">
        <ele>38.2</ele>
        <time>2025-05-15T11:27:56.999000Z</time>
      </trkpt>
      <trkpt lat="59.919069" lon="10.77451">
        <ele>38.1</ele>
        <time>2025-05-15T11:28:00.999000Z</time>
      </trkpt>
      <trkpt lat="59.919014" lon="10.774327">
        <ele>37.9</ele>
        <time>2025-05-15T11:28:04.999000Z</time>
      </trkpt>
      <trkpt lat="59.919003" lon="10.774128">
        <ele>37.8</ele>
        <time>2025-05-15T11:28:08.999000Z</time>
      </trkpt>
      <trkpt lat="59.918998" lon="10.773925">
        <ele>37.7</ele>
        <time>2025-05-15T11:28:16.999000Z</time>
      </trkpt>
      <trkpt lat="59.918988" lon="10.773744">
        <ele>37.6</ele>
        <time>2025-05-15T11:28:21.999000Z</time>
      </trkpt>
      <trkpt lat="59.919021" lon="10.773562">
        <ele>37.5</ele>
        <time>2025-05-15T11:28:25.999000Z</time>
      </trkpt>
      <trkpt lat="59.918983" lon="10.773375">
        <ele>37.4</ele>
        <time>2025-05-15T11:28:35.999000Z</time>
      </trkpt>
      <trkpt lat="59.918889" lon="10.773291">
        <ele>37.3</ele>
        <time>2025-05-15T11:28:40.999000Z</time>
      </trkpt>
      <trkpt lat="59.918798" lon="10.77328">
        <ele>37.2</ele>
        <time>2025-05-15T11:28:45.999000Z</time>
      </trkpt>
      <trkpt lat="59.918696" lon="10.773276">
        <ele>37.1</ele>
        <time>2025-05-15T11:28:51.999000Z</time>
      </trkpt>
      <trkpt lat="59.918597" lon="10.773274">
        <ele>36.9</ele>
        <time>2025-05-15T11:28:56.999000Z</time>
      </trkpt>
      <trkpt lat="59.918499" lon="10.773256">
        <ele>36.8</ele>
        <time>2025-05-15T11:29:02.999000Z</time>
      </trkpt>
      <trkpt lat="59.918593" lon="10.773336">
        <ele>36.7</ele>
        <time>2025-05-15T11:29:11.999000Z</time>
      </trkpt>
      <trkpt lat="59.918703" lon="10.773334">
        <ele>36.6</ele>
        <time>2025-05-15T11:29:16.999000Z</time>
      </trkpt>
      <trkpt lat="59.91879" lon="10.773285">
        <ele>36.5</ele>
        <time>2025-05-15T11:29:20.999000Z</time>
      </trkpt>
      <trkpt lat="59.918883" lon="10.773277">
        <ele>36.4</ele>
        <time>2025-05-15T11:29:25.999000Z</time>
      </trkpt>
      <trkpt lat="59.918974" lon="10.77324">
        <ele>36.3</ele>
        <time>2025-05-15T11:29:33.999000Z</time>
      </trkpt>
      <trkpt lat="59.919005" lon="10.773003">
        <ele>36.5</ele>
        <time>2025-05-15T11:30:17.999000Z</time>
      </trkpt>
      <trkpt lat="59.918855" lon="10.771815">
        <ele>37.4</ele>
        <time>2025-05-15T11:35:46Z</time>
      </trkpt>
      <trkpt lat="59.918948" lon="10.771775">
        <ele>37.5</ele>
        <time>2025-05-15T11:36:01Z</time>
      </trkpt>
      <trkpt lat="59.919019" lon="10.77166">
        <ele>37.6</ele>
        <time>2025-05-15T11:36:10Z</time>
      </trkpt>
      <trkpt lat="59.919005" lon="10.771476">
        <ele>37.8</ele>
        <time>2025-05-15T11:36:19Z</time>
      </trkpt>
      <trkpt lat="59.918995" lon="10.77129">
        <ele>37.9</ele>
        <time>2025-05-15T11:36:31Z</time>
      </trkpt>
      <trkpt lat="59.918989" lon="10.77111">
        <ele>38.0</ele>
        <time>2025-05-15T11:36:44Z</time>
      </trkpt>
      <trkpt lat="59.919077" lon="10.771148">
        <ele>38.2</ele>
        <time>2025-05-15T11:37:26Z</time>
      </trkpt>
      <trkpt lat="59.919153" lon="10.771401">
        <ele>38.4</ele>
        <time>2025-05-15T11:38:16Z</time>
      </trkpt>
      <trkpt lat="59.919129" lon="10.771574">
        <ele>38.5</ele>
        <time>2025-05-15T11:38:26Z</time>
      </trkpt>
      <trkpt lat="59.919036" lon="10.771573">
        <ele>38.6</ele>
        <time>2025-05-15T11:38:40Z</time>
      </trkpt>
      <trkpt lat="59.918915" lon="10.771759">
        <ele>38.8</ele>
        <time>2025-05-15T11:39:12Z</time>
      </trkpt>
      <trkpt lat="59.918823" lon="10.771785">
        <ele>39.1</ele>
        <time>2025-05-15T11:39:20Z</time>
      </trkpt>
      <trkpt lat="59.918736" lon="10.771732">
        <ele>39.4</ele>
        <time>2025-05-15T11:39:39Z</time>
      </trkpt>
      <trkpt lat="59.91866" lon="10.771622">
        <ele>39.7</ele>
        <time>2025-05-15T11:39:51Z</time>
      </trkpt>
      <trkpt lat="59.918593" lon="10.771486">
        <ele>40.0</ele>
        <time>2025-05-15T11:40:00Z</time>
      </trkpt>
      <trkpt lat="59.918516" lon="10.771362">
        <ele>40.3</ele>
        <time>2025-05-15T11:40:13Z</time>
      </trkpt>
      <trkpt lat="59.918446" lon="10.771237">
        <ele>40.6</ele>
        <time>2025-05-15T11:40:24Z</time>
      </trkpt>
      <trkpt lat="59.918378" lon="10.771112">
        <ele>40.9</ele>
        <time>2025-05-15T11:40:38Z</time>
      </trkpt>
      <trkpt lat="59.918301" lon="10.770879">
        <ele>41.3</ele>
        <time>2025-05-15T11:41:01Z</time>
      </trkpt>
      <trkpt lat="59.918339" lon="10.770673">
        <ele>41.7</ele>
        <time>2025-05-15T11:41:46Z</time>
      </trkpt>
      <trkpt lat="59.918329" lon="10.770485">
        <ele>42.0</ele>
        <time>2025-05-15T11:41:58Z</time>
      </trkpt>
      <trkpt lat="59.918384" lon="10.770219">
        <ele>42.4</ele>
        <time>2025-05-15T11:42:50Z</time>
      </trkpt>
      <trkpt lat="59.918417" lon="10.770044">
        <ele>42.7</ele>
        <time>2025-05-15T11:43:07Z</time>
      </trkpt>
      <trkpt lat="59.918371" lon="10.770235">
        <ele>43.1</ele>
        <time>2025-05-15T11:44:48Z</time>
      </trkpt>
      <trkpt lat="59.918362" lon="10.770441">
        <ele>43.4</ele>
        <time>2025-05-15T11:44:57.001000Z</time>
      </trkpt>
      <trkpt lat="59.918334" lon="10.770614">
        <ele>43.7</ele>
        <time>2025-05-15T11:45:03.998000Z</time>
      </trkpt>
      <trkpt lat="59.918075" lon="10.771462">
        <ele>43.8</ele>
        <time>2025-05-15T11:47:46.998000Z</time>
      </trkpt>
      <trkpt lat="59.918051" lon="10.771639">
        <ele>43.5</ele>
        <time>2025-05-15T11:47:52.998000Z</time>
      </trkpt>
      <trkpt lat="59.918028" lon="10.771827">
        <ele>43.2</ele>
        <time>2025-05-15T11:47:59.998000Z</time>
      </trkpt>
      <trkpt lat="59.91798" lon="10.771995">
        <ele>42.9</ele>
        <time>2025-05-15T11:48:10.998000Z</time>
      </trkpt>
      <trkpt lat="59.917883" lon="10.77204">
        <ele>42.6</ele>
        <time>2025-05-15T11:48:16.998000Z</time>
      </trkpt>
      <trkpt lat="59.917801" lon="10.772123">
        <ele>42.3</ele>
        <time>2025-05-15T11:48:22.998000Z</time>
      </trkpt>
      <trkpt lat="59.917767" lon="10.772309">
        <ele>42.0</ele>
        <time>2025-05-15T11:48:30.998000Z</time>
      </trkpt>
      <trkpt lat="59.917769" lon="10.772495">
        <ele>41.7</ele>
        <time>2025-05-15T11:48:37.998000Z</time>
      </trkpt>
      <trkpt lat="59.917795" lon="10.772669">
        <ele>41.4</ele>
        <time>2025-05-15T11:48:45.998000Z</time>
      </trkpt>
      <trkpt lat="59.917779" lon="10.772846">
        <ele>41.1</ele>
        <time>2025-05-15T11:48:55.998000Z</time>
      </trkpt>
      <trkpt lat="59.917805" lon="10.773019">
        <ele>40.8</ele>
        <time>2025-05-15T11:49:07.998000Z</time>
      </trkpt>
      <trkpt lat="59.917739" lon="10.77314">
        <ele>40.5</ele>
        <time>2025-05-15T11:49:31.998000Z</time>
      </trkpt>
      <trkpt lat="59.917642" lon="10.77315">
        <ele>40.2</ele>
        <time>2025-05-15T11:49:36.998000Z</time>
      </trkpt>
      <trkpt lat="59.917545" lon="10.773176">
        <ele>39.9</ele>
        <time>2025-05-15T11:49:40.998000Z</time>
      </trkpt>
      <trkpt lat="59.917442" lon="10.773175">
        <ele>39.6</ele>
        <time>2025-05-15T11:49:44.998000Z</time>
      </trkpt>
      <trkpt lat="59.91735" lon="10.773162">
        <ele>39.3</ele>
        <time>2025-05-15T11:49:47.998000Z</time>
      </trkpt>
      <trkpt lat="59.917255" lon="10.773162">
        <ele>39.0</ele>
        <time>2025-05-15T11:49:50.998000Z</time>
      </trkpt>
      <trkpt lat="59.917157" lon="10.773166">
        <ele>38.6</ele>
        <time>2025-05-15T11:49:53.998000Z</time>
      </trkpt>
      <trkpt lat="59.91705" lon="10.773139">
        <ele>38.2</ele>
        <time>2025-05-15T11:49:56.999000Z</time>
      </trkpt>
      <trkpt lat="59.916925" lon="10.773123">
        <ele>37.7</ele>
        <time>2025-05-15T11:49:59.998000Z</time>
      </trkpt>
      <trkpt lat="59.916801" lon="10.773091">
        <ele>37.1</ele>
        <time>2025-05-15T11:50:02.998000Z</time>
      </trkpt>
      <trkpt lat="59.916692" lon="10.773066">
        <ele>36.7</ele>
        <time>2025-05-15T11:50:05.998000Z</time>
      </trkpt>
      <trkpt lat="59.916609" lon="10.772949">
        <ele>36.3</ele>
        <time>2025-05-15T11:50:08.999000Z</time>
      </trkpt>
      <trkpt lat="59.916523" lon="10.772786">
        <ele>35.8</ele>
        <time>2025-05-15T11:50:11.998000Z</time>
      </trkpt>
      <trkpt lat="59.916449" lon="10.772672">
        <ele>35.4</ele>
        <time>2025-05-15T11:50:13.998000Z</time>
      </trkpt>
      <trkpt lat="59.916368" lon="10.772533">
        <ele>34.9</ele>
        <time>2025-05-15T11:50:15.998000Z</time>
      </trkpt>
      <trkpt lat="59.916292" lon="10.772415">
        <ele>34.5</ele>
        <time>2025-05-15T11:50:17.998000Z</time>
      </trkpt>
      <trkpt lat="59.916224" lon="10.772279">
        <ele>34.1</ele>
        <time>2025-05-15T11:50:19.998000Z</time>
      </trkpt>
      <trkpt lat="59.916158" lon="10.772126">
        <ele>33.7</ele>
        <time>2025-05-15T11:50:22.998000Z</time>
      </trkpt>
      <trkpt lat="59.916081" lon="10.771977">
        <ele>33.3</ele>
        <time>2025-05-15T11:50:25.998000Z</time>
      </trkpt>
      <trkpt lat="59.915976" lon="10.771787">
        <ele>32.7</ele>
        <time>2025-05-15T11:50:28.998000Z</time>
      </trkpt>
      <trkpt lat="59.915892" lon="10.771603">
        <ele>32.2</ele>
        <time>2025-05-15T11:50:31.998000Z</time>
      </trkpt>
      <trkpt lat="59.915817" lon="10.771441">
        <ele>31.7</ele>
        <time>2025-05-15T11:50:33.998000Z</time>
      </trkpt>
      <trkpt lat="59.915758" lon="10.77128">
        <ele>31.4</ele>
        <time>2025-05-15T11:50:35.998000Z</time>
      </trkpt>
      <trkpt lat="59.915666" lon="10.771093">
        <ele>31.4</ele>
        <time>2025-05-15T11:50:38.998000Z</time>
      </trkpt>
      <trkpt lat="59.915585" lon="10.770908">
        <ele>31.4</ele>
        <time>2025-05-15T11:50:41.998000Z</time>
      </trkpt>
      <trkpt lat="59.915509" lon="10.770763">
        <ele>31.4</ele>
        <time>2025-05-15T11:50:45.998000Z</time>
      </trkpt>
      <trkpt lat="59.91546" lon="10.77061">
        <ele>31.4</ele>
        <time>2025-05-15T11:50:52.998000Z</time>
      </trkpt>
      <trkpt lat="59.915376" lon="10.770447">
        <ele>31.4</ele>
        <time>2025-05-15T11:50:56.998000Z</time>
      </trkpt>
      <trkpt lat="59.915301" lon="10.770287">
        <ele>31.4</ele>
        <time>2025-05-15T11:50:59.998000Z</time>
      </trkpt>
      <trkpt lat="59.915207" lon="10.77011">
        <ele>31.4</ele>
        <time>2025-05-15T11:51:02.998000Z</time>
      </trkpt>
      <trkpt lat="59.915117" lon="10.769933">
        <ele>31.4</ele>
        <time>2025-05-15T11:51:05.998000Z</time>
      </trkpt>
      <trkpt lat="59.915051" lon="10.76974">
        <ele>31.4</ele>
        <time>2025-05-15T11:51:08.998000Z</time>
      </trkpt>
      <trkpt lat="59.91497" lon="10.76958">
        <ele>31.4</ele>
        <time>2025-05-15T11:51:11.998000Z</time>
      </trkpt>
      <trkpt lat="59.914864" lon="10.76946">
        <ele>31.4</ele>
        <time>2025-05-15T11:51:14.998000Z</time>
      </trkpt>
      <trkpt lat="59.914789" lon="10.769348">
        <ele>31.4</ele>
        <time>2025-05-15T11:51:16.998000Z</time>
      </trkpt>
      <trkpt lat="59.914722" lon="10.769205">
        <ele>31.4</ele>
        <time>2025-05-15T11:51:18.998000Z</time>
      </trkpt>
      <trkpt lat="59.914671" lon="10.769045">
        <ele>31.4</ele>
        <time>2025-05-15T11:51:20.998000Z</time>
      </trkpt>
      <trkpt lat="59.91461" lon="10.768864">
        <ele>31.4</ele>
        <time>2025-05-15T11:51:22.998000Z</time>
      </trkpt>
      <trkpt lat="59.914507" lon="10.768696">
        <ele>31.4</ele>
        <time>2025-05-15T11:51:25.998000Z</time>
      </trkpt>
      <trkpt lat="59.914429" lon="10.768522">
        <ele>31.4</ele>
        <time>2025-05-15T11:51:27.998000Z</time>
      </trkpt>
      <trkpt lat="59.91435" lon="10.768364">
        <ele>31.4</ele>
        <time>2025-05-15T11:51:29.998000Z</time>
      </trkpt>
      <trkpt lat="59.91429" lon="10.768216">
        <ele>31.4</ele>
        <time>2025-05-15T11:51:31.998000Z</time>
      </trkpt>
      <trkpt lat="59.914229" lon="10.768084">
        <ele>31.4</ele>
        <time>2025-05-15T11:51:33.998000Z</time>
      </trkpt>
      <trkpt lat="59.914143" lon="10.76793">
        <ele>31.4</ele>
        <time>2025-05-15T11:51:36.998000Z</time>
      </trkpt>
      <trkpt lat="59.914085" lon="10.767772">
        <ele>31.4</ele>
        <time>2025-05-15T11:51:39.998000Z</time>
      </trkpt>
      <trkpt lat="59.914026" lon="10.767624">
        <ele>31.4</ele>
        <time>2025-05-15T11:51:44.998000Z</time>
      </trkpt>
      <trkpt lat="59.914047" lon="10.766775">
        <ele>23.6</ele>
        <time>2025-05-15T12:47:40.996000Z</time>
      </trkpt>
      <trkpt lat="59.913983" lon="10.766905">
        <ele>23.6</ele>
        <time>2025-05-15T12:48:05.999000Z</time>
      </trkpt>
      <trkpt lat="59.913853" lon="10.766983">
        <ele>23.6</ele>
        <time>2025-05-15T12:48:12.999000Z</time>
      </trkpt>
      <trkpt lat="59.91388" lon="10.767156">
        <ele>23.6</ele>
        <time>2025-05-15T12:48:22Z</time>
      </trkpt>
      <trkpt lat="59.913644" lon="10.766572">
        <ele>23.6</ele>
        <time>2025-05-15T12:49:55.999000Z</time>
      </trkpt>
      <trkpt lat="59.913587" lon="10.766402">
        <ele>23.6</ele>
        <time>2025-05-15T12:49:58.999000Z</time>
      </trkpt>
      <trkpt lat="59.913522" lon="10.766252">
        <ele>23.6</ele>
        <time>2025-05-15T12:50:01.999000Z</time>
      </trkpt>
      <trkpt lat="59.913456" lon="10.766104">
        <ele>23.3</ele>
        <time>2025-05-15T12:50:03.999000Z</time>
      </trkpt>
      <trkpt lat="59.913368" lon="10.765891">
        <ele>22.9</ele>
        <time>2025-05-15T12:50:06.999000Z</time>
      </trkpt>
      <trkpt lat="59.913298" lon="10.765717">
        <ele>22.6</ele>
        <time>2025-05-15T12:50:08.999000Z</time>
      </trkpt>
      <trkpt lat="59.913241" lon="10.765554">
        <ele>22.4</ele>
        <time>2025-05-15T12:50:10.999000Z</time>
      </trkpt>
      <trkpt lat="59.913154" lon="10.765449">
        <ele>22.1</ele>
        <time>2025-05-15T12:50:12.999000Z</time>
      </trkpt>
      <trkpt lat="59.913121" lon="10.765242">
        <ele>21.8</ele>
        <time>2025-05-15T12:50:14.999000Z</time>
      </trkpt>
      <trkpt lat="59.913049" lon="10.765029">
        <ele>21.4</ele>
        <time>2025-05-15T12:50:17.999000Z</time>
      </trkpt>
      <trkpt lat="59.912965" lon="10.764886">
        <ele>21.1</ele>
        <time>2025-05-15T12:50:20.999000Z</time>
      </trkpt>
      <trkpt lat="59.912897" lon="10.764711">
        <ele>20.8</ele>
        <time>2025-05-15T12:50:23.999000Z</time>
      </trkpt>
      <trkpt lat="59.912835" lon="10.764557">
        <ele>20.6</ele>
        <time>2025-05-15T12:50:26.999000Z</time>
      </trkpt>
      <trkpt lat="59.912774" lon="10.764354">
        <ele>20.2</ele>
        <time>2025-05-15T12:50:30.999000Z</time>
      </trkpt>
      <trkpt lat="59.912745" lon="10.764172">
        <ele>20.0</ele>
        <time>2025-05-15T12:50:34.999000Z</time>
      </trkpt>
      <trkpt lat="59.912715" lon="10.764">
        <ele>19.7</ele>
        <time>2025-05-15T12:50:38.999000Z</time>
      </trkpt>
      <trkpt lat="59.912644" lon="10.763882">
        <ele>19.5</ele>
        <time>2025-05-15T12:50:43.999000Z</time>
      </trkpt>
      <trkpt lat="59.912647" lon="10.76366">
        <ele>19.2</ele>
        <time>2025-05-15T12:50:47.999000Z</time>
      </trkpt>
      <trkpt lat="59.912655" lon="10.763433">
        <ele>18.8</ele>
        <time>2025-05-15T12:50:51.999000Z</time>
      </trkpt>
      <trkpt lat="59.912661" lon="10.762688">
        <ele>19.7</ele>
        <time>2025-05-15T12:51:30.999000Z</time>
      </trkpt>
      <trkpt lat="59.912675" lon="10.762504">
        <ele>20.0</ele>
        <time>2025-05-15T12:51:34.999000Z</time>
      </trkpt>
      <trkpt lat="59.912685" lon="10.762311">
        <ele>20.4</ele>
        <time>2025-05-15T12:51:38.999000Z</time>
      </trkpt>
      <trkpt lat="59.912706" lon="10.762117">
        <ele>20.7</ele>
        <time>2025-05-15T12:51:42.999000Z</time>
      </trkpt>
      <trkpt lat="59.912743" lon="10.761953">
        <ele>21.0</ele>
        <time>2025-05-15T12:51:45.999000Z</time>
      </trkpt>
      <trkpt lat="59.912786" lon="10.761769">
        <ele>21.4</ele>
        <time>2025-05-15T12:51:49.999000Z</time>
      </trkpt>
      <trkpt lat="59.912839" lon="10.761593">
        <ele>21.8</ele>
        <time>2025-05-15T12:51:56.999000Z</time>
      </trkpt>
      <trkpt lat="59.912872" lon="10.761399">
        <ele>22.1</ele>
        <time>2025-05-15T12:52:00.999000Z</time>
      </trkpt>
      <trkpt lat="59.912915" lon="10.761209">
        <ele>22.5</ele>
        <time>2025-05-15T12:52:04.999000Z</time>
      </trkpt>
      <trkpt lat="59.912939" lon="10.760989">
        <ele>22.9</ele>
        <time>2025-05-15T12:52:08.999000Z</time>
      </trkpt>
      <trkpt lat="59.912978" lon="10.760816">
        <ele>23.2</ele>
        <time>2025-05-15T12:52:12.999000Z</time>
      </trkpt>
      <trkpt lat="59.913012" lon="10.760603">
        <ele>23.6</ele>
        <time>2025-05-15T12:52:16.999000Z</time>
      </trkpt>
      <trkpt lat="59.913036" lon="10.7604">
        <ele>24.0</ele>
        <time>2025-05-15T12:52:20.999000Z</time>
      </trkpt>
      <trkpt lat="59.913057" lon="10.760186">
        <ele>24.4</ele>
        <time>2025-05-15T12:52:24.999000Z</time>
      </trkpt>
      <trkpt lat="59.913089" lon="10.759983">
        <ele>24.7</ele>
        <time>2025-05-15T12:52:28.999000Z</time>
      </trkpt>
      <trkpt lat="59.913116" lon="10.759793">
        <ele>25.0</ele>
        <time>2025-05-15T12:52:32.999000Z</time>
      </trkpt>
      <trkpt lat="59.913167" lon="10.759606">
        <ele>25.0</ele>
        <time>2025-05-15T12:52:37.999000Z</time>
      </trkpt>
      <trkpt lat="59.913213" lon="10.759401">
        <ele>25.0</ele>
        <time>2025-05-15T12:52:41.999000Z</time>
      </trkpt>
      <trkpt lat="59.913206" lon="10.759206">
        <ele>25.1</ele>
        <time>2025-05-15T12:52:45.999000Z</time>
      </trkpt>
      <trkpt lat="59.913259" lon="10.759024">
        <ele>25.1</ele>
        <time>2025-05-15T12:52:56.999000Z</time>
      </trkpt>
      <trkpt lat="59.913301" lon="10.758865">
        <ele>25.1</ele>
        <time>2025-05-15T12:52:58.999000Z</time>
      </trkpt>
      <trkpt lat="59.913374" lon="10.758677">
        <ele>25.2</ele>
        <time>2025-05-15T12:53:01.999000Z</time>
      </trkpt>
      <trkpt lat="59.913423" lon="10.758474">
        <ele>25.2</ele>
        <time>2025-05-15T12:53:05.999000Z</time>
      </trkpt>
      <trkpt lat="59.913469" lon="10.758307">
        <ele>25.3</ele>
        <time>2025-05-15T12:53:08.999000Z</time>
      </trkpt>
      <trkpt lat="59.913518" lon="10.758077">
        <ele>25.3</ele>
        <time>2025-05-15T12:53:11.999000Z</time>
      </trkpt>
      <trkpt lat="59.913562" lon="10.757842">
        <ele>25.3</ele>
        <time>2025-05-15T12:53:14.999000Z</time>
      </trkpt>
      <trkpt lat="59.913619" lon="10.757601">
        <ele>25.4</ele>
        <time>2025-05-15T12:53:17.999000Z</time>
      </trkpt>
      <trkpt lat="59.913678" lon="10.757402">
        <ele>25.4</ele>
        <time>2025-05-15T12:53:20.999000Z</time>
      </trkpt>
      <trkpt lat="59.913686" lon="10.757221">
        <ele>25.5</ele>
        <time>2025-05-15T12:53:24.999000Z</time>
      </trkpt>
      <trkpt lat="59.913626" lon="10.756362">
        <ele>26.7</ele>
        <time>2025-05-15T12:54:12.999000Z</time>
      </trkpt>
      <trkpt lat="59.913634" lon="10.756131">
        <ele>27.9</ele>
        <time>2025-05-15T12:54:16.999000Z</time>
      </trkpt>
      <trkpt lat="59.913656" lon="10.75595">
        <ele>28.8</ele>
        <time>2025-05-15T12:54:19.999000Z</time>
      </trkpt>
      <trkpt lat="59.913642" lon="10.755771">
        <ele>29.7</ele>
        <time>2025-05-15T12:54:23.999000Z</time>
      </trkpt>
      <trkpt lat="59.91361" lon="10.755587">
        <ele>30.8</ele>
        <time>2025-05-15T12:54:26.999000Z</time>
      </trkpt>
      <trkpt lat="59.913564" lon="10.755378">
        <ele>31.9</ele>
        <time>2025-05-15T12:54:29.999000Z</time>
      </trkpt>
      <trkpt lat="59.913484" lon="10.755237">
        <ele>33.0</ele>
        <time>2025-05-15T12:54:32.999000Z</time>
      </trkpt>
      <trkpt lat="59.913446" lon="10.755026">
        <ele>34.2</ele>
        <time>2025-05-15T12:54:35.999000Z</time>
      </trkpt>
      <trkpt lat="59.913431" lon="10.7548">
        <ele>35.4</ele>
        <time>2025-05-15T12:54:38.999000Z</time>
      </trkpt>
      <trkpt lat="59.9134" lon="10.754559">
        <ele>36.6</ele>
        <time>2025-05-15T12:54:41.999000Z</time>
      </trkpt>
      <trkpt lat="59.913361" lon="10.754333">
        <ele>37.9</ele>
        <time>2025-05-15T12:54:44.999000Z</time>
      </trkpt>
      <trkpt lat="59.913294" lon="10.75413">
        <ele>39.1</ele>
        <time>2025-05-15T12:54:47.999000Z</time>
      </trkpt>
      <trkpt lat="59.913241" lon="10.75397">
        <ele>40.1</ele>
        <time>2025-05-15T12:54:50.999000Z</time>
      </trkpt>
      <trkpt lat="59.913358" lon="10.753138">
        <ele>44.7</ele>
        <time>2025-05-15T12:56:25Z</time>
      </trkpt>
      <trkpt lat="59.913444" lon="10.753083">
        <ele>45.8</ele>
        <time>2025-05-15T12:56:29Z</time>
      </trkpt>
      <trkpt lat="59.913542" lon="10.752991">
        <ele>47.2</ele>
        <time>2025-05-15T12:56:33Z</time>
      </trkpt>
      <trkpt lat="59.913621" lon="10.752894">
        <ele>48.4</ele>
        <time>2025-05-15T12:56:36Z</time>
      </trkpt>
      <trkpt lat="59.913716" lon="10.752797">
        <ele>49.7</ele>
        <time>2025-05-15T12:56:42Z</time>
      </trkpt>
      <trkpt lat="59.913818" lon="10.752747">
        <ele>51.1</ele>
        <time>2025-05-15T12:56:49Z</time>
      </trkpt>
      <trkpt lat="59.914038" lon="10.752008">
        <ele>56.6</ele>
        <time>2025-05-15T12:58:04Z</time>
      </trkpt>
      <trkpt lat="59.913946" lon="10.751833">
        <ele>58.2</ele>
        <time>2025-05-15T12:58:11Z</time>
      </trkpt>
      <trkpt lat="59.9139" lon="10.751644">
        <ele>59.5</ele>
        <time>2025-05-15T12:58:16Z</time>
      </trkpt>
      <trkpt lat="59.913863" lon="10.751469">
        <ele>60.7</ele>
        <time>2025-05-15T12:58:22Z</time>
      </trkpt>
      <trkpt lat="59.913812" lon="10.751289">
        <ele>62.0</ele>
        <time>2025-05-15T12:58:28Z</time>
      </trkpt>
      <trkpt lat="59.913747" lon="10.751136">
        <ele>63.3</ele>
        <time>2025-05-15T12:58:33Z</time>
      </trkpt>
      <trkpt lat="59.913714" lon="10.750963">
        <ele>64.5</ele>
        <time>2025-05-15T12:58:39Z</time>
      </trkpt>
      <trkpt lat="59.913647" lon="10.750822">
        <ele>65.7</ele>
        <time>2025-05-15T12:58:46Z</time>
      </trkpt>
      <trkpt lat="59.913594" lon="10.75067">
        <ele>66.9</ele>
        <time>2025-05-15T12:58:53Z</time>
      </trkpt>
      <trkpt lat="59.913523" lon="10.750561">
        <ele>66.5</ele>
        <time>2025-05-15T12:58:58Z</time>
      </trkpt>
      <trkpt lat="59.913474" lon="10.750389">
        <ele>66.0</ele>
        <time>2025-05-15T12:59:03Z</time>
      </trkpt>
      <trkpt lat="59.913203" lon="10.74928">
        <ele>62.9</ele>
        <time>2025-05-15T12:59:57Z</time>
      </trkpt>
      <trkpt lat="59.913163" lon="10.749083">
        <ele>62.4</ele>
        <time>2025-05-15T13:00:00Z</time>
      </trkpt>
      <trkpt lat="59.913122" lon="10.748882">
        <ele>61.8</ele>
        <time>2025-05-15T13:00:03Z</time>
      </trkpt>
      <trkpt lat="59.913096" lon="10.748681">
        <ele>61.3</ele>
        <time>2025-05-15T13:00:06Z</time>
      </trkpt>
      <trkpt lat="59.913016" lon="10.748458">
        <ele>60.6</ele>
        <time>2025-05-15T13:00:09Z</time>
      </trkpt>
      <trkpt lat="59.912927" lon="10.748301">
        <ele>60.0</ele>
        <time>2025-05-15T13:00:13Z</time>
      </trkpt>
      <trkpt lat="59.912847" lon="10.748193">
        <ele>59.5</ele>
        <time>2025-05-15T13:00:17Z</time>
      </trkpt>
      <trkpt lat="59.912827" lon="10.748006">
        <ele>59.1</ele>
        <time>2025-05-15T13:00:22Z</time>
      </trkpt>
      <trkpt lat="59.912862" lon="10.747829">
        <ele>58.6</ele>
        <time>2025-05-15T13:00:29Z</time>
      </trkpt>
      <trkpt lat="59.9129" lon="10.746894">
        <ele>55.6</ele>
        <time>2025-05-15T13:01:59.001000Z</time>
      </trkpt>
      <trkpt lat="59.912942" lon="10.746706">
        <ele>54.9</ele>
        <time>2025-05-15T13:02:05.001000Z</time>
      </trkpt>
      <trkpt lat="59.912975" lon="10.746527">
        <ele>54.3</ele>
        <time>2025-05-15T13:02:15.001000Z</time>
      </trkpt>
      <trkpt lat="59.912917" lon="10.74636">
        <ele>53.6</ele>
        <time>2025-05-15T13:02:20.001000Z</time>
      </trkpt>
      <trkpt lat="59.912865" lon="10.746206">
        <ele>53.0</ele>
        <time>2025-05-15T13:02:25.001000Z</time>
      </trkpt>
      <trkpt lat="59.912862" lon="10.746024">
        <ele>52.4</ele>
        <time>2025-05-15T13:02:31.001000Z</time>
      </trkpt>
      <trkpt lat="59.912797" lon="10.745893">
        <ele>51.7</ele>
        <time>2025-05-15T13:02:40.001000Z</time>
      </trkpt>
      <trkpt lat="59.912754" lon="10.745697">
        <ele>51.0</ele>
        <time>2025-05-15T13:02:46.001000Z</time>
      </trkpt>
      <trkpt lat="59.91271" lon="10.745496">
        <ele>50.3</ele>
        <time>2025-05-15T13:02:49.001000Z</time>
      </trkpt>
      <trkpt lat="59.912691" lon="10.745317">
        <ele>49.7</ele>
        <time>2025-05-15T13:02:52.001000Z</time>
      </trkpt>
      <trkpt lat="59.912677" lon="10.745115">
        <ele>49.0</ele>
        <time>2025-05-15T13:02:55.001000Z</time>
      </trkpt>
      <trkpt lat="59.912685" lon="10.744882">
        <ele>48.2</ele>
        <time>2025-05-15T13:02:59.001000Z</time>
      </trkpt>
      <trkpt lat="59.912702" lon="10.744644">
        <ele>47.4</ele>
        <time>2025-05-15T13:03:03.001000Z</time>
      </trkpt>
      <trkpt lat="59.91274" lon="10.744453">
        <ele>46.7</ele>
        <time>2025-05-15T13:03:09.001000Z</time>
      </trkpt>
      <trkpt lat="59.91284" lon="10.744469">
        <ele>46.0</ele>
        <time>2025-05-15T13:03:16.001000Z</time>
      </trkpt>
      <trkpt lat="59.912932" lon="10.744432">
        <ele>46.1</ele>
        <time>2025-05-15T13:03:21.001000Z</time>
      </trkpt>
      <trkpt lat="59.913039" lon="10.744306">
        <ele>46.5</ele>
        <time>2025-05-15T13:03:25.001000Z</time>
      </trkpt>
      <trkpt lat="59.91312" lon="10.744143">
        <ele>47.0</ele>
        <time>2025-05-15T13:03:29.001000Z</time>
      </trkpt>
      <trkpt lat="59.913227" lon="10.744007">
        <ele>47.5</ele>
        <time>2025-05-15T13:03:32.001000Z</time>
      </trkpt>
      <trkpt lat="59.913323" lon="10.743833">
        <ele>48.0</ele>
        <time>2025-05-15T13:03:35.001000Z</time>
      </trkpt>
      <trkpt lat="59.913401" lon="10.743659">
        <ele>48.4</ele>
        <time>2025-05-15T13:03:38.001000Z</time>
      </trkpt>
      <trkpt lat="59.913481" lon="10.743559">
        <ele>48.8</ele>
        <time>2025-05-15T13:03:40.001000Z</time>
      </trkpt>
      <trkpt lat="59.913592" lon="10.743442">
        <ele>49.3</ele>
        <time>2025-05-15T13:03:43.001000Z</time>
      </trkpt>
      <trkpt lat="59.913677" lon="10.743282">
        <ele>49.7</ele>
        <time>2025-05-15T13:03:46.001000Z</time>
      </trkpt>
      <trkpt lat="59.913741" lon="10.743123">
        <ele>50.1</ele>
        <time>2025-05-15T13:03:49.001000Z</time>
      </trkpt>
      <trkpt lat="59.913807" lon="10.742959">
        <ele>50.5</ele>
        <time>2025-05-15T13:03:52.001000Z</time>
      </trkpt>
      <trkpt lat="59.913866" lon="10.742805">
        <ele>50.9</ele>
        <time>2025-05-15T13:03:59.001000Z</time>
      </trkpt>
      <trkpt lat="59.913956" lon="10.742672">
        <ele>51.4</ele>
        <time>2025-05-15T13:04:06.001000Z</time>
      </trkpt>
      <trkpt lat="59.914026" lon="10.742535">
        <ele>51.7</ele>
        <time>2025-05-15T13:04:11.001000Z</time>
      </trkpt>
      <trkpt lat="59.914088" lon="10.742398">
        <ele>52.1</ele>
        <time>2025-05-15T13:04:14.001000Z</time>
      </trkpt>
      <trkpt lat="59.914148" lon="10.742228">
        <ele>52.5</ele>
        <time>2025-05-15T13:04:17.001000Z</time>
      </trkpt>
      <trkpt lat="59.914228" lon="10.742033">
        <ele>53.3</ele>
        <time>2025-05-15T13:04:20.001000Z</time>
      </trkpt>
      <trkpt lat="59.914309" lon="10.74189">
        <ele>54.4</ele>
        <time>2025-05-15T13:04:23.001000Z</time>
      </trkpt>
      <trkpt lat="59.914373" lon="10.741747">
        <ele>55.4</ele>
        <time>2025-05-15T13:04:26.001000Z</time>
      </trkpt>
      <trkpt lat="59.914389" lon="10.741538">
        <ele>56.5</ele>
        <time>2025-05-15T13:04:30.001000Z</time>
      </trkpt>
      <trkpt lat="59.91443" lon="10.741324">
        <ele>57.6</ele>
        <time>2025-05-15T13:04:34.001000Z</time>
      </trkpt>
      <trkpt lat="59.914514" lon="10.74124">
        <ele>58.6</ele>
        <time>2025-05-15T13:04:40.001000Z</time>
      </trkpt>
      <trkpt lat="59.914604" lon="10.741174">
        <ele>59.5</ele>
        <time>2025-05-15T13:04:42.001000Z</time>
      </trkpt>
      <trkpt lat="59.914726" lon="10.741139">
        <ele>60.8</ele>
        <time>2025-05-15T13:04:44.001000Z</time>
      </trkpt>
      <trkpt lat="59.91482" lon="10.741212">
        <ele>61.8</ele>
        <time>2025-05-15T13:04:48.001000Z</time>
      </trkpt>
      <trkpt lat="59.914924" lon="10.741235">
        <ele>62.8</ele>
        <time>2025-05-15T13:04:52.001000Z</time>
      </trkpt>
      <trkpt lat="59.915035" lon="10.741263">
        <ele>64.0</ele>
        <time>2025-05-15T13:04:56.001000Z</time>
      </trkpt>
      <trkpt lat="59.915125" lon="10.741227">
        <ele>64.9</ele>
        <time>2025-05-15T13:04:59.001000Z</time>
      </trkpt>
      <trkpt lat="59.915271" lon="10.741216">
        <ele>66.4</ele>
        <time>2025-05-15T13:05:06.001000Z</time>
      </trkpt>
      <trkpt lat="59.91565" lon="10.740393">
        <ele>69.3</ele>
        <time>2025-05-15T13:05:17.001000Z</time>
      </trkpt>
      <trkpt lat="59.915679" lon="10.740215">
        <ele>68.0</ele>
        <time>2025-05-15T13:05:19.001000Z</time>
      </trkpt>
      <trkpt lat="59.915719" lon="10.740031">
        <ele>66.5</ele>
        <time>2025-05-15T13:05:21.001000Z</time>
      </trkpt>
      <trkpt lat="59.915771" lon="10.739866">
        <ele>65.1</ele>
        <time>2025-05-15T13:05:23.001000Z</time>
      </trkpt>
      <trkpt lat="59.915844" lon="10.739698">
        <ele>63.5</ele>
        <time>2025-05-15T13:05:25.001000Z</time>
      </trkpt>
      <trkpt lat="59.915904" lon="10.739523">
        <ele>61.9</ele>
        <time>2025-05-15T13:05:27.001000Z</time>
      </trkpt>
      <trkpt lat="59.916008" lon="10.739365">
        <ele>60.0</ele>
        <time>2025-05-15T13:05:29.001000Z</time>
      </trkpt>
      <trkpt lat="59.9161" lon="10.739232">
        <ele>58.4</ele>
        <time>2025-05-15T13:05:31.001000Z</time>
      </trkpt>
      <trkpt lat="59.91616" lon="10.739051">
        <ele>56.8</ele>
        <time>2025-05-15T13:05:33.001000Z</time>
      </trkpt>
      <trkpt lat="59.916213" lon="10.738875">
        <ele>55.3</ele>
        <time>2025-05-15T13:05:35.001000Z</time>
      </trkpt>
      <trkpt lat="59.916241" lon="10.738687">
        <ele>53.9</ele>
        <time>2025-05-15T13:05:38.001000Z</time>
      </trkpt>
      <trkpt lat="59.916311" lon="10.73849">
        <ele>52.1</ele>
        <time>2025-05-15T13:05:42.001000Z</time>
      </trkpt>
      <trkpt lat="59.916374" lon="10.738319">
        <ele>50.6</ele>
        <time>2025-05-15T13:05:48.001000Z</time>
      </trkpt>
      <trkpt lat="59.916454" lon="10.738167">
        <ele>49.0</ele>
        <time>2025-05-15T13:05:52.001000Z</time>
      </trkpt>
      <trkpt lat="59.916541" lon="10.738036">
        <ele>47.4</ele>
        <time>2025-05-15T13:05:55.001000Z</time>
      </trkpt>
      <trkpt lat="59.916605" lon="10.737881">
        <ele>46.0</ele>
        <time>2025-05-15T13:05:58.001000Z</time>
      </trkpt>
      <trkpt lat="59.91663" lon="10.737707">
        <ele>44.7</ele>
        <time>2025-05-15T13:06:02.001000Z</time>
      </trkpt>
      <trkpt lat="59.916571" lon="10.737524">
        <ele>43.6</ele>
        <time>2025-05-15T13:06:06.001000Z</time>
      </trkpt>
      <trkpt lat="59.916504" lon="10.737337">
        <ele>42.5</ele>
        <time>2025-05-15T13:06:12.001000Z</time>
      </trkpt>
      <trkpt lat="59.916427" lon="10.737202">
        <ele>41.5</ele>
        <time>2025-05-15T13:06:16.001000Z</time>
      </trkpt>
      <trkpt lat="59.916345" lon="10.737095">
        <ele>40.6</ele>
        <time>2025-05-15T13:06:20.001000Z</time>
      </trkpt>
      <trkpt lat="59.916253" lon="10.737005">
        <ele>39.6</ele>
        <time>2025-05-15T13:06:24.001000Z</time>
      </trkpt>
      <trkpt lat="59.916212" lon="10.73679">
        <ele>38.4</ele>
        <time>2025-05-15T13:06:30.002000Z</time>
      </trkpt>
      <trkpt lat="59.916205" lon="10.736593">
        <ele>37.5</ele>
        <time>2025-05-15T13:06:34.002000Z</time>
      </trkpt>
      <trkpt lat="59.916224" lon="10.736396">
        <ele>36.5</ele>
        <time>2025-05-15T13:06:38.002000Z</time>
      </trkpt>
      <trkpt lat="59.916231" lon="10.736176">
        <ele>35.4</ele>
        <time>2025-05-15T13:06:42.002000Z</time>
      </trkpt>
      <trkpt lat="59.916268" lon="10.735988">
        <ele>34.4</ele>
        <time>2025-05-15T13:06:46.002000Z</time>
      </trkpt>
      <trkpt lat="59.9163" lon="10.735754">
        <ele>33.3</ele>
        <time>2025-05-15T13:06:50.002000Z</time>
      </trkpt>
      <trkpt lat="59.916354" lon="10.735545">
        <ele>32.1</ele>
        <time>2025-05-15T13:06:54.002000Z</time>
      </trkpt>
      <trkpt lat="59.916421" lon="10.735325">
        <ele>30.8</ele>
        <time>2025-05-15T13:06:57.002000Z</time>
      </trkpt>
      <trkpt lat="59.916485" lon="10.735149">
        <ele>29.8</ele>
        <time>2025-05-15T13:07:01.002000Z</time>
      </trkpt>
      <trkpt lat="59.916529" lon="10.734969">
        <ele>28.8</ele>
        <time>2025-05-15T13:07:10.002000Z</time>
      </trkpt>
      <trkpt lat="59.9167" lon="10.734166">
        <ele>28.9</ele>
        <time>2025-05-15T13:07:57.002000Z</time>
      </trkpt>
      <trkpt lat="59.916759" lon="10.733986">
        <ele>29.5</ele>
        <time>2025-05-15T13:08:01.002000Z</time>
      </trkpt>
      <trkpt lat="59.916808" lon="10.733804">
        <ele>30.1</ele>
        <time>2025-05-15T13:08:05.002000Z</time>
      </trkpt>
      <trkpt lat="59.916879" lon="10.733639">
        <ele>30.7</ele>
        <time>2025-05-15T13:08:09.002000Z</time>
      </trkpt>
      <trkpt lat="59.916934" lon="10.733475">
        <ele>31.3</ele>
        <time>2025-05-15T13:08:13.002000Z</time>
      </trkpt>
      <trkpt lat="59.916974" lon="10.733288">
        <ele>31.8</ele>
        <time>2025-05-15T13:08:18.002000Z</time>
      </trkpt>
      <trkpt lat="59.916994" lon="10.733071">
        <ele>32.4</ele>
        <time>2025-05-15T13:08:23.002000Z</time>
      </trkpt>
      <trkpt lat="59.91704" lon="10.732892">
        <ele>33.0</ele>
        <time>2025-05-15T13:08:28.002000Z</time>
      </trkpt>
      <trkpt lat="59.917076" lon="10.732694">
        <ele>33.6</ele>
        <time>2025-05-15T13:08:33.002000Z</time>
      </trkpt>
      <trkpt lat="59.917121" lon="10.732517">
        <ele>34.2</ele>
        <time>2025-05-15T13:08:37.002000Z</time>
      </trkpt>
      <trkpt lat="59.91717" lon="10.732366">
        <ele>34.7</ele>
        <time>2025-05-15T13:08:41.002000Z</time>
      </trkpt>
      <trkpt lat="59.917266" lon="10.732259">
        <ele>35.3</ele>
        <time>2025-05-15T13:08:46.002000Z</time>
      </trkpt>
      <trkpt lat="59.917375" lon="10.732237">
        <ele>35.9</ele>
        <time>2025-05-15T13:08:50.002000Z</time>
      </trkpt>
      <trkpt lat="59.917485" lon="10.732229">
        <ele>36.5</ele>
        <time>2025-05-15T13:08:55.002000Z</time>
      </trkpt>
      <trkpt lat="59.917578" lon="10.732216">
        <ele>37.0</ele>
        <time>2025-05-15T13:09:01.002000Z</time>
      </trkpt>
      <trkpt lat="59.917675" lon="10.732151">
        <ele>37.5</ele>
        <time>2025-05-15T13:09:06.002000Z</time>
      </trkpt>
      <trkpt lat="59.917771" lon="10.732092">
        <ele>37.9</ele>
        <time>2025-05-15T13:09:11.002000Z</time>
      </trkpt>
      <trkpt lat="59.917862" lon="10.732009">
        <ele>38.3</ele>
        <time>2025-05-15T13:09:14.002000Z</time>
      </trkpt>
      <trkpt lat="59.917966" lon="10.73195">
        <ele>38.7</ele>
        <time>2025-05-15T13:09:17.002000Z</time>
      </trkpt>
      <trkpt lat="59.918082" lon="10.731907">
        <ele>39.2</ele>
        <time>2025-05-15T13:09:23.002000Z</time>
      </trkpt>
      <trkpt lat="59.918177" lon="10.731959">
        <ele>39.5</ele>
        <time>2025-05-15T13:09:26.002000Z</time>
      </trkpt>
      <trkpt lat="59.918281" lon="10.731939">
        <ele>39.9</ele>
        <time>2025-05-15T13:09:36.002000Z</time>
      </trkpt>
      <trkpt lat="59.918395" lon="10.731894">
        <ele>40.4</ele>
        <time>2025-05-15T13:09:39.002000Z</time>
      </trkpt>
      <trkpt lat="59.918486" lon="10.731903">
        <ele>40.7</ele>
        <time>2025-05-15T13:09:42.002000Z</time>
      </trkpt>
      <trkpt lat="59.918602" lon="10.731899">
        <ele>41.1</ele>
        <time>2025-05-15T13:09:46.002000Z</time>
      </trkpt>
      <trkpt lat="59.918694" lon="10.731814">
        <ele>41.5</ele>
        <time>2025-05-15T13:09:50.002000Z</time>
      </trkpt>
      <trkpt lat="59.918776" lon="10.731692">
        <ele>41.9</ele>
        <time>2025-05-15T13:09:54.002000Z</time>
      </trkpt>
      <trkpt lat="59.918874" lon="10.731612">
        <ele>42.3</ele>
        <time>2025-05-15T13:09:57.002000Z</time>
      </trkpt>
      <trkpt lat="59.918976" lon="10.731512">
        <ele>42.7</ele>
        <time>2025-05-15T13:10:01.002000Z</time>
      </trkpt>
      <trkpt lat="59.919062" lon="10.731416">
        <ele>43.1</ele>
        <time>2025-05-15T13:10:05.002000Z</time>
      </trkpt>
      <trkpt lat="59.919114" lon="10.731242">
        <ele>43.5</ele>
        <time>2025-05-15T13:10:09.002000Z</time>
      </trkpt>
      <trkpt lat="59.919142" lon="10.731046">
        <ele>43.9</ele>
        <time>2025-05-15T13:10:14.002000Z</time>
      </trkpt>
      <trkpt lat="59.919187" lon="10.730868">
        <ele>44.2</ele>
        <time>2025-05-15T13:10:19.002000Z</time>
      </trkpt>
      <trkpt lat="59.919223" lon="10.730672">
        <ele>44.2</ele>
        <time>2025-05-15T13:10:24.002000Z</time>
      </trkpt>
      <trkpt lat="59.919268" lon="10.730487">
        <ele>44.2</ele>
        <time>2025-05-15T13:10:30.002000Z</time>
      </trkpt>
      <trkpt lat="59.919322" lon="10.730326">
        <ele>44.2</ele>
        <time>2025-05-15T13:10:38.002000Z</time>
      </trkpt>
      <trkpt lat="59.91938" lon="10.730164">
        <ele>44.3</ele>
        <time>2025-05-15T13:10:42.002000Z</time>
      </trkpt>
      <trkpt lat="59.919456" lon="10.729984">
        <ele>44.3</ele>
        <time>2025-05-15T13:10:46.002000Z</time>
      </trkpt>
      <trkpt lat="59.919506" lon="10.729831">
        <ele>44.3</ele>
        <time>2025-05-15T13:10:49.002000Z</time>
      </trkpt>
      <trkpt lat="59.919573" lon="10.729674">
        <ele>44.3</ele>
        <time>2025-05-15T13:10:53.002000Z</time>
      </trkpt>
      <trkpt lat="59.919636" lon="10.729514">
        <ele>44.4</ele>
        <time>2025-05-15T13:10:57.002000Z</time>
      </trkpt>
      <trkpt lat="59.9197" lon="10.729357">
        <ele>44.4</ele>
        <time>2025-05-15T13:11:01.002000Z</time>
      </trkpt>
      <trkpt lat="59.919757" lon="10.729191">
        <ele>44.4</ele>
        <time>2025-05-15T13:11:06.002000Z</time>
      </trkpt>
      <trkpt lat="59.919821" lon="10.729056">
        <ele>44.4</ele>
        <time>2025-05-15T13:11:09.002000Z</time>
      </trkpt>
      <trkpt lat="59.919901" lon="10.728891">
        <ele>44.4</ele>
        <time>2025-05-15T13:11:13.002000Z</time>
      </trkpt>
      <trkpt lat="59.919989" lon="10.728739">
        <ele>44.5</ele>
        <time>2025-05-15T13:11:17.002000Z</time>
      </trkpt>
      <trkpt lat="59.920053" lon="10.728568">
        <ele>44.5</ele>
        <time>2025-05-15T13:11:21.002000Z</time>
      </trkpt>
      <trkpt lat="59.920111" lon="10.728427">
        <ele>44.5</ele>
        <time>2025-05-15T13:11:25.002000Z</time>
      </trkpt>
      <trkpt lat="59.920171" lon="10.728286">
        <ele>44.5</ele>
        <time>2025-05-15T13:11:30.998000Z</time>
      </trkpt>
      <trkpt lat="59.920119" lon="10.728126">
        <ele>44.5</ele>
        <time>2025-05-15T13:11:39.998000Z</time>
      </trkpt>
      <trkpt lat="59.920031" lon="10.728021">
        <ele>44.4</ele>
        <time>2025-05-15T13:11:46.998000Z</time>
      </trkpt>
      <trkpt lat="59.919917" lon="10.727966">
        <ele>44.1</ele>
        <time>2025-05-15T13:11:51.998000Z</time>
      </trkpt>
      <trkpt lat="59.919826" lon="10.727944">
        <ele>43.9</ele>
        <time>2025-05-15T13:11:54.998000Z</time>
      </trkpt>
      <trkpt lat="59.919728" lon="10.727924">
        <ele>43.7</ele>
        <time>2025-05-15T13:12:00.998000Z</time>
      </trkpt>
      <trkpt lat="59.919645" lon="10.727807">
        <ele>43.4</ele>
        <time>2025-05-15T13:12:12.998000Z</time>
      </trkpt>
      <trkpt lat="59.919794" lon="10.727351">
        <ele>42.8</ele>
        <time>2025-05-15T13:53:46.003000Z</time>
      </trkpt>
      <trkpt lat="59.919851" lon="10.727175">
        <ele>42.5</ele>
        <time>2025-05-15T13:54:05.003000Z</time>
      </trkpt>
      <trkpt lat="59.919885" lon="10.727005">
        <ele>42.3</ele>
        <time>2025-05-15T13:54:09.003000Z</time>
      </trkpt>
      <trkpt lat="59.919938" lon="10.726803">
        <ele>42.0</ele>
        <time>2025-05-15T13:54:12.003000Z</time>
      </trkpt>
      <trkpt lat="59.920001" lon="10.726615">
        <ele>41.8</ele>
        <time>2025-05-15T13:54:15.003000Z</time>
      </trkpt>
      <trkpt lat="59.920079" lon="10.726428">
        <ele>41.5</ele>
        <time>2025-05-15T13:54:18.003000Z</time>
      </trkpt>
      <trkpt lat="59.920144" lon="10.72622">
        <ele>41.2</ele>
        <time>2025-05-15T13:54:21.003000Z</time>
      </trkpt>
      <trkpt lat="59.920211" lon="10.72604">
        <ele>40.9</ele>
        <time>2025-05-15T13:54:24.003000Z</time>
      </trkpt>
      <trkpt lat="59.920256" lon="10.725831">
        <ele>40.6</ele>
        <time>2025-05-15T13:54:27.003000Z</time>
      </trkpt>
      <trkpt lat="59.92034" lon="10.725684">
        <ele>40.4</ele>
        <time>2025-05-15T13:54:30.003000Z</time>
      </trkpt>
      <trkpt lat="59.920427" lon="10.725552">
        <ele>40.4</ele>
        <time>2025-05-15T13:54:33.003000Z</time>
      </trkpt>
      <trkpt lat="59.920483" lon="10.725403">
        <ele>40.7</ele>
        <time>2025-05-15T13:54:35.003000Z</time>
      </trkpt>
      <trkpt lat="59.920565" lon="10.725189">
        <ele>41.2</ele>
        <time>2025-05-15T13:54:38.003000Z</time>
      </trkpt>
      <trkpt lat="59.920618" lon="10.725044">
        <ele>41.5</ele>
        <time>2025-05-15T13:54:40.003000Z</time>
      </trkpt>
      <trkpt lat="59.920715" lon="10.724863">
        <ele>42.0</ele>
        <time>2025-05-15T13:54:43.003000Z</time>
      </trkpt>
      <trkpt lat="59.92083" lon="10.724742">
        <ele>42.4</ele>
        <time>2025-05-15T13:54:46.003000Z</time>
      </trkpt>
      <trkpt lat="59.920871" lon="10.724548">
        <ele>42.8</ele>
        <time>2025-05-15T13:54:48.003000Z</time>
      </trkpt>
      <trkpt lat="59.92094" lon="10.724334">
        <ele>43.2</ele>
        <time>2025-05-15T13:54:51.003000Z</time>
      </trkpt>
      <trkpt lat="59.921023" lon="10.724127">
        <ele>43.6</ele>
        <time>2025-05-15T13:54:54.003000Z</time>
      </trkpt>
      <trkpt lat="59.921084" lon="10.723981">
        <ele>44.0</ele>
        <time>2025-05-15T13:54:56.003000Z</time>
      </trkpt>
      <trkpt lat="59.921162" lon="10.723805">
        <ele>44.4</ele>
        <time>2025-05-15T13:54:59.003000Z</time>
      </trkpt>
      <trkpt lat="59.921235" lon="10.723649">
        <ele>44.7</ele>
        <time>2025-05-15T13:55:02.003000Z</time>
      </trkpt>
      <trkpt lat="59.921312" lon="10.723486">
        <ele>45.1</ele>
        <time>2025-05-15T13:55:05.003000Z</time>
      </trkpt>
      <trkpt lat="59.921383" lon="10.723312">
        <ele>45.5</ele>
        <time>2025-05-15T13:55:08.003000Z</time>
      </trkpt>
      <trkpt lat="59.921452" lon="10.723139">
        <ele>45.9</ele>
        <time>2025-05-15T13:55:11.003000Z</time>
      </trkpt>
      <trkpt lat="59.921527" lon="10.722959">
        <ele>46.3</ele>
        <time>2025-05-15T13:55:14.003000Z</time>
      </trkpt>
      <trkpt lat="59.921622" lon="10.722846">
        <ele>46.9</ele>
        <time>2025-05-15T13:55:17.003000Z</time>
      </trkpt>
      <trkpt lat="59.921708" lon="10.722758">
        <ele>47.5</ele>
        <time>2025-05-15T13:55:20.003000Z</time>
      </trkpt>
      <trkpt lat="59.921792" lon="10.722623">
        <ele>48.1</ele>
        <time>2025-05-15T13:55:23.003000Z</time>
      </trkpt>
      <trkpt lat="59.921874" lon="10.722504">
        <ele>48.7</ele>
        <time>2025-05-15T13:55:26.003000Z</time>
      </trkpt>
      <trkpt lat="59.921922" lon="10.722328">
        <ele>49.3</ele>
        <time>2025-05-15T13:55:29.003000Z</time>
      </trkpt>
      <trkpt lat="59.922012" lon="10.722245">
        <ele>49.9</ele>
        <time>2025-05-15T13:55:32.003000Z</time>
      </trkpt>
      <trkpt lat="59.92206" lon="10.722083">
        <ele>50.5</ele>
        <time>2025-05-15T13:55:35.003000Z</time>
      </trkpt>
      <trkpt lat="59.922128" lon="10.721927">
        <ele>51.1</ele>
        <time>2025-05-15T13:55:40.003000Z</time>
      </trkpt>
      <trkpt lat="59.922183" lon="10.72176">
        <ele>51.7</ele>
        <time>2025-05-15T13:55:45.003000Z</time>
      </trkpt>
      <trkpt lat="59.922256" lon="10.721633">
        <ele>52.3</ele>
        <time>2025-05-15T13:55:50.003000Z</time>
      </trkpt>
      <trkpt lat="59.922339" lon="10.721517">
        <ele>52.9</ele>
        <time>2025-05-15T13:55:55.003000Z</time>
      </trkpt>
      <trkpt lat="59.922436" lon="10.721416">
        <ele>53.5</ele>
        <time>2025-05-15T13:56:00.002000Z</time>
      </trkpt>
      <trkpt lat="59.922499" lon="10.721281">
        <ele>54.1</ele>
        <time>2025-05-15T13:56:05.002000Z</time>
      </trkpt>
      <trkpt lat="59.922904" lon="10.720617">
        <ele>57.3</ele>
        <time>2025-05-15T13:56:49.002000Z</time>
      </trkpt>
      <trkpt lat="59.922977" lon="10.720439">
        <ele>58.1</ele>
        <time>2025-05-15T13:56:52.002000Z</time>
      </trkpt>
      <trkpt lat="59.923076" lon="10.720301">
        <ele>58.9</ele>
        <time>2025-05-15T13:56:55.002000Z</time>
      </trkpt>
      <trkpt lat="59.923172" lon="10.720211">
        <ele>59.7</ele>
        <time>2025-05-15T13:56:58.002000Z</time>
      </trkpt>
      <trkpt lat="59.923245" lon="10.720064">
        <ele>60.5</ele>
        <time>2025-05-15T13:57:01.002000Z</time>
      </trkpt>
      <trkpt lat="59.923343" lon="10.719932">
        <ele>61.3</ele>
        <time>2025-05-15T13:57:05.002000Z</time>
      </trkpt>
      <trkpt lat="59.923427" lon="10.719834">
        <ele>62.0</ele>
        <time>2025-05-15T13:57:08.002000Z</time>
      </trkpt>
      <trkpt lat="59.923508" lon="10.719715">
        <ele>62.7</ele>
        <time>2025-05-15T13:57:12.002000Z</time>
      </trkpt>
      <trkpt lat="59.923588" lon="10.719581">
        <ele>63.5</ele>
        <time>2025-05-15T13:57:16.002000Z</time>
      </trkpt>
      <trkpt lat="59.923656" lon="10.719439">
        <ele>64.2</ele>
        <time>2025-05-15T13:57:20.002000Z</time>
      </trkpt>
      <trkpt lat="59.92374" lon="10.719557">
        <ele>64.9</ele>
        <time>2025-05-15T13:57:25.002000Z</time>
      </trkpt>
      <trkpt lat="59.923795" lon="10.719717">
        <ele>65.6</ele>
        <time>2025-05-15T13:57:29.002000Z</time>
      </trkpt>
      <trkpt lat="59.923894" lon="10.719751">
        <ele>66.3</ele>
        <time>2025-05-15T13:57:38.003000Z</time>
      </trkpt>
      <trkpt lat="59.923985" lon="10.719679">
        <ele>67.1</ele>
        <time>2025-05-15T13:57:41.003000Z</time>
      </trkpt>
      <trkpt lat="59.924083" lon="10.719575">
        <ele>67.8</ele>
        <time>2025-05-15T13:57:45.003000Z</time>
      </trkpt>
      <trkpt lat="59.924167" lon="10.719481">
        <ele>68.5</ele>
        <time>2025-05-15T13:57:50.003000Z</time>
      </trkpt>
      <trkpt lat="59.924271" lon="10.719397">
        <ele>69.3</ele>
        <time>2025-05-15T13:57:54.003000Z</time>
      </trkpt>
      <trkpt lat="59.924364" lon="10.719399">
        <ele>70.0</ele>
        <time>2025-05-15T13:57:58.003000Z</time>
      </trkpt>
      <trkpt lat="59.924469" lon="10.719387">
        <ele>69.9</ele>
        <time>2025-05-15T13:58:04.003000Z</time>
      </trkpt>
      <trkpt lat="59.924591" lon="10.719352">
        <ele>69.6</ele>
        <time>2025-05-15T13:58:12.003000Z</time>
      </trkpt>
      <trkpt lat="59.924688" lon="10.719249">
        <ele>69.3</ele>
        <time>2025-05-15T13:58:16.003000Z</time>
      </trkpt>
      <trkpt lat="59.92476" lon="10.719132">
        <ele>69.1</ele>
        <time>2025-05-15T13:58:21.003000Z</time>
      </trkpt>
      <trkpt lat="59.924835" lon="10.718995">
        <ele>68.9</ele>
        <time>2025-05-15T13:58:27.003000Z</time>
      </trkpt>
      <trkpt lat="59.924917" lon="10.718832">
        <ele>68.7</ele>
        <time>2025-05-15T13:58:32.003000Z</time>
      </trkpt>
      <trkpt lat="59.925004" lon="10.718721">
        <ele>68.4</ele>
        <time>2025-05-15T13:58:36.003000Z</time>
      </trkpt>
      <trkpt lat="59.925087" lon="10.71865">
        <ele>68.2</ele>
        <time>2025-05-15T13:58:39.003000Z</time>
      </trkpt>
      <trkpt lat="59.925186" lon="10.718571">
        <ele>68.0</ele>
        <time>2025-05-15T13:58:44.003000Z</time>
      </trkpt>
      <trkpt lat="59.925298" lon="10.718522">
        <ele>67.8</ele>
        <time>2025-05-15T13:58:48.003000Z</time>
      </trkpt>
      <trkpt lat="59.925383" lon="10.718408">
        <ele>67.5</ele>
        <time>2025-05-15T13:58:51.003000Z</time>
      </trkpt>
      <trkpt lat="59.925663" lon="10.717985">
        <ele>66.8</ele>
        <time>2025-05-15T13:59:01.003000Z</time>
      </trkpt>
      <trkpt lat="59.925727" lon="10.717836">
        <ele>66.6</ele>
        <time>2025-05-15T13:59:05.003000Z</time>
      </trkpt>
      <trkpt lat="59.925833" lon="10.717786">
        <ele>66.3</ele>
        <time>2025-05-15T13:59:10.003000Z</time>
      </trkpt>
      <trkpt lat="59.925911" lon="10.717678">
        <ele>66.1</ele>
        <time>2025-05-15T13:59:14.003000Z</time>
      </trkpt>
      <trkpt lat="59.925995" lon="10.717475">
        <ele>65.2</ele>
        <time>2025-05-15T13:59:18.003000Z</time>
      </trkpt>
      <trkpt lat="59.926063" lon="10.717323">
        <ele>64.5</ele>
        <time>2025-05-15T13:59:21.003000Z</time>
      </trkpt>
      <trkpt lat="59.926166" lon="10.717171">
        <ele>63.7</ele>
        <time>2025-05-15T13:59:24.003000Z</time>
      </trkpt>
      <trkpt lat="59.926281" lon="10.717038">
        <ele>62.8</ele>
        <time>2025-05-15T13:59:27.003000Z</time>
      </trkpt>
      <trkpt lat="59.926372" lon="10.71692">
        <ele>62.1</ele>
        <time>2025-05-15T13:59:29.003000Z</time>
      </trkpt>
      <trkpt lat="59.926457" lon="10.716832">
        <ele>61.5</ele>
        <time>2025-05-15T13:59:31.003000Z</time>
      </trkpt>
      <trkpt lat="59.926555" lon="10.71671">
        <ele>60.7</ele>
        <time>2025-05-15T13:59:33.003000Z</time>
      </trkpt>
      <trkpt lat="59.926636" lon="10.716601">
        <ele>60.1</ele>
        <time>2025-05-15T13:59:35.003000Z</time>
      </trkpt>
      <trkpt lat="59.926676" lon="10.716437">
        <ele>59.5</ele>
        <time>2025-05-15T13:59:38.003000Z</time>
      </trkpt>
      <trkpt lat="59.926701" lon="10.716254">
        <ele>58.9</ele>
        <time>2025-05-15T13:59:43.003000Z</time>
      </trkpt>
      <trkpt lat="59.926685" lon="10.716026">
        <ele>58.1</ele>
        <time>2025-05-15T13:59:46.003000Z</time>
      </trkpt>
      <trkpt lat="59.926661" lon="10.715841">
        <ele>57.5</ele>
        <time>2025-05-15T13:59:48.003000Z</time>
      </trkpt>
      <trkpt lat="59.926641" lon="10.715606">
        <ele>56.7</ele>
        <time>2025-05-15T13:59:51.003000Z</time>
      </trkpt>
      <trkpt lat="59.926618" lon="10.715415">
        <ele>56.1</ele>
        <time>2025-05-15T13:59:53.003000Z</time>
      </trkpt>
      <trkpt lat="59.926538" lon="10.715328">
        <ele>55.5</ele>
        <time>2025-05-15T13:59:56.003000Z</time>
      </trkpt>
      <trkpt lat="59.92645" lon="10.715244">
        <ele>54.9</ele>
        <time>2025-05-15T13:59:58.003000Z</time>
      </trkpt>
      <trkpt lat="59.926339" lon="10.715181">
        <ele>54.3</ele>
        <time>2025-05-15T14:00:01.003000Z</time>
      </trkpt>
      <trkpt lat="59.926235" lon="10.715087">
        <ele>54.2</ele>
        <time>2025-05-15T14:00:04.003000Z</time>
      </trkpt>
      <trkpt lat="59.926129" lon="10.714962">
        <ele>54.0</ele>
        <time>2025-05-15T14:00:07.003000Z</time>
      </trkpt>
      <trkpt lat="59.926058" lon="10.714819">
        <ele>53.9</ele>
        <time>2025-05-15T14:00:11.003000Z</time>
      </trkpt>
      <trkpt lat="59.926092" lon="10.714652">
        <ele>53.8</ele>
        <time>2025-05-15T14:00:13.003000Z</time>
      </trkpt>
      <trkpt lat="59.926159" lon="10.714447">
        <ele>53.6</ele>
        <time>2025-05-15T14:00:16.003000Z</time>
      </trkpt>
      <trkpt lat="59.926221" lon="10.714242">
        <ele>53.5</ele>
        <time>2025-05-15T14:00:19.003000Z</time>
      </trkpt>
      <trkpt lat="59.926269" lon="10.714078">
        <ele>53.3</ele>
        <time>2025-05-15T14:00:21.003000Z</time>
      </trkpt>
      <trkpt lat="59.926343" lon="10.713905">
        <ele>53.2</ele>
        <time>2025-05-15T14:00:24.003000Z</time>
      </trkpt>
      <trkpt lat="59.926398" lon="10.713714">
        <ele>53.0</ele>
        <time>2025-05-15T14:00:27.003000Z</time>
      </trkpt>
      <trkpt lat="59.926448" lon="10.713491">
        <ele>52.9</ele>
        <time>2025-05-15T14:00:30.003000Z</time>
      </trkpt>
      <trkpt lat="59.92654" lon="10.713324">
        <ele>52.7</ele>
        <time>2025-05-15T14:00:34.003000Z</time>
      </trkpt>
      <trkpt lat="59.926599" lon="10.713179">
        <ele>52.6</ele>
        <time>2025-05-15T14:00:37.003000Z</time>
      </trkpt>
      <trkpt lat="59.926658" lon="10.713029">
        <ele>52.5</ele>
        <time>2025-05-15T14:00:40.003000Z</time>
      </trkpt>
      <trkpt lat="59.926717" lon="10.712867">
        <ele>52.3</ele>
        <time>2025-05-15T14:00:43.003000Z</time>
      </trkpt>
      <trkpt lat="59.926785" lon="10.712701">
        <ele>52.2</ele>
        <time>2025-05-15T14:00:46.003000Z</time>
      </trkpt>
      <trkpt lat="59.926851" lon="10.712547">
        <ele>52.1</ele>
        <time>2025-05-15T14:00:49.003000Z</time>
      </trkpt>
      <trkpt lat="59.926897" lon="10.71239">
        <ele>51.7</ele>
        <time>2025-05-15T14:00:52.003000Z</time>
      </trkpt>
      <trkpt lat="59.926944" lon="10.712223">
        <ele>51.2</ele>
        <time>2025-05-15T14:00:55.003000Z</time>
      </trkpt>
      <trkpt lat="59.927026" lon="10.712103">
        <ele>50.7</ele>
        <time>2025-05-15T14:01:00.003000Z</time>
      </trkpt>
      <trkpt lat="59.926745" lon="10.71176">
        <ele>49.1</ele>
        <time>2025-05-15T14:01:42.003000Z</time>
      </trkpt>
      <trkpt lat="59.926663" lon="10.711616">
        <ele>48.6</ele>
        <time>2025-05-15T14:01:45.003000Z</time>
      </trkpt>
      <trkpt lat="59.926578" lon="10.711463">
        <ele>48.1</ele>
        <time>2025-05-15T14:01:48.003000Z</time>
      </trkpt>
      <trkpt lat="59.926472" lon="10.7113">
        <ele>47.4</ele>
        <time>2025-05-15T14:01:51.003000Z</time>
      </trkpt>
      <trkpt lat="59.926368" lon="10.711147">
        <ele>46.8</ele>
        <time>2025-05-15T14:01:54.003000Z</time>
      </trkpt>
      <trkpt lat="59.926295" lon="10.711034">
        <ele>46.3</ele>
        <time>2025-05-15T14:01:56.003000Z</time>
      </trkpt>
      <trkpt lat="59.926209" lon="10.710916">
        <ele>45.8</ele>
        <time>2025-05-15T14:01:58.003000Z</time>
      </trkpt>
      <trkpt lat="59.926133" lon="10.710785">
        <ele>45.4</ele>
        <time>2025-05-15T14:02:00.003000Z</time>
      </trkpt>
      <trkpt lat="59.926055" lon="10.710657">
        <ele>44.9</ele>
        <time>2025-05-15T14:02:02.003000Z</time>
      </trkpt>
      <trkpt lat="59.925978" lon="10.710529">
        <ele>44.4</ele>
        <time>2025-05-15T14:02:04.003000Z</time>
      </trkpt>
      <trkpt lat="59.925909" lon="10.710405">
        <ele>43.9</ele>
        <time>2025-05-15T14:02:06.003000Z</time>
      </trkpt>
      <trkpt lat="59.925838" lon="10.710295">
        <ele>43.5</ele>
        <time>2025-05-15T14:02:08.003000Z</time>
      </trkpt>
      <trkpt lat="59.925772" lon="10.710162">
        <ele>43.2</ele>
        <time>2025-05-15T14:02:10.003000Z</time>
      </trkpt>
      <trkpt lat="59.925695" lon="10.710022">
        <ele>43.0</ele>
        <time>2025-05-15T14:02:13.003000Z</time>
      </trkpt>
      <trkpt lat="59.925605" lon="10.709912">
        <ele>42.8</ele>
        <time>2025-05-15T14:02:15.003000Z</time>
      </trkpt>
      <trkpt lat="59.925514" lon="10.709742">
        <ele>42.5</ele>
        <time>2025-05-15T14:02:17.003000Z</time>
      </trkpt>
      <trkpt lat="59.925424" lon="10.709569">
        <ele>42.3</ele>
        <time>2025-05-15T14:02:19.003000Z</time>
      </trkpt>
      <trkpt lat="59.92534" lon="10.709403">
        <ele>42.0</ele>
        <time>2025-05-15T14:02:21.003000Z</time>
      </trkpt>
      <trkpt lat="59.925256" lon="10.709271">
        <ele>41.8</ele>
        <time>2025-05-15T14:02:23.003000Z</time>
      </trkpt>
      <trkpt lat="59.92517" lon="10.709109">
        <ele>41.6</ele>
        <time>2025-05-15T14:02:25.003000Z</time>
      </trkpt>
      <trkpt lat="59.925093" lon="10.708987">
        <ele>41.4</ele>
        <time>2025-05-15T14:02:27.003000Z</time>
      </trkpt>
      <trkpt lat="59.925022" lon="10.70886">
        <ele>41.2</ele>
        <time>2025-05-15T14:02:29.003000Z</time>
      </trkpt>
      <trkpt lat="59.92493" lon="10.70867">
        <ele>40.9</ele>
        <time>2025-05-15T14:02:32.003000Z</time>
      </trkpt>
      <trkpt lat="59.924843" lon="10.708507">
        <ele>40.7</ele>
        <time>2025-05-15T14:02:35.003000Z</time>
      </trkpt>
      <trkpt lat="59.92475" lon="10.70833">
        <ele>40.4</ele>
        <time>2025-05-15T14:02:38.003000Z</time>
      </trkpt>
      <trkpt lat="59.924661" lon="10.708164">
        <ele>40.1</ele>
        <time>2025-05-15T14:02:41.003000Z</time>
      </trkpt>
      <trkpt lat="59.92459" lon="10.70801">
        <ele>39.9</ele>
        <time>2025-05-15T14:02:45.004000Z</time>
      </trkpt>
      <trkpt lat="59.924538" lon="10.707854">
        <ele>39.7</ele>
        <time>2025-05-15T14:02:51.003000Z</time>
      </trkpt>
      <trkpt lat="59.924553" lon="10.707668">
        <ele>39.7</ele>
        <time>2025-05-15T14:03:06.003000Z</time>
      </trkpt>
      <trkpt lat="59.924639" lon="10.707586">
        <ele>39.7</ele>
        <time>2025-05-15T14:03:13.003000Z</time>
      </trkpt>
      <trkpt lat="59.924699" lon="10.707437">
        <ele>39.7</ele>
        <time>2025-05-15T14:03:19.003000Z</time>
      </trkpt>
      <trkpt lat="59.924755" lon="10.707256">
        <ele>39.8</ele>
        <time>2025-05-15T14:03:24.003000Z</time>
      </trkpt>
      <trkpt lat="59.924702" lon="10.707098">
        <ele>39.8</ele>
        <time>2025-05-15T14:03:31.003000Z</time>
      </trkpt>
      <trkpt lat="59.924773" lon="10.706982">
        <ele>39.9</ele>
        <time>2025-05-15T14:03:41.003000Z</time>
      </trkpt>
      <trkpt lat="59.924968" lon="10.706703">
        <ele>39.9</ele>
        <time>2025-05-15T14:04:16.003000Z</time>
      </trkpt>
      <trkpt lat="59.925023" lon="10.706537">
        <ele>40.0</ele>
        <time>2025-05-15T14:04:24.003000Z</time>
      </trkpt>
      <trkpt lat="59.925074" lon="10.706378">
        <ele>40.0</ele>
        <time>2025-05-15T14:04:37.003000Z</time>
      </trkpt>
      <trkpt lat="59.925261" lon="10.705792">
        <ele>40.1</ele>
        <time>2025-05-15T14:06:11.003000Z</time>
      </trkpt>
      <trkpt lat="59.925312" lon="10.705636">
        <ele>40.2</ele>
        <time>2025-05-15T14:06:16.003000Z</time>
      </trkpt>
      <trkpt lat="59.925365" lon="10.705453">
        <ele>40.2</ele>
        <time>2025-05-15T14:06:21.004000Z</time>
      </trkpt>
      <trkpt lat="59.925427" lon="10.705276">
        <ele>40.3</ele>
        <time>2025-05-15T14:06:26.004000Z</time>
      </trkpt>
      <trkpt lat="59.925484" lon="10.705109">
        <ele>40.3</ele>
        <time>2025-05-15T14:06:31.004000Z</time>
      </trkpt>
      <trkpt lat="59.925539" lon="10.704933">
        <ele>40.3</ele>
        <time>2025-05-15T14:06:37.004000Z</time>
      </trkpt>
      <trkpt lat="59.925637" lon="10.704838">
        <ele>40.3</ele>
        <time>2025-05-15T14:06:43.004000Z</time>
      </trkpt>
      <trkpt lat="59.925724" lon="10.704709">
        <ele>40.3</ele>
        <time>2025-05-15T14:06:49.004000Z</time>
      </trkpt>
      <trkpt lat="59.925827" lon="10.704586">
        <ele>40.3</ele>
        <time>2025-05-15T14:07:59.004000Z</time>
      </trkpt>
      <trkpt lat="59.925917" lon="10.704383">
        <ele>40.3</ele>
        <time>2025-05-15T14:08:47.004000Z</time>
      </trkpt>
      <trkpt lat="59.925963" lon="10.70422">
        <ele>40.3</ele>
        <time>2025-05-15T14:08:58.004000Z</time>
      </trkpt>
      <trkpt lat="59.926013" lon="10.704061">
        <ele>40.3</ele>
        <time>2025-05-15T14:09:09.003000Z</time>
      </trkpt>
      <trkpt lat="59.926064" lon="10.703908">
        <ele>40.3</ele>
        <time>2025-05-15T14:09:30.003000Z</time>
      </trkpt>
      <trkpt lat="59.926109" lon="10.703747">
        <ele>40.3</ele>
        <time>2025-05-15T14:09:51.003000Z</time>
      </trkpt>
      <trkpt lat="59.926198" lon="10.703513">
        <ele>40.3</ele>
        <time>2025-05-15T14:10:31.003000Z</time>
      </trkpt>
      <trkpt lat="59.926247" lon="10.703353">
        <ele>40.3</ele>
        <time>2025-05-15T14:10:42.003000Z</time>
      </trkpt>
      <trkpt lat="59.926291" lon="10.703192">
        <ele>40.3</ele>
        <time>2025-05-15T14:10:53.003000Z</time>
      </trkpt>
      <trkpt lat="59.926331" lon="10.70303">
        <ele>40.3</ele>
        <time>2025-05-15T14:11:05.003000Z</time>
      </trkpt>
      <trkpt lat="59.92634" lon="10.702846">
        <ele>40.3</ele>
        <time>2025-05-15T14:11:29.004000Z</time>
      </trkpt>
      <trkpt lat="59.926323" lon="10.702667">
        <ele>40.3</ele>
        <time>2025-05-15T14:11:43.004000Z</time>
      </trkpt>
      <trkpt lat="59.926378" lon="10.702524">
        <ele>40.3</ele>
        <time>2025-05-15T14:11:56.004000Z</time>
      </trkpt>
      <trkpt lat="59.926434" lon="10.702361">
        <ele>40.3</ele>
        <time>2025-05-15T14:12:07.004000Z</time>
      </trkpt>
      <trkpt lat="59.926495" lon="10.702208">
        <ele>40.3</ele>
        <time>2025-05-15T14:12:18.004000Z</time>
      </trkpt>
      <trkpt lat="59.926546" lon="10.702052">
        <ele>40.3</ele>
        <time>2025-05-15T14:12:28.004000Z</time>
      </trkpt>
      <trkpt lat="59.926596" lon="10.701901">
        <ele>40.3</ele>
        <time>2025-05-15T14:12:38.004000Z</time>
      </trkpt>
      <trkpt lat="59.926648" lon="10.701743">
        <ele>40.3</ele>
        <time>2025-05-15T14:12:49.004000Z</time>
      </trkpt>
      <trkpt lat="59.927252" lon="10.699306">
        <ele>45.4</ele>
        <time>2025-05-15T14:35:22Z</time>
      </trkpt>
      <trkpt lat="59.927334" lon="10.699441">
        <ele>45.4</ele>
        <time>2025-05-15T14:35:37Z</time>
      </trkpt>
      <trkpt lat="59.927412" lon="10.699545">
        <ele>45.4</ele>
        <time>2025-05-15T14:35:42Z</time>
      </trkpt>
      <trkpt lat="59.927504" lon="10.699654">
        <ele>45.4</ele>
        <time>2025-05-15T14:35:47Z</time>
      </trkpt>
      <trkpt lat="59.927587" lon="10.699724">
        <ele>45.4</ele>
        <time>2025-05-15T14:35:51Z</time>
      </trkpt>
      <trkpt lat="59.927678" lon="10.69983">
        <ele>45.4</ele>
        <time>2025-05-15T14:35:56Z</time>
      </trkpt>
      <trkpt lat="59.927758" lon="10.699956">
        <ele>45.4</ele>
        <time>2025-05-15T14:36:02Z</time>
      </trkpt>
      <trkpt lat="59.9278" lon="10.700143">
        <ele>45.4</ele>
        <time>2025-05-15T14:36:08Z</time>
      </trkpt>
      <trkpt lat="59.927817" lon="10.700348">
        <ele>45.4</ele>
        <time>2025-05-15T14:36:11Z</time>
      </trkpt>
      <trkpt lat="59.927843" lon="10.70062">
        <ele>45.4</ele>
        <time>2025-05-15T14:36:14Z</time>
      </trkpt>
      <trkpt lat="59.927868" lon="10.700838">
        <ele>45.5</ele>
        <time>2025-05-15T14:36:16Z</time>
      </trkpt>
      <trkpt lat="59.927898" lon="10.701072">
        <ele>45.6</ele>
        <time>2025-05-15T14:36:18Z</time>
      </trkpt>
      <trkpt lat="59.927908" lon="10.701314">
        <ele>45.7</ele>
        <time>2025-05-15T14:36:20Z</time>
      </trkpt>
      <trkpt lat="59.927928" lon="10.701563">
        <ele>45.8</ele>
        <time>2025-05-15T14:36:22Z</time>
      </trkpt>
      <trkpt lat="59.927958" lon="10.701811">
        <ele>45.9</ele>
        <time>2025-05-15T14:36:24Z</time>
      </trkpt>
      <trkpt lat="59.927977" lon="10.702037">
        <ele>46.0</ele>
        <time>2025-05-15T14:36:26Z</time>
      </trkpt>
      <trkpt lat="59.927994" lon="10.702268">
        <ele>46.1</ele>
        <time>2025-05-15T14:36:28Z</time>
      </trkpt>
      <trkpt lat="59.928011" lon="10.702501">
        <ele>46.2</ele>
        <time>2025-05-15T14:36:30Z</time>
      </trkpt>
      <trkpt lat="59.928031" lon="10.7027">
        <ele>46.3</ele>
        <time>2025-05-15T14:36:32Z</time>
      </trkpt>
      <trkpt lat="59.928067" lon="10.702882">
        <ele>46.3</ele>
        <time>2025-05-15T14:36:34Z</time>
      </trkpt>
      <trkpt lat="59.928076" lon="10.703068">
        <ele>46.4</ele>
        <time>2025-05-15T14:36:36Z</time>
      </trkpt>
      <trkpt lat="59.928084" lon="10.703316">
        <ele>46.5</ele>
        <time>2025-05-15T14:36:39Z</time>
      </trkpt>
      <trkpt lat="59.928114" lon="10.703524">
        <ele>46.6</ele>
        <time>2025-05-15T14:36:42Z</time>
      </trkpt>
      <trkpt lat="59.928144" lon="10.703733">
        <ele>46.7</ele>
        <time>2025-05-15T14:36:46Z</time>
      </trkpt>
      <trkpt lat="59.928166" lon="10.703959">
        <ele>46.8</ele>
        <time>2025-05-15T14:36:50Z</time>
      </trkpt>
      <trkpt lat="59.928186" lon="10.704147">
        <ele>46.9</ele>
        <time>2025-05-15T14:36:54Z</time>
      </trkpt>
      <trkpt lat="59.928191" lon="10.704336">
        <ele>47.2</ele>
        <time>2025-05-15T14:36:58Z</time>
      </trkpt>
      <trkpt lat="59.928214" lon="10.704511">
        <ele>47.4</ele>
        <time>2025-05-15T14:37:02Z</time>
      </trkpt>
      <trkpt lat="59.928227" lon="10.704709">
        <ele>47.6</ele>
        <time>2025-05-15T14:37:06Z</time>
      </trkpt>
      <trkpt lat="59.928241" lon="10.704938">
        <ele>47.9</ele>
        <time>2025-05-15T14:37:11Z</time>
      </trkpt>
      <trkpt lat="59.928267" lon="10.705111">
        <ele>48.1</ele>
        <time>2025-05-15T14:37:14Z</time>
      </trkpt>
      <trkpt lat="59.928275" lon="10.705309">
        <ele>48.4</ele>
        <time>2025-05-15T14:37:18Z</time>
      </trkpt>
      <trkpt lat="59.928307" lon="10.705484">
        <ele>48.6</ele>
        <time>2025-05-15T14:37:22Z</time>
      </trkpt>
      <trkpt lat="59.928313" lon="10.705701">
        <ele>48.9</ele>
        <time>2025-05-15T14:37:27Z</time>
      </trkpt>
      <trkpt lat="59.928353" lon="10.705897">
        <ele>49.1</ele>
        <time>2025-05-15T14:37:31Z</time>
      </trkpt>
      <trkpt lat="59.928379" lon="10.706082">
        <ele>49.3</ele>
        <time>2025-05-15T14:37:35Z</time>
      </trkpt>
      <trkpt lat="59.92839" lon="10.706263">
        <ele>49.6</ele>
        <time>2025-05-15T14:37:40Z</time>
      </trkpt>
      <trkpt lat="59.928398" lon="10.706453">
        <ele>49.8</ele>
        <time>2025-05-15T14:37:44Z</time>
      </trkpt>
      <trkpt lat="59.928422" lon="10.706678">
        <ele>50.1</ele>
        <time>2025-05-15T14:37:48Z</time>
      </trkpt>
      <trkpt lat="59.928442" lon="10.706916">
        <ele>50.4</ele>
        <time>2025-05-15T14:37:52Z</time>
      </trkpt>
      <trkpt lat="59.928443" lon="10.707101">
        <ele>50.6</ele>
        <time>2025-05-15T14:37:56Z</time>
      </trkpt>
      <trkpt lat="59.928467" lon="10.707299">
        <ele>50.8</ele>
        <time>2025-05-15T14:38:00Z</time>
      </trkpt>
      <trkpt lat="59.928446" lon="10.707508">
        <ele>51.1</ele>
        <time>2025-05-15T14:38:06Z</time>
      </trkpt>
      <trkpt lat="59.928434" lon="10.707701">
        <ele>51.1</ele>
        <time>2025-05-15T14:38:14Z</time>
      </trkpt>
      <trkpt lat="59.928461" lon="10.707879">
        <ele>51.0</ele>
        <time>2025-05-15T14:38:19Z</time>
      </trkpt>
      <trkpt lat="59.928421" lon="10.708039">
        <ele>50.9</ele>
        <time>2025-05-15T14:38:22Z</time>
      </trkpt>
      <trkpt lat="59.928397" lon="10.708244">
        <ele>50.8</ele>
        <time>2025-05-15T14:38:25Z</time>
      </trkpt>
      <trkpt lat="59.928357" lon="10.708415">
        <ele>50.7</ele>
        <time>2025-05-15T14:38:28Z</time>
      </trkpt>
      <trkpt lat="59.928286" lon="10.708596">
        <ele>50.5</ele>
        <time>2025-05-15T14:38:31Z</time>
      </trkpt>
      <trkpt lat="59.928205" lon="10.70876">
        <ele>50.4</ele>
        <time>2025-05-15T14:38:34Z</time>
      </trkpt>
      <trkpt lat="59.928133" lon="10.708949">
        <ele>50.3</ele>
        <time>2025-05-15T14:38:37Z</time>
      </trkpt>
      <trkpt lat="59.928068" lon="10.709136">
        <ele>50.2</ele>
        <time>2025-05-15T14:38:40Z</time>
      </trkpt>
      <trkpt lat="59.928017" lon="10.709341">
        <ele>50.0</ele>
        <time>2025-05-15T14:38:43Z</time>
      </trkpt>
      <trkpt lat="59.927968" lon="10.709539">
        <ele>49.9</ele>
        <time>2025-05-15T14:38:46Z</time>
      </trkpt>
      <trkpt lat="59.927916" lon="10.709717">
        <ele>49.8</ele>
        <time>2025-05-15T14:38:49Z</time>
      </trkpt>
      <trkpt lat="59.927814" lon="10.709876">
        <ele>49.7</ele>
        <time>2025-05-15T14:38:52Z</time>
      </trkpt>
      <trkpt lat="59.92773" lon="10.710045">
        <ele>49.6</ele>
        <time>2025-05-15T14:38:55Z</time>
      </trkpt>
      <trkpt lat="59.927675" lon="10.710229">
        <ele>49.4</ele>
        <time>2025-05-15T14:38:58Z</time>
      </trkpt>
      <trkpt lat="59.9276" lon="10.710414">
        <ele>49.3</ele>
        <time>2025-05-15T14:39:01Z</time>
      </trkpt>
      <trkpt lat="59.92753" lon="10.710601">
        <ele>49.4</ele>
        <time>2025-05-15T14:39:04Z</time>
      </trkpt>
      <trkpt lat="59.927473" lon="10.710808">
        <ele>49.7</ele>
        <time>2025-05-15T14:39:07Z</time>
      </trkpt>
      <trkpt lat="59.927408" lon="10.710943">
        <ele>50.0</ele>
        <time>2025-05-15T14:39:09Z</time>
      </trkpt>
      <trkpt lat="59.927351" lon="10.711127">
        <ele>50.4</ele>
        <time>2025-05-15T14:39:12Z</time>
      </trkpt>
      <trkpt lat="59.927274" lon="10.71129">
        <ele>50.7</ele>
        <time>2025-05-15T14:39:15Z</time>
      </trkpt>
      <trkpt lat="59.92722" lon="10.711449">
        <ele>51.0</ele>
        <time>2025-05-15T14:39:18Z</time>
      </trkpt>
      <trkpt lat="59.927172" lon="10.711628">
        <ele>51.3</ele>
        <time>2025-05-15T14:39:24Z</time>
      </trkpt>
      <trkpt lat="59.927117" lon="10.711774">
        <ele>51.6</ele>
        <time>2025-05-15T14:39:31Z</time>
      </trkpt>
      <trkpt lat="59.927048" lon="10.711939">
        <ele>51.9</ele>
        <time>2025-05-15T14:39:35Z</time>
      </trkpt>
      <trkpt lat="59.926964" lon="10.712101">
        <ele>52.3</ele>
        <time>2025-05-15T14:39:38Z</time>
      </trkpt>
      <trkpt lat="59.926908" lon="10.712258">
        <ele>52.5</ele>
        <time>2025-05-15T14:39:41Z</time>
      </trkpt>
      <trkpt lat="59.926849" lon="10.712408">
        <ele>52.8</ele>
        <time>2025-05-15T14:39:46Z</time>
      </trkpt>
      <trkpt lat="59.926777" lon="10.712546">
        <ele>53.1</ele>
        <time>2025-05-15T14:39:49Z</time>
      </trkpt>
      <trkpt lat="59.926703" lon="10.71271">
        <ele>53.5</ele>
        <time>2025-05-15T14:39:52Z</time>
      </trkpt>
      <trkpt lat="59.926655" lon="10.712934">
        <ele>53.8</ele>
        <time>2025-05-15T14:39:55Z</time>
      </trkpt>
      <trkpt lat="59.926602" lon="10.713117">
        <ele>54.2</ele>
        <time>2025-05-15T14:39:58Z</time>
      </trkpt>
      <trkpt lat="59.926535" lon="10.713312">
        <ele>54.5</ele>
        <time>2025-05-15T14:40:02Z</time>
      </trkpt>
      <trkpt lat="59.92647" lon="10.713474">
        <ele>55.0</ele>
        <time>2025-05-15T14:40:05Z</time>
      </trkpt>
      <trkpt lat="59.926426" lon="10.713694">
        <ele>55.8</ele>
        <time>2025-05-15T14:40:08Z</time>
      </trkpt>
      <trkpt lat="59.926356" lon="10.713886">
        <ele>56.7</ele>
        <time>2025-05-15T14:40:11Z</time>
      </trkpt>
      <trkpt lat="59.926286" lon="10.714061">
        <ele>57.4</ele>
        <time>2025-05-15T14:40:14Z</time>
      </trkpt>
      <trkpt lat="59.926211" lon="10.714235">
        <ele>58.2</ele>
        <time>2025-05-15T14:40:17Z</time>
      </trkpt>
      <trkpt lat="59.926159" lon="10.714403">
        <ele>58.9</ele>
        <time>2025-05-15T14:40:21Z</time>
      </trkpt>
      <trkpt lat="59.926088" lon="10.714529">
        <ele>59.5</ele>
        <time>2025-05-15T14:40:26Z</time>
      </trkpt>
      <trkpt lat="59.926049" lon="10.714706">
        <ele>60.2</ele>
        <time>2025-05-15T14:40:32Z</time>
      </trkpt>
      <trkpt lat="59.926046" lon="10.714893">
        <ele>60.9</ele>
        <time>2025-05-15T14:40:39Z</time>
      </trkpt>
      <trkpt lat="59.926119" lon="10.715014">
        <ele>61.5</ele>
        <time>2025-05-15T14:40:44Z</time>
      </trkpt>
      <trkpt lat="59.926207" lon="10.715115">
        <ele>62.2</ele>
        <time>2025-05-15T14:40:49Z</time>
      </trkpt>
      <trkpt lat="59.926311" lon="10.715163">
        <ele>62.9</ele>
        <time>2025-05-15T14:40:53Z</time>
      </trkpt>
      <trkpt lat="59.926391" lon="10.715276">
        <ele>63.6</ele>
        <time>2025-05-15T14:40:56Z</time>
      </trkpt>
      <trkpt lat="59.926472" lon="10.715403">
        <ele>64.3</ele>
        <time>2025-05-15T14:40:59Z</time>
      </trkpt>
      <trkpt lat="59.926552" lon="10.715538">
        <ele>65.0</ele>
        <time>2025-05-15T14:41:02Z</time>
      </trkpt>
      <trkpt lat="59.92662" lon="10.715714">
        <ele>65.8</ele>
        <time>2025-05-15T14:41:06Z</time>
      </trkpt>
      <trkpt lat="59.926668" lon="10.715899">
        <ele>66.5</ele>
        <time>2025-05-15T14:41:10Z</time>
      </trkpt>
      <trkpt lat="59.926694" lon="10.716071">
        <ele>67.1</ele>
        <time>2025-05-15T14:41:14Z</time>
      </trkpt>
      <trkpt lat="59.926759" lon="10.716204">
        <ele>67.9</ele>
        <time>2025-05-15T14:41:18Z</time>
      </trkpt>
      <trkpt lat="59.926802" lon="10.716362">
        <ele>68.6</ele>
        <time>2025-05-15T14:41:22Z</time>
      </trkpt>
      <trkpt lat="59.926793" lon="10.716544">
        <ele>69.4</ele>
        <time>2025-05-15T14:41:27Z</time>
      </trkpt>
      <trkpt lat="59.926688" lon="10.716612">
        <ele>70.3</ele>
        <time>2025-05-15T14:41:30Z</time>
      </trkpt>
      <trkpt lat="59.926595" lon="10.716695">
        <ele>71.1</ele>
        <time>2025-05-15T14:41:34Z</time>
      </trkpt>
      <trkpt lat="59.926517" lon="10.716785">
        <ele>71.9</ele>
        <time>2025-05-15T14:41:38Z</time>
      </trkpt>
      <trkpt lat="59.926433" lon="10.716923">
        <ele>72.8</ele>
        <time>2025-05-15T14:41:43Z</time>
      </trkpt>
      <trkpt lat="59.926373" lon="10.717064">
        <ele>73.5</ele>
        <time>2025-05-15T14:41:47Z</time>
      </trkpt>
      <trkpt lat="59.926304" lon="10.717207">
        <ele>74.3</ele>
        <time>2025-05-15T14:41:52.001000Z</time>
      </trkpt>
      <trkpt lat="59.926236" lon="10.717331">
        <ele>75.1</ele>
        <time>2025-05-15T14:41:59.001000Z</time>
      </trkpt>
      <trkpt lat="59.926197" lon="10.717495">
        <ele>75.8</ele>
        <time>2025-05-15T14:42:05.001000Z</time>
      </trkpt>
      <trkpt lat="59.926125" lon="10.717637">
        <ele>76.7</ele>
        <time>2025-05-15T14:42:11.001000Z</time>
      </trkpt>
      <trkpt lat="59.925773" lon="10.717975">
        <ele>79.8</ele>
        <time>2025-05-15T14:42:30.001000Z</time>
      </trkpt>
      <trkpt lat="59.925702" lon="10.718111">
        <ele>80.7</ele>
        <time>2025-05-15T14:42:34.001000Z</time>
      </trkpt>
      <trkpt lat="59.925625" lon="10.718245">
        <ele>81.5</ele>
        <time>2025-05-15T14:42:38.001000Z</time>
      </trkpt>
      <trkpt lat="59.925542" lon="10.718357">
        <ele>81.6</ele>
        <time>2025-05-15T14:42:43.001000Z</time>
      </trkpt>
      <trkpt lat="59.92532" lon="10.718677">
        <ele>80.8</ele>
        <time>2025-05-15T14:42:56.001000Z</time>
      </trkpt>
      <trkpt lat="59.925218" lon="10.718782">
        <ele>80.5</ele>
        <time>2025-05-15T14:43:01.001000Z</time>
      </trkpt>
      <trkpt lat="59.925115" lon="10.718858">
        <ele>80.2</ele>
        <time>2025-05-15T14:43:05.001000Z</time>
      </trkpt>
      <trkpt lat="59.92502" lon="10.71892">
        <ele>79.9</ele>
        <time>2025-05-15T14:43:09.001000Z</time>
      </trkpt>
      <trkpt lat="59.924922" lon="10.718965">
        <ele>79.6</ele>
        <time>2025-05-15T14:43:13.001000Z</time>
      </trkpt>
      <trkpt lat="59.924817" lon="10.71903">
        <ele>79.3</ele>
        <time>2025-05-15T14:43:17.001000Z</time>
      </trkpt>
      <trkpt lat="59.924723" lon="10.719107">
        <ele>79.1</ele>
        <time>2025-05-15T14:43:20.001000Z</time>
      </trkpt>
      <trkpt lat="59.924602" lon="10.71922">
        <ele>78.7</ele>
        <time>2025-05-15T14:43:23.001000Z</time>
      </trkpt>
      <trkpt lat="59.924485" lon="10.719318">
        <ele>78.3</ele>
        <time>2025-05-15T14:43:25.001000Z</time>
      </trkpt>
      <trkpt lat="59.92436" lon="10.719404">
        <ele>78.0</ele>
        <time>2025-05-15T14:43:27.001000Z</time>
      </trkpt>
      <trkpt lat="59.924212" lon="10.719513">
        <ele>77.5</ele>
        <time>2025-05-15T14:43:29.001000Z</time>
      </trkpt>
      <trkpt lat="59.9241" lon="10.719612">
        <ele>77.2</ele>
        <time>2025-05-15T14:43:31.001000Z</time>
      </trkpt>
      <trkpt lat="59.924014" lon="10.719706">
        <ele>76.9</ele>
        <time>2025-05-15T14:43:33.001000Z</time>
      </trkpt>
      <trkpt lat="59.923914" lon="10.719685">
        <ele>76.4</ele>
        <time>2025-05-15T14:43:35.001000Z</time>
      </trkpt>
      <trkpt lat="59.923801" lon="10.71954">
        <ele>75.5</ele>
        <time>2025-05-15T14:43:38.001000Z</time>
      </trkpt>
      <trkpt lat="59.923735" lon="10.719404">
        <ele>74.9</ele>
        <time>2025-05-15T14:43:42.001000Z</time>
      </trkpt>
      <trkpt lat="59.923619" lon="10.719515">
        <ele>74.0</ele>
        <time>2025-05-15T14:43:47.001000Z</time>
      </trkpt>
      <trkpt lat="59.923505" lon="10.719688">
        <ele>73.0</ele>
        <time>2025-05-15T14:43:50.001000Z</time>
      </trkpt>
      <trkpt lat="59.923418" lon="10.719826">
        <ele>72.2</ele>
        <time>2025-05-15T14:43:52.001000Z</time>
      </trkpt>
      <trkpt lat="59.923331" lon="10.719963">
        <ele>71.5</ele>
        <time>2025-05-15T14:43:54.001000Z</time>
      </trkpt>
      <trkpt lat="59.923247" lon="10.720086">
        <ele>70.7</ele>
        <time>2025-05-15T14:43:56.001000Z</time>
      </trkpt>
      <trkpt lat="59.923147" lon="10.720249">
        <ele>69.8</ele>
        <time>2025-05-15T14:43:58.001000Z</time>
      </trkpt>
      <trkpt lat="59.923056" lon="10.7204">
        <ele>69.0</ele>
        <time>2025-05-15T14:44:00.001000Z</time>
      </trkpt>
      <trkpt lat="59.922972" lon="10.720538">
        <ele>68.3</ele>
        <time>2025-05-15T14:44:02.001000Z</time>
      </trkpt>
      <trkpt lat="59.922872" lon="10.720702">
        <ele>67.4</ele>
        <time>2025-05-15T14:44:05.001000Z</time>
      </trkpt>
      <trkpt lat="59.922786" lon="10.720871">
        <ele>66.6</ele>
        <time>2025-05-15T14:44:08.001000Z</time>
      </trkpt>
      <trkpt lat="59.922707" lon="10.720972">
        <ele>65.9</ele>
        <time>2025-05-15T14:44:11.001000Z</time>
      </trkpt>
      <trkpt lat="59.922625" lon="10.721066">
        <ele>65.3</ele>
        <time>2025-05-15T14:44:14.001000Z</time>
      </trkpt>
      <trkpt lat="59.922534" lon="10.721212">
        <ele>64.5</ele>
        <time>2025-05-15T14:44:18.001000Z</time>
      </trkpt>
      <trkpt lat="59.922456" lon="10.721351">
        <ele>63.7</ele>
        <time>2025-05-15T14:44:21.001000Z</time>
      </trkpt>
      <trkpt lat="59.922408" lon="10.721515">
        <ele>63.0</ele>
        <time>2025-05-15T14:44:23.001000Z</time>
      </trkpt>
      <trkpt lat="59.922332" lon="10.721659">
        <ele>62.2</ele>
        <time>2025-05-15T14:44:25.001000Z</time>
      </trkpt>
      <trkpt lat="59.922251" lon="10.721803">
        <ele>61.4</ele>
        <time>2025-05-15T14:44:27.001000Z</time>
      </trkpt>
      <trkpt lat="59.922176" lon="10.721938">
        <ele>60.6</ele>
        <time>2025-05-15T14:44:29.001000Z</time>
      </trkpt>
      <trkpt lat="59.922113" lon="10.72208">
        <ele>59.9</ele>
        <time>2025-05-15T14:44:31.001000Z</time>
      </trkpt>
      <trkpt lat="59.922018" lon="10.722233">
        <ele>59.0</ele>
        <time>2025-05-15T14:44:34.001000Z</time>
      </trkpt>
      <trkpt lat="59.921936" lon="10.722384">
        <ele>58.2</ele>
        <time>2025-05-15T14:44:37.001000Z</time>
      </trkpt>
      <trkpt lat="59.921856" lon="10.72255">
        <ele>57.3</ele>
        <time>2025-05-15T14:44:41.001000Z</time>
      </trkpt>
      <trkpt lat="59.921775" lon="10.722682">
        <ele>56.5</ele>
        <time>2025-05-15T14:44:45.001000Z</time>
      </trkpt>
      <trkpt lat="59.921689" lon="10.722767">
        <ele>55.8</ele>
        <time>2025-05-15T14:44:57.001000Z</time>
      </trkpt>
      <trkpt lat="59.921618" lon="10.722897">
        <ele>55.1</ele>
        <time>2025-05-15T14:45:01.001000Z</time>
      </trkpt>
      <trkpt lat="59.921547" lon="10.723042">
        <ele>54.3</ele>
        <time>2025-05-15T14:45:04.001000Z</time>
      </trkpt>
      <trkpt lat="59.921467" lon="10.723246">
        <ele>53.4</ele>
        <time>2025-05-15T14:45:07.001000Z</time>
      </trkpt>
      <trkpt lat="59.921399" lon="10.723405">
        <ele>52.6</ele>
        <time>2025-05-15T14:45:09.001000Z</time>
      </trkpt>
      <trkpt lat="59.921309" lon="10.723564">
        <ele>51.7</ele>
        <time>2025-05-15T14:45:11.001000Z</time>
      </trkpt>
      <trkpt lat="59.921217" lon="10.723736">
        <ele>50.9</ele>
        <time>2025-05-15T14:45:13.001000Z</time>
      </trkpt>
      <trkpt lat="59.921125" lon="10.723929">
        <ele>50.4</ele>
        <time>2025-05-15T14:45:15.001000Z</time>
      </trkpt>
      <trkpt lat="59.921042" lon="10.724084">
        <ele>50.1</ele>
        <time>2025-05-15T14:45:17.001000Z</time>
      </trkpt>
      <trkpt lat="59.92095" lon="10.72425">
        <ele>49.7</ele>
        <time>2025-05-15T14:45:19.001000Z</time>
      </trkpt>
      <trkpt lat="59.920882" lon="10.724442">
        <ele>49.3</ele>
        <time>2025-05-15T14:45:21.001000Z</time>
      </trkpt>
      <trkpt lat="59.920796" lon="10.724663">
        <ele>48.8</ele>
        <time>2025-05-15T14:45:24.001000Z</time>
      </trkpt>
      <trkpt lat="59.920731" lon="10.724838">
        <ele>48.5</ele>
        <time>2025-05-15T14:45:26.001000Z</time>
      </trkpt>
      <trkpt lat="59.920657" lon="10.725001">
        <ele>48.1</ele>
        <time>2025-05-15T14:45:28.001000Z</time>
      </trkpt>
      <trkpt lat="59.920578" lon="10.725164">
        <ele>47.7</ele>
        <time>2025-05-15T14:45:30.001000Z</time>
      </trkpt>
      <trkpt lat="59.92052" lon="10.725361">
        <ele>47.4</ele>
        <time>2025-05-15T14:45:32.001000Z</time>
      </trkpt>
      <trkpt lat="59.920453" lon="10.725503">
        <ele>47.0</ele>
        <time>2025-05-15T14:45:34.001000Z</time>
      </trkpt>
      <trkpt lat="59.920391" lon="10.725651">
        <ele>46.7</ele>
        <time>2025-05-15T14:45:36.001000Z</time>
      </trkpt>
      <trkpt lat="59.920335" lon="10.725838">
        <ele>46.4</ele>
        <time>2025-05-15T14:45:38.001000Z</time>
      </trkpt>
      <trkpt lat="59.920287" lon="10.726034">
        <ele>46.0</ele>
        <time>2025-05-15T14:45:40.001000Z</time>
      </trkpt>
      <trkpt lat="59.92024" lon="10.726228">
        <ele>45.7</ele>
        <time>2025-05-15T14:45:42.001000Z</time>
      </trkpt>
      <trkpt lat="59.920168" lon="10.726367">
        <ele>45.3</ele>
        <time>2025-05-15T14:45:44.001000Z</time>
      </trkpt>
      <trkpt lat="59.920091" lon="10.72656">
        <ele>45.2</ele>
        <time>2025-05-15T14:45:47.001000Z</time>
      </trkpt>
      <trkpt lat="59.92004" lon="10.726712">
        <ele>45.4</ele>
        <time>2025-05-15T14:45:49.001000Z</time>
      </trkpt>
      <trkpt lat="59.919992" lon="10.726887">
        <ele>45.7</ele>
        <time>2025-05-15T14:45:51.001000Z</time>
      </trkpt>
      <trkpt lat="59.919936" lon="10.727065">
        <ele>45.9</ele>
        <time>2025-05-15T14:45:54.001000Z</time>
      </trkpt>
      <trkpt lat="59.919894" lon="10.727258">
        <ele>46.1</ele>
        <time>2025-05-15T14:45:58.001000Z</time>
      </trkpt>
      <trkpt lat="59.919961" lon="10.727398">
        <ele>46.4</ele>
        <time>2025-05-15T14:46:01.001000Z</time>
      </trkpt>
      <trkpt lat="59.920037" lon="10.727559">
        <ele>46.6</ele>
        <time>2025-05-15T14:46:04.001000Z</time>
      </trkpt>
      <trkpt lat="59.920116" lon="10.72772">
        <ele>46.9</ele>
        <time>2025-05-15T14:46:08.001000Z</time>
      </trkpt>
      <trkpt lat="59.920181" lon="10.727873">
        <ele>47.1</ele>
        <time>2025-05-15T14:46:12.001000Z</time>
      </trkpt>
      <trkpt lat="59.9202" lon="10.72807">
        <ele>47.3</ele>
        <time>2025-05-15T14:46:17.001000Z</time>
      </trkpt>
      <trkpt lat="59.92017" lon="10.728275">
        <ele>47.6</ele>
        <time>2025-05-15T14:46:24.001000Z</time>
      </trkpt>
      <trkpt lat="59.920093" lon="10.728401">
        <ele>47.8</ele>
        <time>2025-05-15T14:46:28.001000Z</time>
      </trkpt>
      <trkpt lat="59.920016" lon="10.72857">
        <ele>48.1</ele>
        <time>2025-05-15T14:46:32.001000Z</time>
      </trkpt>
      <trkpt lat="59.919961" lon="10.728744">
        <ele>48.3</ele>
        <time>2025-05-15T14:46:35.001000Z</time>
      </trkpt>
      <trkpt lat="59.919902" lon="10.728918">
        <ele>48.5</ele>
        <time>2025-05-15T14:46:38.001000Z</time>
      </trkpt>
      <trkpt lat="59.919839" lon="10.729093">
        <ele>48.8</ele>
        <time>2025-05-15T14:46:41.001000Z</time>
      </trkpt>
      <trkpt lat="59.919765" lon="10.729281">
        <ele>49.1</ele>
        <time>2025-05-15T14:46:44.001000Z</time>
      </trkpt>
      <trkpt lat="59.919695" lon="10.729487">
        <ele>49.1</ele>
        <time>2025-05-15T14:46:47.001000Z</time>
      </trkpt>
      <trkpt lat="59.919616" lon="10.729673">
        <ele>49.0</ele>
        <time>2025-05-15T14:46:50.001000Z</time>
      </trkpt>
      <trkpt lat="59.919533" lon="10.729875">
        <ele>48.8</ele>
        <time>2025-05-15T14:46:53.001000Z</time>
      </trkpt>
      <trkpt lat="59.919429" lon="10.730042">
        <ele>48.7</ele>
        <time>2025-05-15T14:46:56.001000Z</time>
      </trkpt>
      <trkpt lat="59.919347" lon="10.730233">
        <ele>48.5</ele>
        <time>2025-05-15T14:46:59.001000Z</time>
      </trkpt>
      <trkpt lat="59.919279" lon="10.73041">
        <ele>48.4</ele>
        <time>2025-05-15T14:47:02.001000Z</time>
      </trkpt>
      <trkpt lat="59.919222" lon="10.730549">
        <ele>48.3</ele>
        <time>2025-05-15T14:47:05.001000Z</time>
      </trkpt>
      <trkpt lat="59.919148" lon="10.730721">
        <ele>48.1</ele>
        <time>2025-05-15T14:47:09.001000Z</time>
      </trkpt>
      <trkpt lat="59.919079" lon="10.730885">
        <ele>48.0</ele>
        <time>2025-05-15T14:47:13.001000Z</time>
      </trkpt>
      <trkpt lat="59.919009" lon="10.731059">
        <ele>47.9</ele>
        <time>2025-05-15T14:47:16.001000Z</time>
      </trkpt>
      <trkpt lat="59.918907" lon="10.731234">
        <ele>47.7</ele>
        <time>2025-05-15T14:47:19.001000Z</time>
      </trkpt>
      <trkpt lat="59.918838" lon="10.73137">
        <ele>47.6</ele>
        <time>2025-05-15T14:47:21.001000Z</time>
      </trkpt>
      <trkpt lat="59.918757" lon="10.731553">
        <ele>47.5</ele>
        <time>2025-05-15T14:47:24.001000Z</time>
      </trkpt>
      <trkpt lat="59.918673" lon="10.731633">
        <ele>47.3</ele>
        <time>2025-05-15T14:47:26.001000Z</time>
      </trkpt>
      <trkpt lat="59.918571" lon="10.731633">
        <ele>47.2</ele>
        <time>2025-05-15T14:47:28.001000Z</time>
      </trkpt>
      <trkpt lat="59.918454" lon="10.731606">
        <ele>47.1</ele>
        <time>2025-05-15T14:47:31.001000Z</time>
      </trkpt>
      <trkpt lat="59.918332" lon="10.731633">
        <ele>46.8</ele>
        <time>2025-05-15T14:47:34.001000Z</time>
      </trkpt>
      <trkpt lat="59.918243" lon="10.731664">
        <ele>46.6</ele>
        <time>2025-05-15T14:47:36.001000Z</time>
      </trkpt>
      <trkpt lat="59.918152" lon="10.731691">
        <ele>46.4</ele>
        <time>2025-05-15T14:47:38.001000Z</time>
      </trkpt>
      <trkpt lat="59.918053" lon="10.731741">
        <ele>46.2</ele>
        <time>2025-05-15T14:47:40.001000Z</time>
      </trkpt>
      <trkpt lat="59.917948" lon="10.731829">
        <ele>45.9</ele>
        <time>2025-05-15T14:47:43.001000Z</time>
      </trkpt>
      <trkpt lat="59.917862" lon="10.731936">
        <ele>45.7</ele>
        <time>2025-05-15T14:47:46.001000Z</time>
      </trkpt>
      <trkpt lat="59.917808" lon="10.732126">
        <ele>45.4</ele>
        <time>2025-05-15T14:47:49.001000Z</time>
      </trkpt>
      <trkpt lat="59.917783" lon="10.732301">
        <ele>45.2</ele>
        <time>2025-05-15T14:47:52.001000Z</time>
      </trkpt>
      <trkpt lat="59.917755" lon="10.732497">
        <ele>45.0</ele>
        <time>2025-05-15T14:47:57.001000Z</time>
      </trkpt>
      <trkpt lat="59.917766" lon="10.732695">
        <ele>44.7</ele>
        <time>2025-05-15T14:48:02.001000Z</time>
      </trkpt>
      <trkpt lat="59.917775" lon="10.732895">
        <ele>44.5</ele>
        <time>2025-05-15T14:48:05.001000Z</time>
      </trkpt>
      <trkpt lat="59.91781" lon="10.733081">
        <ele>44.3</ele>
        <time>2025-05-15T14:48:09.001000Z</time>
      </trkpt>
      <trkpt lat="59.917857" lon="10.733833">
        <ele>43.4</ele>
        <time>2025-05-15T14:48:19.001000Z</time>
      </trkpt>
      <trkpt lat="59.917859" lon="10.734073">
        <ele>43.1</ele>
        <time>2025-05-15T14:48:22.002000Z</time>
      </trkpt>
      <trkpt lat="59.917858" lon="10.734257">
        <ele>42.9</ele>
        <time>2025-05-15T14:48:25.002000Z</time>
      </trkpt>
      <trkpt lat="59.91787" lon="10.734458">
        <ele>42.4</ele>
        <time>2025-05-15T14:48:31.002000Z</time>
      </trkpt>
      <trkpt lat="59.917808" lon="10.734596">
        <ele>42.0</ele>
        <time>2025-05-15T14:48:56.002000Z</time>
      </trkpt>
      <trkpt lat="59.917795" lon="10.734781">
        <ele>41.6</ele>
        <time>2025-05-15T14:49:01.002000Z</time>
      </trkpt>
      <trkpt lat="59.917699" lon="10.734916">
        <ele>41.1</ele>
        <time>2025-05-15T14:49:05.002000Z</time>
      </trkpt>
      <trkpt lat="59.917617" lon="10.735062">
        <ele>40.6</ele>
        <time>2025-05-15T14:49:09.002000Z</time>
      </trkpt>
      <trkpt lat="59.917528" lon="10.735142">
        <ele>40.2</ele>
        <time>2025-05-15T14:49:13.002000Z</time>
      </trkpt>
      <trkpt lat="59.917424" lon="10.735164">
        <ele>39.8</ele>
        <time>2025-05-15T14:49:19.002000Z</time>
      </trkpt>
      <trkpt lat="59.917319" lon="10.735147">
        <ele>39.3</ele>
        <time>2025-05-15T14:49:26.002000Z</time>
      </trkpt>
      <trkpt lat="59.917218" lon="10.735129">
        <ele>38.9</ele>
        <time>2025-05-15T14:49:30.002000Z</time>
      </trkpt>
      <trkpt lat="59.917119" lon="10.735127">
        <ele>38.4</ele>
        <time>2025-05-15T14:49:33.002000Z</time>
      </trkpt>
      <trkpt lat="59.917017" lon="10.735097">
        <ele>38.0</ele>
        <time>2025-05-15T14:49:36.002000Z</time>
      </trkpt>
      <trkpt lat="59.916909" lon="10.735141">
        <ele>37.5</ele>
        <time>2025-05-15T14:49:39.002000Z</time>
      </trkpt>
      <trkpt lat="59.91681" lon="10.735158">
        <ele>37.1</ele>
        <time>2025-05-15T14:49:43.002000Z</time>
      </trkpt>
      <trkpt lat="59.916708" lon="10.735106">
        <ele>36.6</ele>
        <time>2025-05-15T14:49:47.002000Z</time>
      </trkpt>
      <trkpt lat="59.916628" lon="10.735001">
        <ele>36.2</ele>
        <time>2025-05-15T14:49:50.002000Z</time>
      </trkpt>
      <trkpt lat="59.916574" lon="10.734847">
        <ele>35.8</ele>
        <time>2025-05-15T14:49:53.002000Z</time>
      </trkpt>
      <trkpt lat="59.916501" lon="10.734684">
        <ele>35.3</ele>
        <time>2025-05-15T14:49:57.002000Z</time>
      </trkpt>
      <trkpt lat="59.916532" lon="10.734511">
        <ele>34.9</ele>
        <time>2025-05-15T14:50:07.002000Z</time>
      </trkpt>
      <trkpt lat="59.916471" lon="10.734714">
        <ele>34.1</ele>
        <time>2025-05-15T14:50:57.002000Z</time>
      </trkpt>
      <trkpt lat="59.916425" lon="10.734938">
        <ele>33.4</ele>
        <time>2025-05-15T14:51:00.002000Z</time>
      </trkpt>
      <trkpt lat="59.916379" lon="10.735169">
        <ele>32.6</ele>
        <time>2025-05-15T14:51:03.002000Z</time>
      </trkpt>
      <trkpt lat="59.916338" lon="10.73534">
        <ele>32.1</ele>
        <time>2025-05-15T14:51:05.002000Z</time>
      </trkpt>
      <trkpt lat="59.916288" lon="10.735582">
        <ele>31.3</ele>
        <time>2025-05-15T14:51:08.002000Z</time>
      </trkpt>
      <trkpt lat="59.916228" lon="10.735768">
        <ele>30.6</ele>
        <time>2025-05-15T14:51:10.002000Z</time>
      </trkpt>
      <trkpt lat="59.916171" lon="10.735925">
        <ele>30.0</ele>
        <time>2025-05-15T14:51:12.002000Z</time>
      </trkpt>
      <trkpt lat="59.916114" lon="10.7361">
        <ele>29.4</ele>
        <time>2025-05-15T14:51:14.002000Z</time>
      </trkpt>
      <trkpt lat="59.916045" lon="10.736288">
        <ele>28.7</ele>
        <time>2025-05-15T14:51:16.002000Z</time>
      </trkpt>
      <trkpt lat="59.915986" lon="10.736485">
        <ele>28.0</ele>
        <time>2025-05-15T14:51:18.002000Z</time>
      </trkpt>
      <trkpt lat="59.915914" lon="10.736662">
        <ele>27.3</ele>
        <time>2025-05-15T14:51:20.002000Z</time>
      </trkpt>
      <trkpt lat="59.915854" lon="10.736845">
        <ele>26.6</ele>
        <time>2025-05-15T14:51:22.002000Z</time>
      </trkpt>
      <trkpt lat="59.915792" lon="10.737023">
        <ele>26.0</ele>
        <time>2025-05-15T14:51:24.002000Z</time>
      </trkpt>
      <trkpt lat="59.915747" lon="10.73721">
        <ele>25.3</ele>
        <time>2025-05-15T14:51:27.002000Z</time>
      </trkpt>
      <trkpt lat="59.915795" lon="10.737369">
        <ele>24.8</ele>
        <time>2025-05-15T14:51:36.002000Z</time>
      </trkpt>
      <trkpt lat="59.915735" lon="10.737613">
        <ele>24.2</ele>
        <time>2025-05-15T14:52:01.002000Z</time>
      </trkpt>
      <trkpt lat="59.91567" lon="10.737827">
        <ele>24.3</ele>
        <time>2025-05-15T14:52:05.002000Z</time>
      </trkpt>
      <trkpt lat="59.915606" lon="10.737986">
        <ele>24.4</ele>
        <time>2025-05-15T14:52:08.002000Z</time>
      </trkpt>
      <trkpt lat="59.915549" lon="10.738154">
        <ele>24.5</ele>
        <time>2025-05-15T14:52:11.002000Z</time>
      </trkpt>
      <trkpt lat="59.915473" lon="10.738312">
        <ele>24.7</ele>
        <time>2025-05-15T14:52:14.002000Z</time>
      </trkpt>
      <trkpt lat="59.915397" lon="10.738453">
        <ele>24.8</ele>
        <time>2025-05-15T14:52:17.002000Z</time>
      </trkpt>
      <trkpt lat="59.915336" lon="10.738627">
        <ele>24.9</ele>
        <time>2025-05-15T14:52:20.002000Z</time>
      </trkpt>
      <trkpt lat="59.915252" lon="10.738809">
        <ele>25.0</ele>
        <time>2025-05-15T14:52:24.002000Z</time>
      </trkpt>
      <trkpt lat="59.915177" lon="10.738948">
        <ele>25.1</ele>
        <time>2025-05-15T14:52:27.002000Z</time>
      </trkpt>
      <trkpt lat="59.915129" lon="10.739129">
        <ele>25.2</ele>
        <time>2025-05-15T14:52:30.002000Z</time>
      </trkpt>
      <trkpt lat="59.915086" lon="10.739364">
        <ele>25.4</ele>
        <time>2025-05-15T14:52:33.002000Z</time>
      </trkpt>
      <trkpt lat="59.915054" lon="10.739574">
        <ele>25.5</ele>
        <time>2025-05-15T14:52:36.002000Z</time>
      </trkpt>
      <trkpt lat="59.915028" lon="10.739794">
        <ele>25.6</ele>
        <time>2025-05-15T14:52:40.002000Z</time>
      </trkpt>
      <trkpt lat="59.914917" lon="10.740157">
        <ele>25.8</ele>
        <time>2025-05-15T14:53:12.002000Z</time>
      </trkpt>
      <trkpt lat="59.914861" lon="10.740312">
        <ele>25.9</ele>
        <time>2025-05-15T14:53:17.002000Z</time>
      </trkpt>
      <trkpt lat="59.914825" lon="10.7405">
        <ele>26.1</ele>
        <time>2025-05-15T14:53:21.002000Z</time>
      </trkpt>
      <trkpt lat="59.914768" lon="10.740661">
        <ele>26.3</ele>
        <time>2025-05-15T14:53:24.002000Z</time>
      </trkpt>
      <trkpt lat="59.914721" lon="10.74084">
        <ele>26.7</ele>
        <time>2025-05-15T14:53:29.002000Z</time>
      </trkpt>
      <trkpt lat="59.914718" lon="10.74107">
        <ele>27.2</ele>
        <time>2025-05-15T14:53:36.002000Z</time>
      </trkpt>
      <trkpt lat="59.914681" lon="10.741273">
        <ele>27.6</ele>
        <time>2025-05-15T14:53:39.002000Z</time>
      </trkpt>
      <trkpt lat="59.914618" lon="10.74144">
        <ele>28.0</ele>
        <time>2025-05-15T14:53:46.002000Z</time>
      </trkpt>
      <trkpt lat="59.914542" lon="10.741544">
        <ele>28.3</ele>
        <time>2025-05-15T14:53:50.002000Z</time>
      </trkpt>
      <trkpt lat="59.914478" lon="10.741684">
        <ele>28.7</ele>
        <time>2025-05-15T14:53:54.001000Z</time>
      </trkpt>
      <trkpt lat="59.914428" lon="10.741863">
        <ele>29.1</ele>
        <time>2025-05-15T14:53:59.001000Z</time>
      </trkpt>
      <trkpt lat="59.91439" lon="10.742034">
        <ele>29.4</ele>
        <time>2025-05-15T14:54:02.001000Z</time>
      </trkpt>
      <trkpt lat="59.914309" lon="10.742199">
        <ele>29.8</ele>
        <time>2025-05-15T14:54:06.001000Z</time>
      </trkpt>
      <trkpt lat="59.914226" lon="10.742319">
        <ele>30.2</ele>
        <time>2025-05-15T14:54:10.001000Z</time>
      </trkpt>
      <trkpt lat="59.914159" lon="10.742469">
        <ele>30.6</ele>
        <time>2025-05-15T14:54:14.001000Z</time>
      </trkpt>
      <trkpt lat="59.914098" lon="10.742649">
        <ele>31.0</ele>
        <time>2025-05-15T14:54:20.001000Z</time>
      </trkpt>
      <trkpt lat="59.913871" lon="10.743061">
        <ele>32.2</ele>
        <time>2025-05-15T14:54:49.001000Z</time>
      </trkpt>
      <trkpt lat="59.913796" lon="10.743241">
        <ele>32.6</ele>
        <time>2025-05-15T14:54:53.002000Z</time>
      </trkpt>
      <trkpt lat="59.913742" lon="10.743453">
        <ele>33.6</ele>
        <time>2025-05-15T14:54:56.002000Z</time>
      </trkpt>
      <trkpt lat="59.913687" lon="10.743623">
        <ele>34.9</ele>
        <time>2025-05-15T14:54:59.002000Z</time>
      </trkpt>
      <trkpt lat="59.913632" lon="10.743813">
        <ele>36.3</ele>
        <time>2025-05-15T14:55:03.002000Z</time>
      </trkpt>
      <trkpt lat="59.913547" lon="10.74402">
        <ele>38.0</ele>
        <time>2025-05-15T14:55:07.002000Z</time>
      </trkpt>
      <trkpt lat="59.913484" lon="10.744201">
        <ele>39.4</ele>
        <time>2025-05-15T14:55:09.002000Z</time>
      </trkpt>
      <trkpt lat="59.913413" lon="10.744339">
        <ele>40.7</ele>
        <time>2025-05-15T14:55:11.002000Z</time>
      </trkpt>
      <trkpt lat="59.913333" lon="10.74453">
        <ele>42.3</ele>
        <time>2025-05-15T14:55:14.002000Z</time>
      </trkpt>
      <trkpt lat="59.913269" lon="10.744665">
        <ele>43.5</ele>
        <time>2025-05-15T14:55:17.002000Z</time>
      </trkpt>
      <trkpt lat="59.913196" lon="10.744809">
        <ele>44.8</ele>
        <time>2025-05-15T14:55:24.002000Z</time>
      </trkpt>
      <trkpt lat="59.913139" lon="10.744953">
        <ele>46.0</ele>
        <time>2025-05-15T14:55:29.002000Z</time>
      </trkpt>
      <trkpt lat="59.91296" lon="10.745423">
        <ele>49.8</ele>
        <time>2025-05-15T14:58:11.001000Z</time>
      </trkpt>
      <trkpt lat="59.912925" lon="10.745612">
        <ele>51.1</ele>
        <time>2025-05-15T14:58:17.001000Z</time>
      </trkpt>
      <trkpt lat="59.912857" lon="10.745755">
        <ele>52.4</ele>
        <time>2025-05-15T14:58:28.001000Z</time>
      </trkpt>
      <trkpt lat="59.912802" lon="10.745933">
        <ele>53.7</ele>
        <time>2025-05-15T14:58:38.001000Z</time>
      </trkpt>
      <trkpt lat="59.912874" lon="10.746154">
        <ele>55.4</ele>
        <time>2025-05-15T14:58:41.001000Z</time>
      </trkpt>
      <trkpt lat="59.912922" lon="10.746347">
        <ele>55.9</ele>
        <time>2025-05-15T14:58:46.001000Z</time>
      </trkpt>
      <trkpt lat="59.912955" lon="10.746541">
        <ele>55.6</ele>
        <time>2025-05-15T14:58:57.001000Z</time>
      </trkpt>
      <trkpt lat="59.912899" lon="10.746397">
        <ele>55.4</ele>
        <time>2025-05-15T14:59:08.001000Z</time>
      </trkpt>
      <trkpt lat="59.912958" lon="10.746559">
        <ele>55.2</ele>
        <time>2025-05-15T14:59:14.001000Z</time>
      </trkpt>
      <trkpt lat="59.912959" lon="10.746755">
        <ele>55.0</ele>
        <time>2025-05-15T14:59:23.001000Z</time>
      </trkpt>
      <trkpt lat="59.912951" lon="10.746935">
        <ele>54.8</ele>
        <time>2025-05-15T14:59:26.001000Z</time>
      </trkpt>
      <trkpt lat="59.912927" lon="10.747125">
        <ele>54.6</ele>
        <time>2025-05-15T14:59:30.001000Z</time>
      </trkpt>
      <trkpt lat="59.912885" lon="10.74736">
        <ele>54.3</ele>
        <time>2025-05-15T14:59:33.001000Z</time>
      </trkpt>
      <trkpt lat="59.912842" lon="10.747569">
        <ele>54.1</ele>
        <time>2025-05-15T14:59:37.001000Z</time>
      </trkpt>
      <trkpt lat="59.912872" lon="10.748002">
        <ele>53.6</ele>
        <time>2025-05-15T14:59:41.001000Z</time>
      </trkpt>
      <trkpt lat="59.912932" lon="10.748186">
        <ele>53.3</ele>
        <time>2025-05-15T14:59:50.001000Z</time>
      </trkpt>
      <trkpt lat="59.913001" lon="10.748397">
        <ele>53.1</ele>
        <time>2025-05-15T14:59:54.001000Z</time>
      </trkpt>
      <trkpt lat="59.913061" lon="10.748549">
        <ele>52.8</ele>
        <time>2025-05-15T14:59:56.001000Z</time>
      </trkpt>
      <trkpt lat="59.913104" lon="10.748737">
        <ele>52.6</ele>
        <time>2025-05-15T14:59:58.001000Z</time>
      </trkpt>
      <trkpt lat="59.913158" lon="10.74892">
        <ele>52.4</ele>
        <time>2025-05-15T15:00:00.001000Z</time>
      </trkpt>
      <trkpt lat="59.913219" lon="10.749077">
        <ele>52.2</ele>
        <time>2025-05-15T15:00:02.001000Z</time>
      </trkpt>
      <trkpt lat="59.913256" lon="10.749255">
        <ele>52.5</ele>
        <time>2025-05-15T15:00:04.001000Z</time>
      </trkpt>
      <trkpt lat="59.913315" lon="10.749431">
        <ele>53.6</ele>
        <time>2025-05-15T15:00:06.001000Z</time>
      </trkpt>
      <trkpt lat="59.91337" lon="10.74965">
        <ele>54.8</ele>
        <time>2025-05-15T15:00:09.001000Z</time>
      </trkpt>
      <trkpt lat="59.913421" lon="10.749832">
        <ele>55.9</ele>
        <time>2025-05-15T15:00:13.001000Z</time>
      </trkpt>
      <trkpt lat="59.913462" lon="10.749993">
        <ele>56.8</ele>
        <time>2025-05-15T15:00:24.001000Z</time>
      </trkpt>
      <trkpt lat="59.913515" lon="10.750162">
        <ele>57.8</ele>
        <time>2025-05-15T15:00:34.001000Z</time>
      </trkpt>
      <trkpt lat="59.913568" lon="10.750332">
        <ele>58.8</ele>
        <time>2025-05-15T15:00:38.002000Z</time>
      </trkpt>
      <trkpt lat="59.913618" lon="10.750491">
        <ele>59.7</ele>
        <time>2025-05-15T15:00:43.002000Z</time>
      </trkpt>
      <trkpt lat="59.913662" lon="10.750652">
        <ele>60.7</ele>
        <time>2025-05-15T15:00:47.002000Z</time>
      </trkpt>
      <trkpt lat="59.913712" lon="10.750819">
        <ele>61.6</ele>
        <time>2025-05-15T15:00:49.002000Z</time>
      </trkpt>
      <trkpt lat="59.913779" lon="10.751021">
        <ele>62.9</ele>
        <time>2025-05-15T15:00:52.002000Z</time>
      </trkpt>
      <trkpt lat="59.913829" lon="10.751187">
        <ele>63.9</ele>
        <time>2025-05-15T15:00:54.002000Z</time>
      </trkpt>
      <trkpt lat="59.913892" lon="10.751363">
        <ele>64.9</ele>
        <time>2025-05-15T15:00:58.001000Z</time>
      </trkpt>
      <trkpt lat="59.91395" lon="10.751536">
        <ele>66.0</ele>
        <time>2025-05-15T15:01:02.001000Z</time>
      </trkpt>
      <trkpt lat="59.914" lon="10.751686">
        <ele>66.9</ele>
        <time>2025-05-15T15:01:09.002000Z</time>
      </trkpt>
      <trkpt lat="59.914049" lon="10.751847">
        <ele>67.9</ele>
        <time>2025-05-15T15:01:19.002000Z</time>
      </trkpt>
      <trkpt lat="59.914104" lon="10.752022">
        <ele>68.9</ele>
        <time>2025-05-15T15:01:28.002000Z</time>
      </trkpt>
      <trkpt lat="59.914163" lon="10.752211">
        <ele>70.0</ele>
        <time>2025-05-15T15:01:33.002000Z</time>
      </trkpt>
      <trkpt lat="59.914217" lon="10.752385">
        <ele>70.9</ele>
        <time>2025-05-15T15:01:37.002000Z</time>
      </trkpt>
      <trkpt lat="59.914267" lon="10.752548">
        <ele>71.8</ele>
        <time>2025-05-15T15:01:40.002000Z</time>
      </trkpt>
      <trkpt lat="59.914321" lon="10.752721">
        <ele>72.7</ele>
        <time>2025-05-15T15:01:44.002000Z</time>
      </trkpt>
      <trkpt lat="59.914238" lon="10.752616">
        <ele>73.5</ele>
        <time>2025-05-15T15:02:00.002000Z</time>
      </trkpt>
      <trkpt lat="59.914121" lon="10.752618">
        <ele>74.5</ele>
        <time>2025-05-15T15:02:04.002000Z</time>
      </trkpt>
      <trkpt lat="59.913956" lon="10.752588">
        <ele>76.0</ele>
        <time>2025-05-15T15:02:05.002000Z</time>
      </trkpt>
      <trkpt lat="59.913862" lon="10.752665">
        <ele>76.9</ele>
        <time>2025-05-15T15:02:07.002000Z</time>
      </trkpt>
      <trkpt lat="59.913757" lon="10.752756">
        <ele>77.8</ele>
        <time>2025-05-15T15:02:09.002000Z</time>
      </trkpt>
      <trkpt lat="59.913674" lon="10.752832">
        <ele>78.6</ele>
        <time>2025-05-15T15:02:12.002000Z</time>
      </trkpt>
      <trkpt lat="59.913554" lon="10.75295">
        <ele>79.8</ele>
        <time>2025-05-15T15:02:18.002000Z</time>
      </trkpt>
      <trkpt lat="59.913473" lon="10.753038">
        <ele>80.6</ele>
        <time>2025-05-15T15:02:28.002000Z</time>
      </trkpt>
      <trkpt lat="59.913382" lon="10.753129">
        <ele>81.5</ele>
        <time>2025-05-15T15:02:45.002000Z</time>
      </trkpt>
      <trkpt lat="59.913294" lon="10.753202">
        <ele>82.3</ele>
        <time>2025-05-15T15:02:51.002000Z</time>
      </trkpt>
      <trkpt lat="59.913407" lon="10.753742">
        <ele>84.9</ele>
        <time>2025-05-15T15:02:52.002000Z</time>
      </trkpt>
      <trkpt lat="59.913462" lon="10.753918">
        <ele>85.8</ele>
        <time>2025-05-15T15:02:55.002000Z</time>
      </trkpt>
      <trkpt lat="59.913388" lon="10.754097">
        <ele>83.6</ele>
        <time>2025-05-15T15:02:57.002000Z</time>
      </trkpt>
      <trkpt lat="59.91342" lon="10.754305">
        <ele>81.5</ele>
        <time>2025-05-15T15:03:01.002000Z</time>
      </trkpt>
      <trkpt lat="59.913449" lon="10.754491">
        <ele>79.6</ele>
        <time>2025-05-15T15:03:04.002000Z</time>
      </trkpt>
      <trkpt lat="59.91348" lon="10.754693">
        <ele>77.6</ele>
        <time>2025-05-15T15:03:07.001000Z</time>
      </trkpt>
      <trkpt lat="59.913515" lon="10.754919">
        <ele>75.3</ele>
        <time>2025-05-15T15:03:10.001000Z</time>
      </trkpt>
      <trkpt lat="59.913553" lon="10.75516">
        <ele>72.9</ele>
        <time>2025-05-15T15:03:13.002000Z</time>
      </trkpt>
      <trkpt lat="59.913599" lon="10.755401">
        <ele>70.4</ele>
        <time>2025-05-15T15:03:16.001000Z</time>
      </trkpt>
      <trkpt lat="59.913625" lon="10.755631">
        <ele>68.1</ele>
        <time>2025-05-15T15:03:19.001000Z</time>
      </trkpt>
      <trkpt lat="59.913659" lon="10.755857">
        <ele>65.8</ele>
        <time>2025-05-15T15:03:22.001000Z</time>
      </trkpt>
      <trkpt lat="59.913679" lon="10.756074">
        <ele>63.7</ele>
        <time>2025-05-15T15:03:26.001000Z</time>
      </trkpt>
      <trkpt lat="59.913686" lon="10.756281">
        <ele>61.7</ele>
        <time>2025-05-15T15:03:30.001000Z</time>
      </trkpt>
      <trkpt lat="59.913683" lon="10.756473">
        <ele>59.8</ele>
        <time>2025-05-15T15:03:43.001000Z</time>
      </trkpt>
      <trkpt lat="59.913609" lon="10.757033">
        <ele>54.2</ele>
        <time>2025-05-15T15:04:13.002000Z</time>
      </trkpt>
      <trkpt lat="59.913587" lon="10.757289">
        <ele>51.7</ele>
        <time>2025-05-15T15:04:18.002000Z</time>
      </trkpt>
      <trkpt lat="59.913539" lon="10.757567">
        <ele>49.2</ele>
        <time>2025-05-15T15:04:22.002000Z</time>
      </trkpt>
      <trkpt lat="59.913518" lon="10.75778">
        <ele>47.4</ele>
        <time>2025-05-15T15:04:26.002000Z</time>
      </trkpt>
      <trkpt lat="59.913479" lon="10.757962">
        <ele>45.8</ele>
        <time>2025-05-15T15:04:29.002000Z</time>
      </trkpt>
      <trkpt lat="59.913437" lon="10.758122">
        <ele>44.3</ele>
        <time>2025-05-15T15:04:34.002000Z</time>
      </trkpt>
      <trkpt lat="59.913417" lon="10.7583">
        <ele>42.8</ele>
        <time>2025-05-15T15:04:38.002000Z</time>
      </trkpt>
      <trkpt lat="59.913384" lon="10.758567">
        <ele>40.6</ele>
        <time>2025-05-15T15:04:47.002000Z</time>
      </trkpt>
      <trkpt lat="59.91333" lon="10.758818">
        <ele>38.3</ele>
        <time>2025-05-15T15:04:49.002000Z</time>
      </trkpt>
      <trkpt lat="59.913303" lon="10.759047">
        <ele>36.4</ele>
        <time>2025-05-15T15:04:51.002000Z</time>
      </trkpt>
      <trkpt lat="59.913249" lon="10.75934">
        <ele>33.8</ele>
        <time>2025-05-15T15:04:54.002000Z</time>
      </trkpt>
      <trkpt lat="59.913239" lon="10.759572">
        <ele>31.9</ele>
        <time>2025-05-15T15:04:56.002000Z</time>
      </trkpt>
      <trkpt lat="59.9132" lon="10.759798">
        <ele>30.0</ele>
        <time>2025-05-15T15:05:00.002000Z</time>
      </trkpt>
      <trkpt lat="59.913171" lon="10.759971">
        <ele>28.5</ele>
        <time>2025-05-15T15:05:06.002000Z</time>
      </trkpt>
      <trkpt lat="59.913121" lon="10.760128">
        <ele>26.9</ele>
        <time>2025-05-15T15:05:14.002000Z</time>
      </trkpt>
      <trkpt lat="59.91318" lon="10.759919">
        <ele>25.0</ele>
        <time>2025-05-15T15:06:28.002000Z</time>
      </trkpt>
      <trkpt lat="59.913271" lon="10.759365">
        <ele>21.3</ele>
        <time>2025-05-15T15:09:03.002000Z</time>
      </trkpt>
      <trkpt lat="59.913226" lon="10.759522">
        <ele>20.9</ele>
        <time>2025-05-15T15:09:22.003000Z</time>
      </trkpt>
      <trkpt lat="59.913198" lon="10.759708">
        <ele>20.5</ele>
        <time>2025-05-15T15:09:30.002000Z</time>
      </trkpt>
      <trkpt lat="59.913169" lon="10.759878">
        <ele>20.1</ele>
        <time>2025-05-15T15:09:38.002000Z</time>
      </trkpt>
      <trkpt lat="59.913139" lon="10.760057">
        <ele>19.7</ele>
        <time>2025-05-15T15:09:50.002000Z</time>
      </trkpt>
      <trkpt lat="59.91311" lon="10.76023">
        <ele>19.3</ele>
        <time>2025-05-15T15:10:01.002000Z</time>
      </trkpt>
      <trkpt lat="59.913081" lon="10.76041">
        <ele>18.9</ele>
        <time>2025-05-15T15:10:13.002000Z</time>
      </trkpt>
      <trkpt lat="59.913051" lon="10.760591">
        <ele>18.5</ele>
        <time>2025-05-15T15:10:22.002000Z</time>
      </trkpt>
      <trkpt lat="59.913022" lon="10.760764">
        <ele>18.1</ele>
        <time>2025-05-15T15:10:32.002000Z</time>
      </trkpt>
      <trkpt lat="59.912993" lon="10.760935">
        <ele>17.7</ele>
        <time>2025-05-15T15:10:41.002000Z</time>
      </trkpt>
      <trkpt lat="59.912963" lon="10.761109">
        <ele>17.3</ele>
        <time>2025-05-15T15:10:53.002000Z</time>
      </trkpt>
      <trkpt lat="59.912934" lon="10.761285">
        <ele>16.9</ele>
        <time>2025-05-15T15:11:05.002000Z</time>
      </trkpt>
      <trkpt lat="59.912905" lon="10.761457">
        <ele>16.5</ele>
        <time>2025-05-15T15:11:13.002000Z</time>
      </trkpt>
      <trkpt lat="59.912878" lon="10.76163">
        <ele>16.1</ele>
        <time>2025-05-15T15:11:28.003000Z</time>
      </trkpt>
      <trkpt lat="59.912825" lon="10.761782">
        <ele>15.7</ele>
        <time>2025-05-15T15:11:43.002000Z</time>
      </trkpt>
      <trkpt lat="59.912759" lon="10.762171">
        <ele>14.8</ele>
        <time>2025-05-15T15:12:46.002000Z</time>
      </trkpt>
      <trkpt lat="59.912726" lon="10.762369">
        <ele>14.3</ele>
        <time>2025-05-15T15:12:55.002000Z</time>
      </trkpt>
      <trkpt lat="59.912686" lon="10.762534">
        <ele>14.0</ele>
        <time>2025-05-15T15:13:05.002000Z</time>
      </trkpt>
      <trkpt lat="59.912687" lon="10.762714">
        <ele>13.9</ele>
        <time>2025-05-15T15:13:15.002000Z</time>
      </trkpt>
      <trkpt lat="59.91266" lon="10.762889">
        <ele>13.9</ele>
        <time>2025-05-15T15:13:35.003000Z</time>
      </trkpt>
      <trkpt lat="59.912926" lon="10.763459">
        <ele>13.9</ele>
        <time>2025-05-15T15:14:24.003000Z</time>
      </trkpt>
      <trkpt lat="59.913016" lon="10.763576">
        <ele>13.9</ele>
        <time>2025-05-15T15:14:28.003000Z</time>
      </trkpt>
      <trkpt lat="59.913101" lon="10.763669">
        <ele>13.9</ele>
        <time>2025-05-15T15:14:33.003000Z</time>
      </trkpt>
      <trkpt lat="59.91317" lon="10.763788">
        <ele>13.9</ele>
        <time>2025-05-15T15:14:38.003000Z</time>
      </trkpt>
      <trkpt lat="59.913235" lon="10.763955">
        <ele>13.9</ele>
        <time>2025-05-15T15:14:43.003000Z</time>
      </trkpt>
      <trkpt lat="59.913326" lon="10.764105">
        <ele>13.9</ele>
        <time>2025-05-15T15:14:47.003000Z</time>
      </trkpt>
      <trkpt lat="59.913363" lon="10.764283">
        <ele>13.9</ele>
        <time>2025-05-15T15:14:52.003000Z</time>
      </trkpt>
      <trkpt lat="59.913397" lon="10.764453">
        <ele>13.9</ele>
        <time>2025-05-15T15:14:56.003000Z</time>
      </trkpt>
      <trkpt lat="59.913436" lon="10.764673">
        <ele>13.9</ele>
        <time>2025-05-15T15:15:00.003000Z</time>
      </trkpt>
      <trkpt lat="59.91347" lon="10.764866">
        <ele>13.9</ele>
        <time>2025-05-15T15:15:04.003000Z</time>
      </trkpt>
      <trkpt lat="59.913576" lon="10.76476">
        <ele>13.9</ele>
        <time>2025-05-15T15:15:07.003000Z</time>
      </trkpt>
      <trkpt lat="59.913654" lon="10.764653">
        <ele>13.9</ele>
        <time>2025-05-15T15:15:11.003000Z</time>
      </trkpt>
      <trkpt lat="59.913722" lon="10.764523">
        <ele>13.9</ele>
        <time>2025-05-15T15:15:15.003000Z</time>
      </trkpt>
      <trkpt lat="59.913799" lon="10.764381">
        <ele>13.9</ele>
        <time>2025-05-15T15:15:19.003000Z</time>
      </trkpt>
      <trkpt lat="59.913722" lon="10.764514">
        <ele>13.9</ele>
        <time>2025-05-15T15:15:39.002000Z</time>
      </trkpt>
      <trkpt lat="59.913648" lon="10.764621">
        <ele>13.9</ele>
        <time>2025-05-15T15:15:44.003000Z</time>
      </trkpt>
      <trkpt lat="59.913565" lon="10.764735">
        <ele>13.9</ele>
        <time>2025-05-15T15:15:49.002000Z</time>
      </trkpt>
      <trkpt lat="59.91348" lon="10.764844">
        <ele>13.9</ele>
        <time>2025-05-15T15:15:54.003000Z</time>
      </trkpt>
    </trkseg>
  </trk>
  <trk>
    <name>2025-05-16</name>
    <trkseg>
      <trkpt lat="59.913838" lon="10.767099">
        <ele>15.5</ele>
        <time>2025-05-16T09:07:48Z</time>
      </trkpt>
      <trkpt lat="59.913937" lon="10.76708">
        <ele>15.5</ele>
        <time>2025-05-16T09:08:26.999000Z</time>
      </trkpt>
      <trkpt lat="59.914005" lon="10.767199">
        <ele>15.5</ele>
        <time>2025-05-16T09:08:36.999000Z</time>
      </trkpt>
      <trkpt lat="59.914051" lon="10.767356">
        <ele>15.5</ele>
        <time>2025-05-16T09:08:44.999000Z</time>
      </trkpt>
      <trkpt lat="59.914031" lon="10.76754">
        <ele>15.5</ele>
        <time>2025-05-16T09:09:08.999000Z</time>
      </trkpt>
      <trkpt lat="59.914116" lon="10.767651">
        <ele>15.5</ele>
        <time>2025-05-16T09:10:18.999000Z</time>
      </trkpt>
      <trkpt lat="59.914187" lon="10.767789">
        <ele>15.5</ele>
        <time>2025-05-16T09:10:28.999000Z</time>
      </trkpt>
      <trkpt lat="59.91427" lon="10.7679">
        <ele>15.5</ele>
        <time>2025-05-16T09:10:37.999000Z</time>
      </trkpt>
      <trkpt lat="59.914323" lon="10.768047">
        <ele>15.5</ele>
        <time>2025-05-16T09:10:50.999000Z</time>
      </trkpt>
      <trkpt lat="59.914378" lon="10.768189">
        <ele>15.5</ele>
        <time>2025-05-16T09:10:59.999000Z</time>
      </trkpt>
      <trkpt lat="59.914435" lon="10.76833">
        <ele>15.8</ele>
        <time>2025-05-16T09:11:09.999000Z</time>
      </trkpt>
      <trkpt lat="59.914499" lon="10.768464">
        <ele>16.4</ele>
        <time>2025-05-16T09:11:17.999000Z</time>
      </trkpt>
      <trkpt lat="59.914567" lon="10.768597">
        <ele>17.1</ele>
        <time>2025-05-16T09:11:26.999000Z</time>
      </trkpt>
      <trkpt lat="59.914642" lon="10.768731">
        <ele>17.7</ele>
        <time>2025-05-16T09:11:38.999000Z</time>
      </trkpt>
      <trkpt lat="59.914946" lon="10.769385">
        <ele>20.7</ele>
        <time>2025-05-16T09:12:48.999000Z</time>
      </trkpt>
      <trkpt lat="59.915012" lon="10.769532">
        <ele>21.4</ele>
        <time>2025-05-16T09:12:56.999000Z</time>
      </trkpt>
      <trkpt lat="59.915037" lon="10.769708">
        <ele>22.0</ele>
        <time>2025-05-16T09:13:06.999000Z</time>
      </trkpt>
      <trkpt lat="59.915057" lon="10.769902">
        <ele>22.6</ele>
        <time>2025-05-16T09:13:16.999000Z</time>
      </trkpt>
      <trkpt lat="59.91548" lon="10.770449">
        <ele>26.0</ele>
        <time>2025-05-16T09:14:00.999000Z</time>
      </trkpt>
      <trkpt lat="59.915558" lon="10.770588">
        <ele>26.7</ele>
        <time>2025-05-16T09:14:05.999000Z</time>
      </trkpt>
      <trkpt lat="59.915609" lon="10.770736">
        <ele>27.3</ele>
        <time>2025-05-16T09:14:08.999000Z</time>
      </trkpt>
      <trkpt lat="59.915699" lon="10.770847">
        <ele>28.0</ele>
        <time>2025-05-16T09:14:13.999000Z</time>
      </trkpt>
      <trkpt lat="59.915758" lon="10.77099">
        <ele>28.6</ele>
        <time>2025-05-16T09:14:18.999000Z</time>
      </trkpt>
      <trkpt lat="59.915778" lon="10.771173">
        <ele>29.2</ele>
        <time>2025-05-16T09:14:22.999000Z</time>
      </trkpt>
      <trkpt lat="59.915767" lon="10.77139">
        <ele>29.9</ele>
        <time>2025-05-16T09:14:27.999000Z</time>
      </trkpt>
      <trkpt lat="59.915703" lon="10.771579">
        <ele>30.7</ele>
        <time>2025-05-16T09:14:31.999000Z</time>
      </trkpt>
      <trkpt lat="59.915658" lon="10.77175">
        <ele>31.3</ele>
        <time>2025-05-16T09:14:35.999000Z</time>
      </trkpt>
      <trkpt lat="59.915576" lon="10.771869">
        <ele>31.9</ele>
        <time>2025-05-16T09:14:39.998000Z</time>
      </trkpt>
      <trkpt lat="59.915525" lon="10.772026">
        <ele>32.5</ele>
        <time>2025-05-16T09:14:46.998000Z</time>
      </trkpt>
      <trkpt lat="59.915471" lon="10.772215">
        <ele>33.3</ele>
        <time>2025-05-16T09:14:50.999000Z</time>
      </trkpt>
      <trkpt lat="59.915412" lon="10.772367">
        <ele>33.9</ele>
        <time>2025-05-16T09:14:54.999000Z</time>
      </trkpt>
      <trkpt lat="59.915344" lon="10.772526">
        <ele>34.6</ele>
        <time>2025-05-16T09:14:58.999000Z</time>
      </trkpt>
      <trkpt lat="59.915291" lon="10.772718">
        <ele>35.3</ele>
        <time>2025-05-16T09:15:02.998000Z</time>
      </trkpt>
      <trkpt lat="59.915243" lon="10.772896">
        <ele>35.9</ele>
        <time>2025-05-16T09:15:07.998000Z</time>
      </trkpt>
      <trkpt lat="59.915203" lon="10.773071">
        <ele>36.6</ele>
        <time>2025-05-16T09:15:14.998000Z</time>
      </trkpt>
      <trkpt lat="59.915156" lon="10.773303">
        <ele>37.4</ele>
        <time>2025-05-16T09:15:21.998000Z</time>
      </trkpt>
      <trkpt lat="59.915086" lon="10.773515">
        <ele>38.2</ele>
        <time>2025-05-16T09:15:24.998000Z</time>
      </trkpt>
      <trkpt lat="59.915037" lon="10.773679">
        <ele>38.8</ele>
        <time>2025-05-16T09:15:27.998000Z</time>
      </trkpt>
      <trkpt lat="59.914978" lon="10.773826">
        <ele>39.7</ele>
        <time>2025-05-16T09:15:30.998000Z</time>
      </trkpt>
      <trkpt lat="59.914924" lon="10.773987">
        <ele>41.0</ele>
        <time>2025-05-16T09:15:33.998000Z</time>
      </trkpt>
      <trkpt lat="59.914828" lon="10.774067">
        <ele>42.4</ele>
        <time>2025-05-16T09:15:38.998000Z</time>
      </trkpt>
      <trkpt lat="59.914742" lon="10.774175">
        <ele>43.8</ele>
        <time>2025-05-16T09:15:41.998000Z</time>
      </trkpt>
      <trkpt lat="59.914647" lon="10.774225">
        <ele>45.1</ele>
        <time>2025-05-16T09:15:47.998000Z</time>
      </trkpt>
      <trkpt lat="59.914599" lon="10.774393">
        <ele>46.4</ele>
        <time>2025-05-16T09:15:59.998000Z</time>
      </trkpt>
      <trkpt lat="59.914521" lon="10.77456">
        <ele>48.0</ele>
        <time>2025-05-16T09:16:02.998000Z</time>
      </trkpt>
      <trkpt lat="59.914422" lon="10.774696">
        <ele>49.6</ele>
        <time>2025-05-16T09:16:05.998000Z</time>
      </trkpt>
      <trkpt lat="59.914353" lon="10.774853">
        <ele>51.0</ele>
        <time>2025-05-16T09:16:10.998000Z</time>
      </trkpt>
      <trkpt lat="59.914266" lon="10.775016">
        <ele>52.6</ele>
        <time>2025-05-16T09:16:14.998000Z</time>
      </trkpt>
      <trkpt lat="59.914204" lon="10.775149">
        <ele>53.8</ele>
        <time>2025-05-16T09:16:18.998000Z</time>
      </trkpt>
      <trkpt lat="59.914234" lon="10.775335">
        <ele>55.1</ele>
        <time>2025-05-16T09:16:23.998000Z</time>
      </trkpt>
      <trkpt lat="59.914136" lon="10.775375">
        <ele>56.5</ele>
        <time>2025-05-16T09:16:30.998000Z</time>
      </trkpt>
      <trkpt lat="59.91405" lon="10.775472">
        <ele>57.8</ele>
        <time>2025-05-16T09:16:34.998000Z</time>
      </trkpt>
      <trkpt lat="59.913969" lon="10.775556">
        <ele>59.0</ele>
        <time>2025-05-16T09:16:38.998000Z</time>
      </trkpt>
      <trkpt lat="59.913875" lon="10.775685">
        <ele>60.6</ele>
        <time>2025-05-16T09:16:42.998000Z</time>
      </trkpt>
      <trkpt lat="59.913868" lon="10.775504">
        <ele>61.8</ele>
        <time>2025-05-16T11:28:14.001000Z</time>
      </trkpt>
      <trkpt lat="59.91394" lon="10.775667">
        <ele>63.3</ele>
        <time>2025-05-16T11:30:00Z</time>
      </trkpt>
      <trkpt lat="59.913884" lon="10.775822">
        <ele>62.9</ele>
        <time>2025-05-16T11:30:20Z</time>
      </trkpt>
      <trkpt lat="59.913777" lon="10.775815">
        <ele>62.4</ele>
        <time>2025-05-16T11:30:25Z</time>
      </trkpt>
      <trkpt lat="59.913706" lon="10.775937">
        <ele>62.0</ele>
        <time>2025-05-16T11:30:28Z</time>
      </trkpt>
      <trkpt lat="59.913619" lon="10.776031">
        <ele>61.6</ele>
        <time>2025-05-16T11:30:37Z</time>
      </trkpt>
      <trkpt lat="59.913512" lon="10.776076">
        <ele>61.1</ele>
        <time>2025-05-16T11:30:41Z</time>
      </trkpt>
      <trkpt lat="59.913425" lon="10.776215">
        <ele>60.6</ele>
        <time>2025-05-16T11:30:45Z</time>
      </trkpt>
      <trkpt lat="59.913359" lon="10.776346">
        <ele>60.2</ele>
        <time>2025-05-16T11:30:52Z</time>
      </trkpt>
      <trkpt lat="59.913299" lon="10.776485">
        <ele>59.8</ele>
        <time>2025-05-16T11:31:09Z</time>
      </trkpt>
      <trkpt lat="59.913246" lon="10.776634">
        <ele>59.4</ele>
        <time>2025-05-16T11:31:13Z</time>
      </trkpt>
      <trkpt lat="59.913192" lon="10.776829">
        <ele>58.9</ele>
        <time>2025-05-16T11:31:18Z</time>
      </trkpt>
      <trkpt lat="59.91315" lon="10.777026">
        <ele>58.4</ele>
        <time>2025-05-16T11:31:23Z</time>
      </trkpt>
      <trkpt lat="59.913092" lon="10.777167">
        <ele>58.0</ele>
        <time>2025-05-16T11:31:29Z</time>
      </trkpt>
      <trkpt lat="59.913195" lon="10.777108">
        <ele>57.6</ele>
        <time>2025-05-16T11:31:56Z</time>
      </trkpt>
      <trkpt lat="59.91329" lon="10.777026">
        <ele>57.1</ele>
        <time>2025-05-16T11:31:59Z</time>
      </trkpt>
      <trkpt lat="59.913384" lon="10.776972">
        <ele>56.7</ele>
        <time>2025-05-16T11:32:02Z</time>
      </trkpt>
      <trkpt lat="59.913498" lon="10.776948">
        <ele>56.2</ele>
        <time>2025-05-16T11:32:06Z</time>
      </trkpt>
      <trkpt lat="59.913603" lon="10.776919">
        <ele>55.7</ele>
        <time>2025-05-16T11:32:10Z</time>
      </trkpt>
      <trkpt lat="59.91371" lon="10.77692">
        <ele>55.4</ele>
        <time>2025-05-16T11:32:14Z</time>
      </trkpt>
      <trkpt lat="59.913817" lon="10.77696">
        <ele>55.4</ele>
        <time>2025-05-16T11:32:18Z</time>
      </trkpt>
      <trkpt lat="59.913931" lon="10.776994">
        <ele>55.4</ele>
        <time>2025-05-16T11:32:22Z</time>
      </trkpt>
      <trkpt lat="59.914038" lon="10.777032">
        <ele>55.4</ele>
        <time>2025-05-16T11:32:26Z</time>
      </trkpt>
      <trkpt lat="59.914128" lon="10.776997">
        <ele>55.4</ele>
        <time>2025-05-16T11:32:31Z</time>
      </trkpt>
      <trkpt lat="59.914225" lon="10.776964">
        <ele>55.4</ele>
        <time>2025-05-16T11:32:36Z</time>
      </trkpt>
      <trkpt lat="59.914323" lon="10.776969">
        <ele>55.4</ele>
        <time>2025-05-16T11:32:40Z</time>
      </trkpt>
      <trkpt lat="59.914416" lon="10.777007">
        <ele>55.4</ele>
        <time>2025-05-16T11:32:44Z</time>
      </trkpt>
      <trkpt lat="59.914509" lon="10.77708">
        <ele>55.4</ele>
        <time>2025-05-16T11:32:48Z</time>
      </trkpt>
      <trkpt lat="59.91457" lon="10.776946">
        <ele>55.4</ele>
        <time>2025-05-16T11:32:55Z</time>
      </trkpt>
      <trkpt lat="59.914483" lon="10.776821">
        <ele>55.4</ele>
        <time>2025-05-16T11:33:04Z</time>
      </trkpt>
      <trkpt lat="59.914388" lon="10.776793">
        <ele>55.4</ele>
        <time>2025-05-16T11:33:08Z</time>
      </trkpt>
      <trkpt lat="59.914292" lon="10.776802">
        <ele>55.4</ele>
        <time>2025-05-16T11:33:11Z</time>
      </trkpt>
      <trkpt lat="59.9142" lon="10.776796">
        <ele>55.4</ele>
        <time>2025-05-16T11:33:15Z</time>
      </trkpt>
      <trkpt lat="59.914091" lon="10.77678">
        <ele>55.4</ele>
        <time>2025-05-16T11:33:19Z</time>
      </trkpt>
      <trkpt lat="59.913972" lon="10.776814">
        <ele>55.4</ele>
        <time>2025-05-16T11:33:24Z</time>
      </trkpt>
      <trkpt lat="59.913879" lon="10.77682">
        <ele>55.4</ele>
        <time>2025-05-16T11:33:28Z</time>
      </trkpt>
      <trkpt lat="59.914159" lon="10.77667">
        <ele>69.8</ele>
        <time>2025-05-16T13:26:38.999000Z</time>
      </trkpt>
      <trkpt lat="59.914281" lon="10.776662">
        <ele>69.8</ele>
        <time>2025-05-16T13:26:41.999000Z</time>
      </trkpt>
      <trkpt lat="59.914374" lon="10.776628">
        <ele>69.8</ele>
        <time>2025-05-16T13:26:44.999000Z</time>
      </trkpt>
      <trkpt lat="59.914499" lon="10.776608">
        <ele>69.8</ele>
        <time>2025-05-16T13:26:47.999000Z</time>
      </trkpt>
      <trkpt lat="59.9146" lon="10.776628">
        <ele>69.8</ele>
        <time>2025-05-16T13:26:50.999000Z</time>
      </trkpt>
      <trkpt lat="59.914704" lon="10.776685">
        <ele>69.8</ele>
        <time>2025-05-16T13:26:54.999000Z</time>
      </trkpt>
      <trkpt lat="59.914802" lon="10.776701">
        <ele>69.8</ele>
        <time>2025-05-16T13:26:57.999000Z</time>
      </trkpt>
      <trkpt lat="59.914923" lon="10.776709">
        <ele>68.2</ele>
        <time>2025-05-16T13:27:02.999000Z</time>
      </trkpt>
      <trkpt lat="59.914998" lon="10.776563">
        <ele>66.8</ele>
        <time>2025-05-16T13:27:05.999000Z</time>
      </trkpt>
      <trkpt lat="59.915092" lon="10.776494">
        <ele>65.5</ele>
        <time>2025-05-16T13:27:10.999000Z</time>
      </trkpt>
      <trkpt lat="59.915176" lon="10.776603">
        <ele>64.2</ele>
        <time>2025-05-16T13:27:22.999000Z</time>
      </trkpt>
      <trkpt lat="59.915465" lon="10.776668">
        <ele>60.5</ele>
        <time>2025-05-16T13:28:11.999000Z</time>
      </trkpt>
      <trkpt lat="59.915377" lon="10.776512">
        <ele>58.9</ele>
        <time>2025-05-16T13:28:14.999000Z</time>
      </trkpt>
      <trkpt lat="59.915301" lon="10.776346">
        <ele>57.5</ele>
        <time>2025-05-16T13:28:17.999000Z</time>
      </trkpt>
      <trkpt lat="59.915236" lon="10.776127">
        <ele>55.8</ele>
        <time>2025-05-16T13:28:20.999000Z</time>
      </trkpt>
      <trkpt lat="59.915185" lon="10.775958">
        <ele>54.5</ele>
        <time>2025-05-16T13:28:22.999000Z</time>
      </trkpt>
      <trkpt lat="59.915123" lon="10.775777">
        <ele>53.1</ele>
        <time>2025-05-16T13:28:24.999000Z</time>
      </trkpt>
      <trkpt lat="59.91502" lon="10.77558">
        <ele>51.2</ele>
        <time>2025-05-16T13:28:26.999000Z</time>
      </trkpt>
      <trkpt lat="59.914948" lon="10.775368">
        <ele>49.6</ele>
        <time>2025-05-16T13:28:28.999000Z</time>
      </trkpt>
      <trkpt lat="59.914869" lon="10.775188">
        <ele>48.0</ele>
        <time>2025-05-16T13:28:30.999000Z</time>
      </trkpt>
      <trkpt lat="59.914824" lon="10.775001">
        <ele>46.6</ele>
        <time>2025-05-16T13:28:32.999000Z</time>
      </trkpt>
      <trkpt lat="59.914777" lon="10.774774">
        <ele>45.6</ele>
        <time>2025-05-16T13:28:35.999000Z</time>
      </trkpt>
      <trkpt lat="59.914764" lon="10.774577">
        <ele>44.8</ele>
        <time>2025-05-16T13:28:38.999000Z</time>
      </trkpt>
      <trkpt lat="59.914745" lon="10.774399">
        <ele>44.0</ele>
        <time>2025-05-16T13:28:44.999000Z</time>
      </trkpt>
      <trkpt lat="59.914768" lon="10.774186">
        <ele>43.1</ele>
        <time>2025-05-16T13:28:46.999000Z</time>
      </trkpt>
      <trkpt lat="59.914801" lon="10.773978">
        <ele>42.2</ele>
        <time>2025-05-16T13:28:48.999000Z</time>
      </trkpt>
      <trkpt lat="59.914856" lon="10.773802">
        <ele>41.4</ele>
        <time>2025-05-16T13:28:50.999000Z</time>
      </trkpt>
      <trkpt lat="59.914912" lon="10.773637">
        <ele>40.6</ele>
        <time>2025-05-16T13:28:52.999000Z</time>
      </trkpt>
      <trkpt lat="59.914973" lon="10.773438">
        <ele>39.6</ele>
        <time>2025-05-16T13:28:54.999000Z</time>
      </trkpt>
      <trkpt lat="59.915031" lon="10.773257">
        <ele>38.8</ele>
        <time>2025-05-16T13:28:56.999000Z</time>
      </trkpt>
      <trkpt lat="59.9151" lon="10.773046">
        <ele>37.8</ele>
        <time>2025-05-16T13:28:58.999000Z</time>
      </trkpt>
      <trkpt lat="59.915157" lon="10.772839">
        <ele>36.8</ele>
        <time>2025-05-16T13:29:00.999000Z</time>
      </trkpt>
      <trkpt lat="59.915226" lon="10.772656">
        <ele>35.9</ele>
        <time>2025-05-16T13:29:02.999000Z</time>
      </trkpt>
      <trkpt lat="59.915269" lon="10.772468">
        <ele>35.0</ele>
        <time>2025-05-16T13:29:04.999000Z</time>
      </trkpt>
      <trkpt lat="59.91533" lon="10.772274">
        <ele>34.1</ele>
        <time>2025-05-16T13:29:06.999000Z</time>
      </trkpt>
      <trkpt lat="59.915409" lon="10.772073">
        <ele>33.1</ele>
        <time>2025-05-16T13:29:08.999000Z</time>
      </trkpt>
      <trkpt lat="59.915499" lon="10.771845">
        <ele>31.9</ele>
        <time>2025-05-16T13:29:10.999000Z</time>
      </trkpt>
      <trkpt lat="59.915618" lon="10.771791">
        <ele>30.8</ele>
        <time>2025-05-16T13:29:11.999000Z</time>
      </trkpt>
      <trkpt lat="59.915684" lon="10.771613">
        <ele>29.9</ele>
        <time>2025-05-16T13:29:13.999000Z</time>
      </trkpt>
      <trkpt lat="59.91567" lon="10.771385">
        <ele>28.9</ele>
        <time>2025-05-16T13:29:15.999000Z</time>
      </trkpt>
      <trkpt lat="59.915655" lon="10.771178">
        <ele>28.0</ele>
        <time>2025-05-16T13:29:17.999000Z</time>
      </trkpt>
      <trkpt lat="59.91558" lon="10.770993">
        <ele>27.0</ele>
        <time>2025-05-16T13:29:19.999000Z</time>
      </trkpt>
      <trkpt lat="59.915503" lon="10.77082">
        <ele>26.0</ele>
        <time>2025-05-16T13:29:21.999000Z</time>
      </trkpt>
      <trkpt lat="59.91542" lon="10.770621">
        <ele>24.9</ele>
        <time>2025-05-16T13:29:23.999000Z</time>
      </trkpt>
      <trkpt lat="59.915325" lon="10.770438">
        <ele>23.8</ele>
        <time>2025-05-16T13:29:25.999000Z</time>
      </trkpt>
      <trkpt lat="59.91523" lon="10.770225">
        <ele>22.6</ele>
        <time>2025-05-16T13:29:27.999000Z</time>
      </trkpt>
      <trkpt lat="59.915155" lon="10.770036">
        <ele>21.6</ele>
        <time>2025-05-16T13:29:29.999000Z</time>
      </trkpt>
      <trkpt lat="59.915089" lon="10.769876">
        <ele>20.7</ele>
        <time>2025-05-16T13:29:32.999000Z</time>
      </trkpt>
      <trkpt lat="59.915023" lon="10.769715">
        <ele>19.8</ele>
        <time>2025-05-16T13:29:37.999000Z</time>
      </trkpt>
      <trkpt lat="59.914965" lon="10.769569">
        <ele>19.0</ele>
        <time>2025-05-16T13:29:41.999000Z</time>
      </trkpt>
      <trkpt lat="59.914877" lon="10.769434">
        <ele>18.1</ele>
        <time>2025-05-16T13:29:45.999000Z</time>
      </trkpt>
      <trkpt lat="59.914795" lon="10.769289">
        <ele>17.2</ele>
        <time>2025-05-16T13:29:48.999000Z</time>
      </trkpt>
      <trkpt lat="59.91472" lon="10.769142">
        <ele>16.5</ele>
        <time>2025-05-16T13:29:51.999000Z</time>
      </trkpt>
      <trkpt lat="59.914641" lon="10.768978">
        <ele>16.2</ele>
        <time>2025-05-16T13:29:55.999000Z</time>
      </trkpt>
      <trkpt lat="59.914571" lon="10.768801">
        <ele>15.9</ele>
        <time>2025-05-16T13:29:58.999000Z</time>
      </trkpt>
      <trkpt lat="59.914458" lon="10.768625">
        <ele>15.6</ele>
        <time>2025-05-16T13:30:02.999000Z</time>
      </trkpt>
      <trkpt lat="59.914381" lon="10.768503">
        <ele>15.3</ele>
        <time>2025-05-16T13:30:04.999000Z</time>
      </trkpt>
      <trkpt lat="59.914304" lon="10.768369">
        <ele>15.0</ele>
        <time>2025-05-16T13:30:06.999000Z</time>
      </trkpt>
      <trkpt lat="59.914317" lon="10.768033">
        <ele>14.6</ele>
        <time>2025-05-16T13:30:08.999000Z</time>
      </trkpt>
      <trkpt lat="59.914238" lon="10.767848">
        <ele>14.3</ele>
        <time>2025-05-16T13:30:10.999000Z</time>
      </trkpt>
      <trkpt lat="59.914169" lon="10.76769">
        <ele>14.0</ele>
        <time>2025-05-16T13:30:12.999000Z</time>
      </trkpt>
      <trkpt lat="59.914106" lon="10.767544">
        <ele>13.8</ele>
        <time>2025-05-16T13:30:15.999000Z</time>
      </trkpt>
      <trkpt lat="59.914029" lon="10.767357">
        <ele>13.4</ele>
        <time>2025-05-16T13:30:19.999000Z</time>
      </trkpt>
      <trkpt lat="59.913954" lon="10.76718">
        <ele>13.1</ele>
        <time>2025-05-16T13:30:21.999000Z</time>
      </trkpt>
      <trkpt lat="59.913879" lon="10.767012">
        <ele>12.8</ele>
        <time>2025-05-16T13:30:23.999000Z</time>
      </trkpt>
      <trkpt lat="59.913798" lon="10.766824">
        <ele>12.5</ele>
        <time>2025-05-16T13:30:25.999000Z</time>
      </trkpt>
      <trkpt lat="59.913711" lon="10.766647">
        <ele>12.2</ele>
        <time>2025-05-16T13:30:27.999000Z</time>
      </trkpt>
      <trkpt lat="59.913631" lon="10.766471">
        <ele>12.1</ele>
        <time>2025-05-16T13:30:29.999000Z</time>
      </trkpt>
      <trkpt lat="59.913563" lon="10.766316">
        <ele>12.5</ele>
        <time>2025-05-16T13:30:31.999000Z</time>
      </trkpt>
      <trkpt lat="59.913491" lon="10.766151">
        <ele>13.0</ele>
        <time>2025-05-16T13:30:34.999000Z</time>
      </trkpt>
      <trkpt lat="59.913415" lon="10.766011">
        <ele>13.4</ele>
        <time>2025-05-16T13:30:37.999000Z</time>
      </trkpt>
      <trkpt lat="59.91335" lon="10.765873">
        <ele>13.8</ele>
        <time>2025-05-16T13:30:40.999000Z</time>
      </trkpt>
      <trkpt lat="59.913293" lon="10.765724">
        <ele>14.2</ele>
        <time>2025-05-16T13:30:43.999000Z</time>
      </trkpt>
      <trkpt lat="59.913232" lon="10.765545">
        <ele>14.7</ele>
        <time>2025-05-16T13:30:47.999000Z</time>
      </trkpt>
      <trkpt lat="59.913182" lon="10.765392">
        <ele>15.1</ele>
        <time>2025-05-16T13:30:55.999000Z</time>
      </trkpt>
      <trkpt lat="59.913131" lon="10.765234">
        <ele>15.5</ele>
        <time>2025-05-16T13:31:03.999000Z</time>
      </trkpt>
      <trkpt lat="59.91308" lon="10.765076">
        <ele>15.9</ele>
        <time>2025-05-16T13:31:10.999000Z</time>
      </trkpt>
      <trkpt lat="59.91302" lon="10.764891">
        <ele>16.4</ele>
        <time>2025-05-16T13:31:14.999000Z</time>
      </trkpt>
      <trkpt lat="59.912955" lon="10.764688">
        <ele>16.9</ele>
        <time>2025-05-16T13:31:18.999000Z</time>
      </trkpt>
      <trkpt lat="59.912886" lon="10.764492">
        <ele>17.5</ele>
        <time>2025-05-16T13:31:22.999000Z</time>
      </trkpt>
      <trkpt lat="59.912831" lon="10.764329">
        <ele>17.9</ele>
        <time>2025-05-16T13:31:25.999000Z</time>
      </trkpt>
      <trkpt lat="59.912777" lon="10.764167">
        <ele>18.3</ele>
        <time>2025-05-16T13:31:29.999000Z</time>
      </trkpt>
      <trkpt lat="59.912724" lon="10.764016">
        <ele>18.7</ele>
        <time>2025-05-16T13:31:35.999000Z</time>
      </trkpt>
      <trkpt lat="59.912657" lon="10.763856">
        <ele>19.2</ele>
        <time>2025-05-16T13:31:59.999000Z</time>
      </trkpt>
      <trkpt lat="59.912586" lon="10.763717">
        <ele>19.6</ele>
        <time>2025-05-16T13:32:10.999000Z</time>
      </trkpt>
      <trkpt lat="59.91252" lon="10.763581">
        <ele>19.9</ele>
        <time>2025-05-16T13:32:28.999000Z</time>
      </trkpt>
      <trkpt lat="59.912623" lon="10.763151">
        <ele>20.5</ele>
        <time>2025-05-16T13:32:40.999000Z</time>
      </trkpt>
      <trkpt lat="59.912635" lon="10.762949">
        <ele>20.8</ele>
        <time>2025-05-16T13:32:45.999000Z</time>
      </trkpt>
      <trkpt lat="59.912682" lon="10.762741">
        <ele>21.0</ele>
        <time>2025-05-16T13:32:47.999000Z</time>
      </trkpt>
      <trkpt lat="59.912736" lon="10.762409">
        <ele>21.5</ele>
        <time>2025-05-16T13:33:00.999000Z</time>
      </trkpt>
      <trkpt lat="59.912797" lon="10.762256">
        <ele>21.7</ele>
        <time>2025-05-16T13:33:03.999000Z</time>
      </trkpt>
      <trkpt lat="59.912822" lon="10.762037">
        <ele>22.0</ele>
        <time>2025-05-16T13:33:08.999000Z</time>
      </trkpt>
      <trkpt lat="59.912862" lon="10.76185">
        <ele>22.2</ele>
        <time>2025-05-16T13:33:11.999000Z</time>
      </trkpt>
      <trkpt lat="59.912908" lon="10.761651">
        <ele>22.5</ele>
        <time>2025-05-16T13:33:15.999000Z</time>
      </trkpt>
      <trkpt lat="59.912935" lon="10.761441">
        <ele>22.8</ele>
        <time>2025-05-16T13:33:19.999000Z</time>
      </trkpt>
      <trkpt lat="59.912962" lon="10.761239">
        <ele>23.0</ele>
        <time>2025-05-16T13:33:23.999000Z</time>
      </trkpt>
      <trkpt lat="59.912999" lon="10.761001">
        <ele>23.3</ele>
        <time>2025-05-16T13:33:26.999000Z</time>
      </trkpt>
      <trkpt lat="59.913033" lon="10.760764">
        <ele>23.7</ele>
        <time>2025-05-16T13:33:29.999000Z</time>
      </trkpt>
      <trkpt lat="59.913061" lon="10.760566">
        <ele>23.9</ele>
        <time>2025-05-16T13:33:32.999000Z</time>
      </trkpt>
      <trkpt lat="59.913095" lon="10.760347">
        <ele>24.2</ele>
        <time>2025-05-16T13:33:35.999000Z</time>
      </trkpt>
      <trkpt lat="59.913114" lon="10.760087">
        <ele>24.7</ele>
        <time>2025-05-16T13:33:38.999000Z</time>
      </trkpt>
      <trkpt lat="59.913121" lon="10.759901">
        <ele>25.1</ele>
        <time>2025-05-16T13:33:40.999000Z</time>
      </trkpt>
      <trkpt lat="59.913145" lon="10.759726">
        <ele>25.5</ele>
        <time>2025-05-16T13:33:42.999000Z</time>
      </trkpt>
      <trkpt lat="59.91317" lon="10.759533">
        <ele>26.0</ele>
        <time>2025-05-16T13:33:44.999000Z</time>
      </trkpt>
      <trkpt lat="59.91323" lon="10.75934">
        <ele>26.5</ele>
        <time>2025-05-16T13:33:46.999000Z</time>
      </trkpt>
      <trkpt lat="59.913271" lon="10.759134">
        <ele>27.0</ele>
        <time>2025-05-16T13:33:48.999000Z</time>
      </trkpt>
      <trkpt lat="59.913278" lon="10.758932">
        <ele>27.4</ele>
        <time>2025-05-16T13:33:54.999000Z</time>
      </trkpt>
      <trkpt lat="59.913296" lon="10.758723">
        <ele>27.9</ele>
        <time>2025-05-16T13:33:56.999000Z</time>
      </trkpt>
      <trkpt lat="59.913351" lon="10.758512">
        <ele>28.4</ele>
        <time>2025-05-16T13:33:58.999000Z</time>
      </trkpt>
      <trkpt lat="59.913415" lon="10.758308">
        <ele>28.9</ele>
        <time>2025-05-16T13:34:01.999000Z</time>
      </trkpt>
      <trkpt lat="59.913457" lon="10.758089">
        <ele>29.4</ele>
        <time>2025-05-16T13:34:04.999000Z</time>
      </trkpt>
      <trkpt lat="59.913487" lon="10.757839">
        <ele>30.0</ele>
        <time>2025-05-16T13:34:07.999000Z</time>
      </trkpt>
      <trkpt lat="59.913538" lon="10.757611">
        <ele>30.5</ele>
        <time>2025-05-16T13:34:10.999000Z</time>
      </trkpt>
      <trkpt lat="59.913574" lon="10.757422">
        <ele>31.0</ele>
        <time>2025-05-16T13:34:13.999000Z</time>
      </trkpt>
      <trkpt lat="59.913631" lon="10.757234">
        <ele>31.4</ele>
        <time>2025-05-16T13:34:17.999000Z</time>
      </trkpt>
      <trkpt lat="59.913667" lon="10.75706">
        <ele>31.8</ele>
        <time>2025-05-16T13:34:25.999000Z</time>
      </trkpt>
      <trkpt lat="59.913704" lon="10.756891">
        <ele>32.9</ele>
        <time>2025-05-16T13:34:53Z</time>
      </trkpt>
      <trkpt lat="59.913706" lon="10.756669">
        <ele>34.8</ele>
        <time>2025-05-16T13:34:58Z</time>
      </trkpt>
      <trkpt lat="59.913716" lon="10.756475">
        <ele>36.4</ele>
        <time>2025-05-16T13:35:02Z</time>
      </trkpt>
      <trkpt lat="59.913713" lon="10.756255">
        <ele>38.3</ele>
        <time>2025-05-16T13:35:06Z</time>
      </trkpt>
      <trkpt lat="59.913721" lon="10.756045">
        <ele>40.1</ele>
        <time>2025-05-16T13:35:10Z</time>
      </trkpt>
      <trkpt lat="59.913715" lon="10.755808">
        <ele>42.1</ele>
        <time>2025-05-16T13:35:17Z</time>
      </trkpt>
      <trkpt lat="59.913676" lon="10.755586">
        <ele>44.1</ele>
        <time>2025-05-16T13:35:21Z</time>
      </trkpt>
      <trkpt lat="59.913636" lon="10.755386">
        <ele>46.0</ele>
        <time>2025-05-16T13:35:26Z</time>
      </trkpt>
      <trkpt lat="59.913609" lon="10.755167">
        <ele>47.9</ele>
        <time>2025-05-16T13:35:29Z</time>
      </trkpt>
      <trkpt lat="59.913574" lon="10.754957">
        <ele>49.8</ele>
        <time>2025-05-16T13:35:32Z</time>
      </trkpt>
      <trkpt lat="59.913537" lon="10.754725">
        <ele>51.9</ele>
        <time>2025-05-16T13:35:35Z</time>
      </trkpt>
      <trkpt lat="59.913519" lon="10.754514">
        <ele>53.7</ele>
        <time>2025-05-16T13:35:38Z</time>
      </trkpt>
      <trkpt lat="59.913454" lon="10.754364">
        <ele>55.4</ele>
        <time>2025-05-16T13:35:40Z</time>
      </trkpt>
      <trkpt lat="59.913434" lon="10.754175">
        <ele>57.0</ele>
        <time>2025-05-16T13:35:42Z</time>
      </trkpt>
      <trkpt lat="59.913406" lon="10.75399">
        <ele>58.7</ele>
        <time>2025-05-16T13:35:47Z</time>
      </trkpt>
      <trkpt lat="59.913338" lon="10.753531">
        <ele>62.6</ele>
        <time>2025-05-16T13:36:15Z</time>
      </trkpt>
      <trkpt lat="59.913306" lon="10.753332">
        <ele>62.9</ele>
        <time>2025-05-16T13:36:20Z</time>
      </trkpt>
      <trkpt lat="59.913266" lon="10.753115">
        <ele>63.1</ele>
        <time>2025-05-16T13:36:23Z</time>
      </trkpt>
      <trkpt lat="59.913227" lon="10.752922">
        <ele>63.3</ele>
        <time>2025-05-16T13:36:26Z</time>
      </trkpt>
      <trkpt lat="59.913189" lon="10.752749">
        <ele>63.5</ele>
        <time>2025-05-16T13:36:29Z</time>
      </trkpt>
      <trkpt lat="59.913138" lon="10.752529">
        <ele>63.8</ele>
        <time>2025-05-16T13:36:32Z</time>
      </trkpt>
      <trkpt lat="59.913096" lon="10.752347">
        <ele>64.0</ele>
        <time>2025-05-16T13:36:35Z</time>
      </trkpt>
      <trkpt lat="59.913052" lon="10.752159">
        <ele>64.2</ele>
        <time>2025-05-16T13:36:39Z</time>
      </trkpt>
      <trkpt lat="59.912993" lon="10.751967">
        <ele>64.5</ele>
        <time>2025-05-16T13:36:43Z</time>
      </trkpt>
      <trkpt lat="59.912953" lon="10.751794">
        <ele>64.7</ele>
        <time>2025-05-16T13:36:46Z</time>
      </trkpt>
      <trkpt lat="59.912916" lon="10.751606">
        <ele>64.9</ele>
        <time>2025-05-16T13:36:49.999000Z</time>
      </trkpt>
      <trkpt lat="59.912875" lon="10.751434">
        <ele>65.1</ele>
        <time>2025-05-16T13:37:00.999000Z</time>
      </trkpt>
      <trkpt lat="59.912831" lon="10.75125">
        <ele>65.3</ele>
        <time>2025-05-16T13:37:07.999000Z</time>
      </trkpt>
      <trkpt lat="59.912791" lon="10.751078">
        <ele>65.6</ele>
        <time>2025-05-16T13:37:11.999000Z</time>
      </trkpt>
      <trkpt lat="59.912751" lon="10.750908">
        <ele>65.8</ele>
        <time>2025-05-16T13:37:21.999000Z</time>
      </trkpt>
      <trkpt lat="59.912634" lon="10.751019">
        <ele>66.0</ele>
        <time>2025-05-16T13:37:22.999000Z</time>
      </trkpt>
      <trkpt lat="59.912541" lon="10.750938">
        <ele>66.3</ele>
        <time>2025-05-16T13:37:30.999000Z</time>
      </trkpt>
      <trkpt lat="59.91223" lon="10.751222">
        <ele>62.3</ele>
        <time>2025-05-16T13:38:14.999000Z</time>
      </trkpt>
      <trkpt lat="59.912144" lon="10.751117">
        <ele>60.5</ele>
        <time>2025-05-16T13:38:19.999000Z</time>
      </trkpt>
      <trkpt lat="59.912072" lon="10.750978">
        <ele>58.6</ele>
        <time>2025-05-16T13:38:23.999000Z</time>
      </trkpt>
      <trkpt lat="59.912164" lon="10.75049">
        <ele>53.8</ele>
        <time>2025-05-16T13:38:30.999000Z</time>
      </trkpt>
      <trkpt lat="59.912068" lon="10.750401">
        <ele>51.8</ele>
        <time>2025-05-16T13:38:35.999000Z</time>
      </trkpt>
      <trkpt lat="59.91198" lon="10.750322">
        <ele>50.0</ele>
        <time>2025-05-16T13:38:43.999000Z</time>
      </trkpt>
      <trkpt lat="59.911892" lon="10.750242">
        <ele>48.2</ele>
        <time>2025-05-16T13:38:56.999000Z</time>
      </trkpt>
      <trkpt lat="59.911807" lon="10.750163">
        <ele>46.5</ele>
        <time>2025-05-16T13:39:12Z</time>
      </trkpt>
      <trkpt lat="59.911724" lon="10.750085">
        <ele>44.8</ele>
        <time>2025-05-16T13:39:23Z</time>
      </trkpt>
      <trkpt lat="59.911577" lon="10.750397">
        <ele>40.8</ele>
        <time>2025-05-16T13:39:29Z</time>
      </trkpt>
      <trkpt lat="59.911512" lon="10.750554">
        <ele>38.9</ele>
        <time>2025-05-16T13:39:42Z</time>
      </trkpt>
      <trkpt lat="59.91147" lon="10.75072">
        <ele>37.2</ele>
        <time>2025-05-16T13:39:51Z</time>
      </trkpt>
      <trkpt lat="59.911418" lon="10.750881">
        <ele>35.4</ele>
        <time>2025-05-16T13:40:04Z</time>
      </trkpt>
      <trkpt lat="59.91146" lon="10.750714">
        <ele>33.7</ele>
        <time>2025-05-16T13:40:20Z</time>
      </trkpt>
      <trkpt lat="59.911341" lon="10.750881">
        <ele>33.7</ele>
        <time>2025-05-16T13:56:23.998000Z</time>
      </trkpt>
      <trkpt lat="59.911431" lon="10.750836">
        <ele>34.1</ele>
        <time>2025-05-16T13:56:42.998000Z</time>
      </trkpt>
      <trkpt lat="59.911501" lon="10.750708">
        <ele>34.6</ele>
        <time>2025-05-16T13:56:49.998000Z</time>
      </trkpt>
      <trkpt lat="59.911582" lon="10.750597">
        <ele>35.0</ele>
        <time>2025-05-16T13:56:57.998000Z</time>
      </trkpt>
      <trkpt lat="59.91167" lon="10.750654">
        <ele>35.4</ele>
        <time>2025-05-16T13:57:05.998000Z</time>
      </trkpt>
      <trkpt lat="59.911763" lon="10.75065">
        <ele>35.8</ele>
        <time>2025-05-16T13:57:14.997000Z</time>
      </trkpt>
      <trkpt lat="59.911856" lon="10.750645">
        <ele>36.2</ele>
        <time>2025-05-16T13:57:35.997000Z</time>
      </trkpt>
      <trkpt lat="59.911958" lon="10.750681">
        <ele>36.7</ele>
        <time>2025-05-16T13:57:46.997000Z</time>
      </trkpt>
      <trkpt lat="59.912082" lon="10.75057">
        <ele>37.3</ele>
        <time>2025-05-16T13:58:35.996000Z</time>
      </trkpt>
      <trkpt lat="59.91208" lon="10.750374">
        <ele>37.7</ele>
        <time>2025-05-16T13:58:44.997000Z</time>
      </trkpt>
      <trkpt lat="59.912066" lon="10.750194">
        <ele>38.2</ele>
        <time>2025-05-16T13:58:52.997000Z</time>
      </trkpt>
      <trkpt lat="59.9121" lon="10.750017">
        <ele>38.6</ele>
        <time>2025-05-16T13:59:05.997000Z</time>
      </trkpt>
      <trkpt lat="59.912138" lon="10.749839">
        <ele>39.0</ele>
        <time>2025-05-16T13:59:14.997000Z</time>
      </trkpt>
      <trkpt lat="59.912214" lon="10.749732">
        <ele>39.4</ele>
        <time>2025-05-16T13:59:21.996000Z</time>
      </trkpt>
      <trkpt lat="59.912277" lon="10.74958">
        <ele>39.9</ele>
        <time>2025-05-16T13:59:29.997000Z</time>
      </trkpt>
      <trkpt lat="59.912359" lon="10.749461">
        <ele>40.3</ele>
        <time>2025-05-16T13:59:35.997000Z</time>
      </trkpt>
      <trkpt lat="59.912453" lon="10.749368">
        <ele>40.8</ele>
        <time>2025-05-16T13:59:43.997000Z</time>
      </trkpt>
      <trkpt lat="59.912504" lon="10.749221">
        <ele>41.2</ele>
        <time>2025-05-16T13:59:54.997000Z</time>
      </trkpt>
      <trkpt lat="59.912555" lon="10.749059">
        <ele>41.5</ele>
        <time>2025-05-16T14:00:02.997000Z</time>
      </trkpt>
      <trkpt lat="59.912604" lon="10.748905">
        <ele>41.8</ele>
        <time>2025-05-16T14:00:10.997000Z</time>
      </trkpt>
      <trkpt lat="59.912592" lon="10.748712">
        <ele>42.2</ele>
        <time>2025-05-16T14:00:20.997000Z</time>
      </trkpt>
      <trkpt lat="59.912579" lon="10.748518">
        <ele>42.5</ele>
        <time>2025-05-16T14:00:30.997000Z</time>
      </trkpt>
      <trkpt lat="59.912539" lon="10.748355">
        <ele>42.8</ele>
        <time>2025-05-16T14:00:41.997000Z</time>
      </trkpt>
      <trkpt lat="59.912444" lon="10.748306">
        <ele>43.2</ele>
        <time>2025-05-16T14:00:48.997000Z</time>
      </trkpt>
      <trkpt lat="59.912541" lon="10.748278">
        <ele>43.5</ele>
        <time>2025-05-16T14:01:23.996000Z</time>
      </trkpt>
      <trkpt lat="59.912641" lon="10.748264">
        <ele>43.8</ele>
        <time>2025-05-16T14:01:27.996000Z</time>
      </trkpt>
      <trkpt lat="59.912741" lon="10.748205">
        <ele>44.2</ele>
        <time>2025-05-16T14:01:31.996000Z</time>
      </trkpt>
      <trkpt lat="59.91285" lon="10.748136">
        <ele>44.6</ele>
        <time>2025-05-16T14:01:35.996000Z</time>
      </trkpt>
      <trkpt lat="59.912931" lon="10.748029">
        <ele>44.9</ele>
        <time>2025-05-16T14:01:41.996000Z</time>
      </trkpt>
      <trkpt lat="59.913017" lon="10.747958">
        <ele>45.3</ele>
        <time>2025-05-16T14:01:54.996000Z</time>
      </trkpt>
      <trkpt lat="59.913028" lon="10.747769">
        <ele>45.6</ele>
        <time>2025-05-16T14:02:04.996000Z</time>
      </trkpt>
      <trkpt lat="59.913012" lon="10.747549">
        <ele>46.0</ele>
        <time>2025-05-16T14:02:11.996000Z</time>
      </trkpt>
      <trkpt lat="59.913023" lon="10.747353">
        <ele>46.3</ele>
        <time>2025-05-16T14:02:15.996000Z</time>
      </trkpt>
      <trkpt lat="59.913057" lon="10.747172">
        <ele>46.6</ele>
        <time>2025-05-16T14:02:20.996000Z</time>
      </trkpt>
      <trkpt lat="59.912983" lon="10.747065">
        <ele>47.0</ele>
        <time>2025-05-16T14:02:37.996000Z</time>
      </trkpt>
      <trkpt lat="59.913005" lon="10.74688">
        <ele>47.3</ele>
        <time>2025-05-16T14:02:45.996000Z</time>
      </trkpt>
      <trkpt lat="59.913035" lon="10.746701">
        <ele>46.8</ele>
        <time>2025-05-16T14:02:49.996000Z</time>
      </trkpt>
      <trkpt lat="59.913037" lon="10.746517">
        <ele>45.9</ele>
        <time>2025-05-16T14:02:56.996000Z</time>
      </trkpt>
      <trkpt lat="59.913001" lon="10.746316">
        <ele>44.9</ele>
        <time>2025-05-16T14:03:01.996000Z</time>
      </trkpt>
      <trkpt lat="59.912915" lon="10.746206">
        <ele>43.9</ele>
        <time>2025-05-16T14:03:09.996000Z</time>
      </trkpt>
      <trkpt lat="59.912821" lon="10.746193">
        <ele>43.0</ele>
        <time>2025-05-16T14:03:18.996000Z</time>
      </trkpt>
      <trkpt lat="59.912736" lon="10.746062">
        <ele>41.9</ele>
        <time>2025-05-16T14:03:27.996000Z</time>
      </trkpt>
      <trkpt lat="59.912647" lon="10.746013">
        <ele>41.0</ele>
        <time>2025-05-16T14:03:31.995000Z</time>
      </trkpt>
      <trkpt lat="59.912555" lon="10.745941">
        <ele>40.0</ele>
        <time>2025-05-16T14:03:35.995000Z</time>
      </trkpt>
      <trkpt lat="59.912472" lon="10.745839">
        <ele>39.1</ele>
        <time>2025-05-16T14:03:40.995000Z</time>
      </trkpt>
      <trkpt lat="59.912376" lon="10.745736">
        <ele>38.0</ele>
        <time>2025-05-16T14:03:46.995000Z</time>
      </trkpt>
      <trkpt lat="59.912285" lon="10.745695">
        <ele>37.1</ele>
        <time>2025-05-16T14:03:50.995000Z</time>
      </trkpt>
      <trkpt lat="59.912251" lon="10.745528">
        <ele>36.2</ele>
        <time>2025-05-16T14:03:58.995000Z</time>
      </trkpt>
      <trkpt lat="59.912247" lon="10.745323">
        <ele>35.2</ele>
        <time>2025-05-16T14:04:04.995000Z</time>
      </trkpt>
      <trkpt lat="59.91225" lon="10.745108">
        <ele>34.2</ele>
        <time>2025-05-16T14:04:10.995000Z</time>
      </trkpt>
      <trkpt lat="59.912251" lon="10.744914">
        <ele>33.2</ele>
        <time>2025-05-16T14:04:16.995000Z</time>
      </trkpt>
      <trkpt lat="59.912296" lon="10.744757">
        <ele>32.3</ele>
        <time>2025-05-16T14:04:20.995000Z</time>
      </trkpt>
      <trkpt lat="59.91235" lon="10.744591">
        <ele>31.4</ele>
        <time>2025-05-16T14:04:26.995000Z</time>
      </trkpt>
      <trkpt lat="59.912417" lon="10.74444">
        <ele>30.4</ele>
        <time>2025-05-16T14:04:33.995000Z</time>
      </trkpt>
      <trkpt lat="59.91246" lon="10.744262">
        <ele>29.8</ele>
        <time>2025-05-16T14:04:37.995000Z</time>
      </trkpt>
      <trkpt lat="59.912517" lon="10.74411">
        <ele>29.8</ele>
        <time>2025-05-16T14:04:43.995000Z</time>
      </trkpt>
      <trkpt lat="59.912569" lon="10.743949">
        <ele>29.8</ele>
        <time>2025-05-16T14:04:48.995000Z</time>
      </trkpt>
      <trkpt lat="59.912614" lon="10.743787">
        <ele>29.9</ele>
        <time>2025-05-16T14:04:52.995000Z</time>
      </trkpt>
      <trkpt lat="59.912646" lon="10.743587">
        <ele>29.9</ele>
        <time>2025-05-16T14:04:58.995000Z</time>
      </trkpt>
      <trkpt lat="59.912687" lon="10.743404">
        <ele>29.9</ele>
        <time>2025-05-16T14:05:06.995000Z</time>
      </trkpt>
      <trkpt lat="59.912705" lon="10.743199">
        <ele>29.9</ele>
        <time>2025-05-16T14:05:15.995000Z</time>
      </trkpt>
      <trkpt lat="59.912559" lon="10.742881">
        <ele>29.9</ele>
        <time>2025-05-16T14:06:29.996000Z</time>
      </trkpt>
      <trkpt lat="59.91247" lon="10.742842">
        <ele>30.0</ele>
        <time>2025-05-16T14:06:34.996000Z</time>
      </trkpt>
      <trkpt lat="59.912368" lon="10.742789">
        <ele>30.0</ele>
        <time>2025-05-16T14:06:38.996000Z</time>
      </trkpt>
      <trkpt lat="59.912286" lon="10.742702">
        <ele>30.0</ele>
        <time>2025-05-16T14:06:42.996000Z</time>
      </trkpt>
      <trkpt lat="59.912196" lon="10.742667">
        <ele>30.0</ele>
        <time>2025-05-16T14:06:47.996000Z</time>
      </trkpt>
      <trkpt lat="59.912103" lon="10.742629">
        <ele>30.0</ele>
        <time>2025-05-16T14:06:52.996000Z</time>
      </trkpt>
      <trkpt lat="59.912004" lon="10.742581">
        <ele>30.0</ele>
        <time>2025-05-16T14:06:57.996000Z</time>
      </trkpt>
      <trkpt lat="59.911847" lon="10.742488">
        <ele>30.1</ele>
        <time>2025-05-16T14:08:17.995000Z</time>
      </trkpt>
      <trkpt lat="59.911801" lon="10.742297">
        <ele>30.1</ele>
        <time>2025-05-16T14:08:29.995000Z</time>
      </trkpt>
      <trkpt lat="59.911821" lon="10.742097">
        <ele>30.1</ele>
        <time>2025-05-16T14:08:37.995000Z</time>
      </trkpt>
      <trkpt lat="59.911819" lon="10.741907">
        <ele>30.0</ele>
        <time>2025-05-16T14:08:55.995000Z</time>
      </trkpt>
      <trkpt lat="59.911875" lon="10.741723">
        <ele>29.9</ele>
        <time>2025-05-16T14:09:01.995000Z</time>
      </trkpt>
      <trkpt lat="59.911899" lon="10.741539">
        <ele>29.8</ele>
        <time>2025-05-16T14:09:06.995000Z</time>
      </trkpt>
      <trkpt lat="59.911899" lon="10.741342">
        <ele>29.7</ele>
        <time>2025-05-16T14:09:10.995000Z</time>
      </trkpt>
      <trkpt lat="59.91194" lon="10.741178">
        <ele>29.6</ele>
        <time>2025-05-16T14:09:14.995000Z</time>
      </trkpt>
      <trkpt lat="59.911987" lon="10.741007">
        <ele>29.5</ele>
        <time>2025-05-16T14:09:18.995000Z</time>
      </trkpt>
      <trkpt lat="59.912022" lon="10.74079">
        <ele>29.3</ele>
        <time>2025-05-16T14:09:22.995000Z</time>
      </trkpt>
      <trkpt lat="59.91206" lon="10.740622">
        <ele>29.2</ele>
        <time>2025-05-16T14:09:25.995000Z</time>
      </trkpt>
      <trkpt lat="59.912092" lon="10.740435">
        <ele>29.1</ele>
        <time>2025-05-16T14:09:28.995000Z</time>
      </trkpt>
      <trkpt lat="59.912153" lon="10.740302">
        <ele>29.0</ele>
        <time>2025-05-16T14:09:31.995000Z</time>
      </trkpt>
      <trkpt lat="59.912235" lon="10.740147">
        <ele>28.9</ele>
        <time>2025-05-16T14:09:35.995000Z</time>
      </trkpt>
      <trkpt lat="59.912324" lon="10.740005">
        <ele>28.8</ele>
        <time>2025-05-16T14:09:40.995000Z</time>
      </trkpt>
      <trkpt lat="59.912396" lon="10.739861">
        <ele>28.7</ele>
        <time>2025-05-16T14:09:43.995000Z</time>
      </trkpt>
      <trkpt lat="59.9125" lon="10.739712">
        <ele>28.5</ele>
        <time>2025-05-16T14:09:46.995000Z</time>
      </trkpt>
      <trkpt lat="59.912602" lon="10.739637">
        <ele>28.4</ele>
        <time>2025-05-16T14:09:48.995000Z</time>
      </trkpt>
      <trkpt lat="59.91266" lon="10.739497">
        <ele>28.3</ele>
        <time>2025-05-16T14:09:50.996000Z</time>
      </trkpt>
      <trkpt lat="59.912706" lon="10.739269">
        <ele>28.2</ele>
        <time>2025-05-16T14:09:53.995000Z</time>
      </trkpt>
      <trkpt lat="59.912746" lon="10.739095">
        <ele>28.1</ele>
        <time>2025-05-16T14:09:56.995000Z</time>
      </trkpt>
      <trkpt lat="59.912803" lon="10.738919">
        <ele>27.9</ele>
        <time>2025-05-16T14:10:00.995000Z</time>
      </trkpt>
      <trkpt lat="59.912876" lon="10.738813">
        <ele>27.7</ele>
        <time>2025-05-16T14:10:03.995000Z</time>
      </trkpt>
      <trkpt lat="59.912965" lon="10.738893">
        <ele>27.6</ele>
        <time>2025-05-16T14:10:07.995000Z</time>
      </trkpt>
      <trkpt lat="59.913054" lon="10.738931">
        <ele>27.4</ele>
        <time>2025-05-16T14:10:10.995000Z</time>
      </trkpt>
      <trkpt lat="59.913146" lon="10.738952">
        <ele>27.3</ele>
        <time>2025-05-16T14:10:13.995000Z</time>
      </trkpt>
      <trkpt lat="59.913251" lon="10.738897">
        <ele>27.1</ele>
        <time>2025-05-16T14:10:17.995000Z</time>
      </trkpt>
      <trkpt lat="59.913317" lon="10.738772">
        <ele>26.9</ele>
        <time>2025-05-16T14:10:22.995000Z</time>
      </trkpt>
      <trkpt lat="59.913268" lon="10.738131">
        <ele>26.4</ele>
        <time>2025-05-16T14:17:51.995000Z</time>
      </trkpt>
      <trkpt lat="59.913189" lon="10.738006">
        <ele>26.2</ele>
        <time>2025-05-16T14:18:11.995000Z</time>
      </trkpt>
      <trkpt lat="59.913095" lon="10.737966">
        <ele>26.1</ele>
        <time>2025-05-16T14:18:15.995000Z</time>
      </trkpt>
      <trkpt lat="59.912988" lon="10.737881">
        <ele>25.9</ele>
        <time>2025-05-16T14:18:19.994000Z</time>
      </trkpt>
      <trkpt lat="59.912886" lon="10.737709">
        <ele>25.6</ele>
        <time>2025-05-16T14:18:22.994000Z</time>
      </trkpt>
      <trkpt lat="59.912811" lon="10.737591">
        <ele>25.5</ele>
        <time>2025-05-16T14:18:25.994000Z</time>
      </trkpt>
      <trkpt lat="59.912688" lon="10.737497">
        <ele>25.3</ele>
        <time>2025-05-16T14:18:29.994000Z</time>
      </trkpt>
      <trkpt lat="59.912602" lon="10.737408">
        <ele>25.5</ele>
        <time>2025-05-16T14:18:31.994000Z</time>
      </trkpt>
      <trkpt lat="59.912564" lon="10.737164">
        <ele>26.6</ele>
        <time>2025-05-16T14:18:34.994000Z</time>
      </trkpt>
      <trkpt lat="59.912495" lon="10.737026">
        <ele>27.5</ele>
        <time>2025-05-16T14:18:36.994000Z</time>
      </trkpt>
      <trkpt lat="59.912407" lon="10.736969">
        <ele>28.3</ele>
        <time>2025-05-16T14:18:38.994000Z</time>
      </trkpt>
      <trkpt lat="59.912314" lon="10.73681">
        <ele>29.4</ele>
        <time>2025-05-16T14:18:41.994000Z</time>
      </trkpt>
      <trkpt lat="59.912246" lon="10.736688">
        <ele>30.2</ele>
        <time>2025-05-16T14:18:43.994000Z</time>
      </trkpt>
      <trkpt lat="59.912167" lon="10.736596">
        <ele>31.0</ele>
        <time>2025-05-16T14:18:45.994000Z</time>
      </trkpt>
      <trkpt lat="59.912069" lon="10.73644">
        <ele>32.1</ele>
        <time>2025-05-16T14:18:48.994000Z</time>
      </trkpt>
      <trkpt lat="59.911973" lon="10.73636">
        <ele>33.1</ele>
        <time>2025-05-16T14:18:50.994000Z</time>
      </trkpt>
      <trkpt lat="59.911906" lon="10.736212">
        <ele>34.0</ele>
        <time>2025-05-16T14:18:53.994000Z</time>
      </trkpt>
      <trkpt lat="59.911793" lon="10.736149">
        <ele>35.0</ele>
        <time>2025-05-16T14:18:56.994000Z</time>
      </trkpt>
      <trkpt lat="59.911705" lon="10.736107">
        <ele>35.8</ele>
        <time>2025-05-16T14:18:58.994000Z</time>
      </trkpt>
      <trkpt lat="59.911585" lon="10.73608">
        <ele>36.9</ele>
        <time>2025-05-16T14:19:01.994000Z</time>
      </trkpt>
      <trkpt lat="59.911465" lon="10.73606">
        <ele>37.9</ele>
        <time>2025-05-16T14:19:03.994000Z</time>
      </trkpt>
      <trkpt lat="59.911363" lon="10.735975">
        <ele>38.9</ele>
        <time>2025-05-16T14:19:06.994000Z</time>
      </trkpt>
      <trkpt lat="59.911286" lon="10.735879">
        <ele>39.7</ele>
        <time>2025-05-16T14:19:09.994000Z</time>
      </trkpt>
      <trkpt lat="59.911208" lon="10.735766">
        <ele>40.6</ele>
        <time>2025-05-16T14:19:12.994000Z</time>
      </trkpt>
      <trkpt lat="59.911196" lon="10.735571">
        <ele>40.6</ele>
        <time>2025-05-16T14:19:21.994000Z</time>
      </trkpt>
      <trkpt lat="59.91122" lon="10.735396">
        <ele>39.3</ele>
        <time>2025-05-16T14:19:25.994000Z</time>
      </trkpt>
      <trkpt lat="59.91125" lon="10.735189">
        <ele>37.7</ele>
        <time>2025-05-16T14:19:29.994000Z</time>
      </trkpt>
      <trkpt lat="59.911281" lon="10.735">
        <ele>36.2</ele>
        <time>2025-05-16T14:19:32.994000Z</time>
      </trkpt>
      <trkpt lat="59.911321" lon="10.734771">
        <ele>34.4</ele>
        <time>2025-05-16T14:19:35.994000Z</time>
      </trkpt>
      <trkpt lat="59.911352" lon="10.734579">
        <ele>32.8</ele>
        <time>2025-05-16T14:19:37.994000Z</time>
      </trkpt>
      <trkpt lat="59.911393" lon="10.734327">
        <ele>30.9</ele>
        <time>2025-05-16T14:19:40.994000Z</time>
      </trkpt>
      <trkpt lat="59.911439" lon="10.734112">
        <ele>29.1</ele>
        <time>2025-05-16T14:19:43.994000Z</time>
      </trkpt>
      <trkpt lat="59.911468" lon="10.733933">
        <ele>27.7</ele>
        <time>2025-05-16T14:19:45.994000Z</time>
      </trkpt>
      <trkpt lat="59.911512" lon="10.733709">
        <ele>25.9</ele>
        <time>2025-05-16T14:19:48.994000Z</time>
      </trkpt>
      <trkpt lat="59.91154" lon="10.733504">
        <ele>24.3</ele>
        <time>2025-05-16T14:19:51.994000Z</time>
      </trkpt>
      <trkpt lat="59.911593" lon="10.733322">
        <ele>22.7</ele>
        <time>2025-05-16T14:19:55.994000Z</time>
      </trkpt>
      <trkpt lat="59.911644" lon="10.733131">
        <ele>21.1</ele>
        <time>2025-05-16T14:20:00.994000Z</time>
      </trkpt>
      <trkpt lat="59.911691" lon="10.732936">
        <ele>19.5</ele>
        <time>2025-05-16T14:20:05.994000Z</time>
      </trkpt>
      <trkpt lat="59.91173" lon="10.732598">
        <ele>16.9</ele>
        <time>2025-05-16T14:23:42.991000Z</time>
      </trkpt>
      <trkpt lat="59.911766" lon="10.732426">
        <ele>15.5</ele>
        <time>2025-05-16T14:23:47.991000Z</time>
      </trkpt>
      <trkpt lat="59.911813" lon="10.732252">
        <ele>14.3</ele>
        <time>2025-05-16T14:23:52.991000Z</time>
      </trkpt>
      <trkpt lat="59.911839" lon="10.732061">
        <ele>14.1</ele>
        <time>2025-05-16T14:23:58.991000Z</time>
      </trkpt>
      <trkpt lat="59.911848" lon="10.731873">
        <ele>13.9</ele>
        <time>2025-05-16T14:24:03.991000Z</time>
      </trkpt>
      <trkpt lat="59.91181" lon="10.731704">
        <ele>13.7</ele>
        <time>2025-05-16T14:24:10.991000Z</time>
      </trkpt>
      <trkpt lat="59.911759" lon="10.731548">
        <ele>13.6</ele>
        <time>2025-05-16T14:24:15.991000Z</time>
      </trkpt>
      <trkpt lat="59.911708" lon="10.731371">
        <ele>13.4</ele>
        <time>2025-05-16T14:24:20.991000Z</time>
      </trkpt>
      <trkpt lat="59.911642" lon="10.731219">
        <ele>13.2</ele>
        <time>2025-05-16T14:24:25.991000Z</time>
      </trkpt>
      <trkpt lat="59.911581" lon="10.731075">
        <ele>13.0</ele>
        <time>2025-05-16T14:24:31.991000Z</time>
      </trkpt>
      <trkpt lat="59.911324" lon="10.730712">
        <ele>12.4</ele>
        <time>2025-05-16T14:28:11.991000Z</time>
      </trkpt>
      <trkpt lat="59.911229" lon="10.730693">
        <ele>12.2</ele>
        <time>2025-05-16T14:28:19.991000Z</time>
      </trkpt>
      <trkpt lat="59.911151" lon="10.73059">
        <ele>12.0</ele>
        <time>2025-05-16T14:28:24.991000Z</time>
      </trkpt>
      <trkpt lat="59.91109" lon="10.730422">
        <ele>11.8</ele>
        <time>2025-05-16T14:28:28.991000Z</time>
      </trkpt>
      <trkpt lat="59.911028" lon="10.730285">
        <ele>11.7</ele>
        <time>2025-05-16T14:28:34.991000Z</time>
      </trkpt>
      <trkpt lat="59.910854" lon="10.729906">
        <ele>11.2</ele>
        <time>2025-05-16T14:29:19.990000Z</time>
      </trkpt>
      <trkpt lat="59.91079" lon="10.72975">
        <ele>11.0</ele>
        <time>2025-05-16T14:29:24.990000Z</time>
      </trkpt>
      <trkpt lat="59.910719" lon="10.729619">
        <ele>12.0</ele>
        <time>2025-05-16T14:29:28.990000Z</time>
      </trkpt>
      <trkpt lat="59.910512" lon="10.729437">
        <ele>16.5</ele>
        <time>2025-05-16T14:30:15.990000Z</time>
      </trkpt>
      <trkpt lat="59.910431" lon="10.729358">
        <ele>18.3</ele>
        <time>2025-05-16T14:30:23.990000Z</time>
      </trkpt>
      <trkpt lat="59.91068" lon="10.729124">
        <ele>23.8</ele>
        <time>2025-05-16T14:35:55.933000Z</time>
      </trkpt>
      <trkpt lat="59.910687" lon="10.728934">
        <ele>25.7</ele>
        <time>2025-05-16T14:36:05.933000Z</time>
      </trkpt>
      <trkpt lat="59.910725" lon="10.728752">
        <ele>27.7</ele>
        <time>2025-05-16T14:36:15.932000Z</time>
      </trkpt>
      <trkpt lat="59.910765" lon="10.728584">
        <ele>29.6</ele>
        <time>2025-05-16T14:36:20.932000Z</time>
      </trkpt>
      <trkpt lat="59.910804" lon="10.728368">
        <ele>31.9</ele>
        <time>2025-05-16T14:36:25.932000Z</time>
      </trkpt>
      <trkpt lat="59.910779" lon="10.728182">
        <ele>33.8</ele>
        <time>2025-05-16T14:36:28.932000Z</time>
      </trkpt>
      <trkpt lat="59.910772" lon="10.727993">
        <ele>35.7</ele>
        <time>2025-05-16T14:36:31.932000Z</time>
      </trkpt>
      <trkpt lat="59.910759" lon="10.727747">
        <ele>38.2</ele>
        <time>2025-05-16T14:36:35.932000Z</time>
      </trkpt>
      <trkpt lat="59.910801" lon="10.727517">
        <ele>40.7</ele>
        <time>2025-05-16T14:36:38.932000Z</time>
      </trkpt>
      <trkpt lat="59.910874" lon="10.727323">
        <ele>43.1</ele>
        <time>2025-05-16T14:36:41.932000Z</time>
      </trkpt>
      <trkpt lat="59.910947" lon="10.727136">
        <ele>45.5</ele>
        <time>2025-05-16T14:36:45.932000Z</time>
      </trkpt>
      <trkpt lat="59.91102" lon="10.726943">
        <ele>47.4</ele>
        <time>2025-05-16T14:36:49.932000Z</time>
      </trkpt>
      <trkpt lat="59.911064" lon="10.726723">
        <ele>48.6</ele>
        <time>2025-05-16T14:36:53.932000Z</time>
      </trkpt>
      <trkpt lat="59.911069" lon="10.724877">
        <ele>57.6</ele>
        <time>2025-05-16T14:37:56.931000Z</time>
      </trkpt>
      <trkpt lat="59.911072" lon="10.72429">
        <ele>60.5</ele>
        <time>2025-05-16T14:38:05.931000Z</time>
      </trkpt>
      <trkpt lat="59.911051" lon="10.724109">
        <ele>61.4</ele>
        <time>2025-05-16T14:38:09.931000Z</time>
      </trkpt>
      <trkpt lat="59.911028" lon="10.723928">
        <ele>62.3</ele>
        <time>2025-05-16T14:38:15.931000Z</time>
      </trkpt>
      <trkpt lat="59.910937" lon="10.72388">
        <ele>63.3</ele>
        <time>2025-05-16T14:38:22.931000Z</time>
      </trkpt>
      <trkpt lat="59.910844" lon="10.72392">
        <ele>64.2</ele>
        <time>2025-05-16T14:38:34.930000Z</time>
      </trkpt>
      <trkpt lat="59.910753" lon="10.723862">
        <ele>64.4</ele>
        <time>2025-05-16T14:38:42.930000Z</time>
      </trkpt>
      <trkpt lat="59.910658" lon="10.723817">
        <ele>64.1</ele>
        <time>2025-05-16T14:38:47.930000Z</time>
      </trkpt>
      <trkpt lat="59.91055" lon="10.723744">
        <ele>63.8</ele>
        <time>2025-05-16T14:38:51.930000Z</time>
      </trkpt>
      <trkpt lat="59.910465" lon="10.723626">
        <ele>63.5</ele>
        <time>2025-05-16T14:38:55.930000Z</time>
      </trkpt>
      <trkpt lat="59.910387" lon="10.723476">
        <ele>63.1</ele>
        <time>2025-05-16T14:39:01.930000Z</time>
      </trkpt>
      <trkpt lat="59.910313" lon="10.723371">
        <ele>62.9</ele>
        <time>2025-05-16T14:39:07.930000Z</time>
      </trkpt>
      <trkpt lat="59.910152" lon="10.723517">
        <ele>62.4</ele>
        <time>2025-05-16T14:39:23.929000Z</time>
      </trkpt>
      <trkpt lat="59.910065" lon="10.723563">
        <ele>62.1</ele>
        <time>2025-05-16T14:39:29.929000Z</time>
      </trkpt>
      <trkpt lat="59.909495" lon="10.723662">
        <ele>60.5</ele>
        <time>2025-05-16T14:59:17.909000Z</time>
      </trkpt>
      <trkpt lat="59.909417" lon="10.722667">
        <ele>59.0</ele>
        <time>2025-05-16T15:00:28.907000Z</time>
      </trkpt>
      <trkpt lat="59.909362" lon="10.723124">
        <ele>58.4</ele>
        <time>2025-05-16T15:02:30.906000Z</time>
      </trkpt>
      <trkpt lat="59.909462" lon="10.723213">
        <ele>58.1</ele>
        <time>2025-05-16T15:02:33.906000Z</time>
      </trkpt>
      <trkpt lat="59.909573" lon="10.723277">
        <ele>57.7</ele>
        <time>2025-05-16T15:02:37.905000Z</time>
      </trkpt>
      <trkpt lat="59.909643" lon="10.723434">
        <ele>57.5</ele>
        <time>2025-05-16T15:02:42.905000Z</time>
      </trkpt>
      <trkpt lat="59.909737" lon="10.72353">
        <ele>57.2</ele>
        <time>2025-05-16T15:02:47.905000Z</time>
      </trkpt>
      <trkpt lat="59.909828" lon="10.72353">
        <ele>56.9</ele>
        <time>2025-05-16T15:02:50.905000Z</time>
      </trkpt>
      <trkpt lat="59.909921" lon="10.723548">
        <ele>56.7</ele>
        <time>2025-05-16T15:03:09.905000Z</time>
      </trkpt>
      <trkpt lat="59.909806" lon="10.723555">
        <ele>56.3</ele>
        <time>2025-05-16T15:03:21.905000Z</time>
      </trkpt>
      <trkpt lat="59.909694" lon="10.723536">
        <ele>56.0</ele>
        <time>2025-05-16T15:03:25.905000Z</time>
      </trkpt>
      <trkpt lat="59.909596" lon="10.723577">
        <ele>55.8</ele>
        <time>2025-05-16T15:03:28.905000Z</time>
      </trkpt>
      <trkpt lat="59.909503" lon="10.723506">
        <ele>55.5</ele>
        <time>2025-05-16T15:03:35.905000Z</time>
      </trkpt>
      <trkpt lat="59.909435" lon="10.72337">
        <ele>55.2</ele>
        <time>2025-05-16T15:03:42.904000Z</time>
      </trkpt>
      <trkpt lat="59.908808" lon="10.723836">
        <ele>45.9</ele>
        <time>2025-05-16T15:04:38.903000Z</time>
      </trkpt>
      <trkpt lat="59.908715" lon="10.723948">
        <ele>43.4</ele>
        <time>2025-05-16T15:04:42.903000Z</time>
      </trkpt>
      <trkpt lat="59.908623" lon="10.724067">
        <ele>40.9</ele>
        <time>2025-05-16T15:04:46.903000Z</time>
      </trkpt>
      <trkpt lat="59.90853" lon="10.724143">
        <ele>38.6</ele>
        <time>2025-05-16T15:04:50.903000Z</time>
      </trkpt>
      <trkpt lat="59.908435" lon="10.724221">
        <ele>36.2</ele>
        <time>2025-05-16T15:04:55.903000Z</time>
      </trkpt>
      <trkpt lat="59.908343" lon="10.724182">
        <ele>34.1</ele>
        <time>2025-05-16T15:04:58.903000Z</time>
      </trkpt>
      <trkpt lat="59.908244" lon="10.724147">
        <ele>31.8</ele>
        <time>2025-05-16T15:05:04.903000Z</time>
      </trkpt>
      <trkpt lat="59.908178" lon="10.724018">
        <ele>29.6</ele>
        <time>2025-05-16T15:05:13.902000Z</time>
      </trkpt>
      <trkpt lat="59.908122" lon="10.723866">
        <ele>27.5</ele>
        <time>2025-05-16T15:05:19.902000Z</time>
      </trkpt>
      <trkpt lat="59.908027" lon="10.723839">
        <ele>25.3</ele>
        <time>2025-05-16T15:05:23.902000Z</time>
      </trkpt>
      <trkpt lat="59.907936" lon="10.723785">
        <ele>23.1</ele>
        <time>2025-05-16T15:05:28.902000Z</time>
      </trkpt>
      <trkpt lat="59.908309" lon="10.724138">
        <ele>13.6</ele>
        <time>2025-05-16T15:11:26.893000Z</time>
      </trkpt>
      <trkpt lat="59.908357" lon="10.724292">
        <ele>12.9</ele>
        <time>2025-05-16T15:11:31.893000Z</time>
      </trkpt>
      <trkpt lat="59.908394" lon="10.724477">
        <ele>12.6</ele>
        <time>2025-05-16T15:11:35.893000Z</time>
      </trkpt>
      <trkpt lat="59.908473" lon="10.724564">
        <ele>12.4</ele>
        <time>2025-05-16T15:11:40.893000Z</time>
      </trkpt>
      <trkpt lat="59.908543" lon="10.724692">
        <ele>12.1</ele>
        <time>2025-05-16T15:11:44.893000Z</time>
      </trkpt>
      <trkpt lat="59.908628" lon="10.72477">
        <ele>11.9</ele>
        <time>2025-05-16T15:11:49.893000Z</time>
      </trkpt>
      <trkpt lat="59.908675" lon="10.724948">
        <ele>11.6</ele>
        <time>2025-05-16T15:12:04.892000Z</time>
      </trkpt>
      <trkpt lat="59.908742" lon="10.725078">
        <ele>11.4</ele>
        <time>2025-05-16T15:12:11.892000Z</time>
      </trkpt>
      <trkpt lat="59.908842" lon="10.725135">
        <ele>11.1</ele>
        <time>2025-05-16T15:14:47.889000Z</time>
      </trkpt>
      <trkpt lat="59.908879" lon="10.725334">
        <ele>10.8</ele>
        <time>2025-05-16T15:14:54.889000Z</time>
      </trkpt>
      <trkpt lat="59.908956" lon="10.725461">
        <ele>10.5</ele>
        <time>2025-05-16T15:14:59.889000Z</time>
      </trkpt>
      <trkpt lat="59.909028" lon="10.725595">
        <ele>10.3</ele>
        <time>2025-05-16T15:15:04.889000Z</time>
      </trkpt>
      <trkpt lat="59.909051" lon="10.725776">
        <ele>10.0</ele>
        <time>2025-05-16T15:15:11.889000Z</time>
      </trkpt>
      <trkpt lat="59.909135" lon="10.725866">
        <ele>9.8</ele>
        <time>2025-05-16T15:15:15.889000Z</time>
      </trkpt>
      <trkpt lat="59.909214" lon="10.725979">
        <ele>9.5</ele>
        <time>2025-05-16T15:15:26.889000Z</time>
      </trkpt>
      <trkpt lat="59.909384" lon="10.726508">
        <ele>8.6</ele>
        <time>2025-05-16T15:16:48.887000Z</time>
      </trkpt>
      <trkpt lat="59.909543" lon="10.726791">
        <ele>8.2</ele>
        <time>2025-05-16T15:17:35.886000Z</time>
      </trkpt>
      <trkpt lat="59.909634" lon="10.726915">
        <ele>8.2</ele>
        <time>2025-05-16T15:17:46.886000Z</time>
      </trkpt>
      <trkpt lat="59.90972" lon="10.72704">
        <ele>8.1</ele>
        <time>2025-05-16T15:17:51.886000Z</time>
      </trkpt>
      <trkpt lat="59.909776" lon="10.727215">
        <ele>8.1</ele>
        <time>2025-05-16T15:17:55.886000Z</time>
      </trkpt>
      <trkpt lat="59.909839" lon="10.727382">
        <ele>8.0</ele>
        <time>2025-05-16T15:18:00.886000Z</time>
      </trkpt>
      <trkpt lat="59.910102" lon="10.72802">
        <ele>7.9</ele>
        <time>2025-05-16T15:18:45.885000Z</time>
      </trkpt>
      <trkpt lat="59.910185" lon="10.728122">
        <ele>7.8</ele>
        <time>2025-05-16T15:18:50.885000Z</time>
      </trkpt>
      <trkpt lat="59.910255" lon="10.728299">
        <ele>7.8</ele>
        <time>2025-05-16T15:18:56.885000Z</time>
      </trkpt>
      <trkpt lat="59.910302" lon="10.72847">
        <ele>7.8</ele>
        <time>2025-05-16T15:19:00.885000Z</time>
      </trkpt>
      <trkpt lat="59.910369" lon="10.728652">
        <ele>7.7</ele>
        <time>2025-05-16T15:19:04.885000Z</time>
      </trkpt>
      <trkpt lat="59.910443" lon="10.728785">
        <ele>7.7</ele>
        <time>2025-05-16T15:19:12.884000Z</time>
      </trkpt>
      <trkpt lat="59.910523" lon="10.728875">
        <ele>7.6</ele>
        <time>2025-05-16T15:19:18.884000Z</time>
      </trkpt>
      <trkpt lat="59.910623" lon="10.729002">
        <ele>7.6</ele>
        <time>2025-05-16T15:19:23.884000Z</time>
      </trkpt>
      <trkpt lat="59.910682" lon="10.729167">
        <ele>7.5</ele>
        <time>2025-05-16T15:19:28.884000Z</time>
      </trkpt>
      <trkpt lat="59.910712" lon="10.72934">
        <ele>7.5</ele>
        <time>2025-05-16T15:19:32.884000Z</time>
      </trkpt>
      <trkpt lat="59.910757" lon="10.729531">
        <ele>7.5</ele>
        <time>2025-05-16T15:19:36.884000Z</time>
      </trkpt>
      <trkpt lat="59.910776" lon="10.729717">
        <ele>7.5</ele>
        <time>2025-05-16T15:19:40.884000Z</time>
      </trkpt>
      <trkpt lat="59.910825" lon="10.729898">
        <ele>7.6</ele>
        <time>2025-05-16T15:19:47.884000Z</time>
      </trkpt>
      <trkpt lat="59.9109" lon="10.730066">
        <ele>7.6</ele>
        <time>2025-05-16T15:19:54.884000Z</time>
      </trkpt>
      <trkpt lat="59.910953" lon="10.730227">
        <ele>7.6</ele>
        <time>2025-05-16T15:19:58.884000Z</time>
      </trkpt>
      <trkpt lat="59.911008" lon="10.730396">
        <ele>7.6</ele>
        <time>2025-05-16T15:20:02.884000Z</time>
      </trkpt>
      <trkpt lat="59.911075" lon="10.730569">
        <ele>7.6</ele>
        <time>2025-05-16T15:20:06.884000Z</time>
      </trkpt>
      <trkpt lat="59.911136" lon="10.730748">
        <ele>7.6</ele>
        <time>2025-05-16T15:20:10.883000Z</time>
      </trkpt>
      <trkpt lat="59.911175" lon="10.730922">
        <ele>7.6</ele>
        <time>2025-05-16T15:20:14.883000Z</time>
      </trkpt>
      <trkpt lat="59.911154" lon="10.731111">
        <ele>7.7</ele>
        <time>2025-05-16T15:20:18.883000Z</time>
      </trkpt>
      <trkpt lat="59.911124" lon="10.731332">
        <ele>7.7</ele>
        <time>2025-05-16T15:20:22.883000Z</time>
      </trkpt>
      <trkpt lat="59.911091" lon="10.731534">
        <ele>7.7</ele>
        <time>2025-05-16T15:20:26.883000Z</time>
      </trkpt>
      <trkpt lat="59.911054" lon="10.731722">
        <ele>7.7</ele>
        <time>2025-05-16T15:20:31.883000Z</time>
      </trkpt>
      <trkpt lat="59.911018" lon="10.731913">
        <ele>7.7</ele>
        <time>2025-05-16T15:20:37.883000Z</time>
      </trkpt>
      <trkpt lat="59.910983" lon="10.73211">
        <ele>7.7</ele>
        <time>2025-05-16T15:20:42.883000Z</time>
      </trkpt>
      <trkpt lat="59.910942" lon="10.732303">
        <ele>7.7</ele>
        <time>2025-05-16T15:20:47.883000Z</time>
      </trkpt>
      <trkpt lat="59.910894" lon="10.732464">
        <ele>7.7</ele>
        <time>2025-05-16T15:20:51.883000Z</time>
      </trkpt>
      <trkpt lat="59.910861" lon="10.732641">
        <ele>7.8</ele>
        <time>2025-05-16T15:20:58.883000Z</time>
      </trkpt>
      <trkpt lat="59.910811" lon="10.732803">
        <ele>7.9</ele>
        <time>2025-05-16T15:21:02.883000Z</time>
      </trkpt>
      <trkpt lat="59.910781" lon="10.732996">
        <ele>8.0</ele>
        <time>2025-05-16T15:21:07.883000Z</time>
      </trkpt>
      <trkpt lat="59.910732" lon="10.733166">
        <ele>8.1</ele>
        <time>2025-05-16T15:21:12.883000Z</time>
      </trkpt>
      <trkpt lat="59.910702" lon="10.733347">
        <ele>8.2</ele>
        <time>2025-05-16T15:21:16.882000Z</time>
      </trkpt>
      <trkpt lat="59.910661" lon="10.733535">
        <ele>8.3</ele>
        <time>2025-05-16T15:21:22.882000Z</time>
      </trkpt>
      <trkpt lat="59.9106" lon="10.733678">
        <ele>8.4</ele>
        <time>2025-05-16T15:21:30.882000Z</time>
      </trkpt>
      <trkpt lat="59.91058" lon="10.73403">
        <ele>8.5</ele>
        <time>2025-05-16T15:22:27.910000Z</time>
      </trkpt>
      <trkpt lat="59.910509" lon="10.734157">
        <ele>8.6</ele>
        <time>2025-05-16T15:22:33.910000Z</time>
      </trkpt>
      <trkpt lat="59.910419" lon="10.73425">
        <ele>8.7</ele>
        <time>2025-05-16T15:22:38.910000Z</time>
      </trkpt>
      <trkpt lat="59.910368" lon="10.734424">
        <ele>8.8</ele>
        <time>2025-05-16T15:22:43.910000Z</time>
      </trkpt>
      <trkpt lat="59.910306" lon="10.734575">
        <ele>8.9</ele>
        <time>2025-05-16T15:22:48.910000Z</time>
      </trkpt>
      <trkpt lat="59.910215" lon="10.734633">
        <ele>9.0</ele>
        <time>2025-05-16T15:22:52.910000Z</time>
      </trkpt>
      <trkpt lat="59.910118" lon="10.734626">
        <ele>9.1</ele>
        <time>2025-05-16T15:22:56.910000Z</time>
      </trkpt>
      <trkpt lat="59.91002" lon="10.734646">
        <ele>9.2</ele>
        <time>2025-05-16T15:23:00.910000Z</time>
      </trkpt>
      <trkpt lat="59.909926" lon="10.734699">
        <ele>9.3</ele>
        <time>2025-05-16T15:23:04.910000Z</time>
      </trkpt>
      <trkpt lat="59.909826" lon="10.734728">
        <ele>9.3</ele>
        <time>2025-05-16T15:23:08.910000Z</time>
      </trkpt>
      <trkpt lat="59.909722" lon="10.734757">
        <ele>9.4</ele>
        <time>2025-05-16T15:23:12.910000Z</time>
      </trkpt>
      <trkpt lat="59.909609" lon="10.734789">
        <ele>9.5</ele>
        <time>2025-05-16T15:23:16.910000Z</time>
      </trkpt>
      <trkpt lat="59.909496" lon="10.73482">
        <ele>9.6</ele>
        <time>2025-05-16T15:23:20.910000Z</time>
      </trkpt>
      <trkpt lat="59.909403" lon="10.734829">
        <ele>9.6</ele>
        <time>2025-05-16T15:23:23.910000Z</time>
      </trkpt>
      <trkpt lat="59.909309" lon="10.734845">
        <ele>9.7</ele>
        <time>2025-05-16T15:23:26.910000Z</time>
      </trkpt>
      <trkpt lat="59.909193" lon="10.734857">
        <ele>9.7</ele>
        <time>2025-05-16T15:23:30.910000Z</time>
      </trkpt>
      <trkpt lat="59.909096" lon="10.734848">
        <ele>9.8</ele>
        <time>2025-05-16T15:23:33.910000Z</time>
      </trkpt>
      <trkpt lat="59.909001" lon="10.734843">
        <ele>9.9</ele>
        <time>2025-05-16T15:23:36.910000Z</time>
      </trkpt>
      <trkpt lat="59.90889" lon="10.734842">
        <ele>9.9</ele>
        <time>2025-05-16T15:23:40.910000Z</time>
      </trkpt>
      <trkpt lat="59.908799" lon="10.734839">
        <ele>10.0</ele>
        <time>2025-05-16T15:23:43.910000Z</time>
      </trkpt>
      <trkpt lat="59.90868" lon="10.734846">
        <ele>10.0</ele>
        <time>2025-05-16T15:23:47.910000Z</time>
      </trkpt>
      <trkpt lat="59.908587" lon="10.734839">
        <ele>10.1</ele>
        <time>2025-05-16T15:23:50.910000Z</time>
      </trkpt>
      <trkpt lat="59.908467" lon="10.73483">
        <ele>10.2</ele>
        <time>2025-05-16T15:23:54.910000Z</time>
      </trkpt>
      <trkpt lat="59.908369" lon="10.734844">
        <ele>10.2</ele>
        <time>2025-05-16T15:23:57.910000Z</time>
      </trkpt>
      <trkpt lat="59.908274" lon="10.734846">
        <ele>10.3</ele>
        <time>2025-05-16T15:24:00.910000Z</time>
      </trkpt>
      <trkpt lat="59.908182" lon="10.734809">
        <ele>10.3</ele>
        <time>2025-05-16T15:24:03.910000Z</time>
      </trkpt>
      <trkpt lat="59.908079" lon="10.734851">
        <ele>10.4</ele>
        <time>2025-05-16T15:24:07.910000Z</time>
      </trkpt>
      <trkpt lat="59.907989" lon="10.734892">
        <ele>10.5</ele>
        <time>2025-05-16T15:24:11.910000Z</time>
      </trkpt>
      <trkpt lat="59.907879" lon="10.734826">
        <ele>10.5</ele>
        <time>2025-05-16T15:24:15.910000Z</time>
      </trkpt>
      <trkpt lat="59.90777" lon="10.734843">
        <ele>10.5</ele>
        <time>2025-05-16T15:24:19.910000Z</time>
      </trkpt>
      <trkpt lat="59.907656" lon="10.73483">
        <ele>10.5</ele>
        <time>2025-05-16T15:24:23.910000Z</time>
      </trkpt>
      <trkpt lat="59.907538" lon="10.734866">
        <ele>10.5</ele>
        <time>2025-05-16T15:24:27.910000Z</time>
      </trkpt>
      <trkpt lat="59.907439" lon="10.734874">
        <ele>10.5</ele>
        <time>2025-05-16T15:24:30.910000Z</time>
      </trkpt>
      <trkpt lat="59.907331" lon="10.73492">
        <ele>10.5</ele>
        <time>2025-05-16T15:24:34.910000Z</time>
      </trkpt>
      <trkpt lat="59.907239" lon="10.734973">
        <ele>10.5</ele>
        <time>2025-05-16T15:24:38.910000Z</time>
      </trkpt>
      <trkpt lat="59.907127" lon="10.735016">
        <ele>10.5</ele>
        <time>2025-05-16T15:24:43.910000Z</time>
      </trkpt>
      <trkpt lat="59.907022" lon="10.735061">
        <ele>10.5</ele>
        <time>2025-05-16T15:24:48.910000Z</time>
      </trkpt>
      <trkpt lat="59.906922" lon="10.735145">
        <ele>10.6</ele>
        <time>2025-05-16T15:24:52.910000Z</time>
      </trkpt>
      <trkpt lat="59.906818" lon="10.735236">
        <ele>10.6</ele>
        <time>2025-05-16T15:24:56.909000Z</time>
      </trkpt>
      <trkpt lat="59.906729" lon="10.735307">
        <ele>10.6</ele>
        <time>2025-05-16T15:24:59.909000Z</time>
      </trkpt>
      <trkpt lat="59.906627" lon="10.735389">
        <ele>10.6</ele>
        <time>2025-05-16T15:25:02.909000Z</time>
      </trkpt>
      <trkpt lat="59.906514" lon="10.735454">
        <ele>10.6</ele>
        <time>2025-05-16T15:25:05.909000Z</time>
      </trkpt>
      <trkpt lat="59.906426" lon="10.735517">
        <ele>10.6</ele>
        <time>2025-05-16T15:25:08.909000Z</time>
      </trkpt>
      <trkpt lat="59.906337" lon="10.735564">
        <ele>10.6</ele>
        <time>2025-05-16T15:25:11.909000Z</time>
      </trkpt>
      <trkpt lat="59.906226" lon="10.735611">
        <ele>10.6</ele>
        <time>2025-05-16T15:25:15.909000Z</time>
      </trkpt>
      <trkpt lat="59.906129" lon="10.735647">
        <ele>10.6</ele>
        <time>2025-05-16T15:25:18.909000Z</time>
      </trkpt>
      <trkpt lat="59.90603" lon="10.735725">
        <ele>10.6</ele>
        <time>2025-05-16T15:25:22.908000Z</time>
      </trkpt>
      <trkpt lat="59.905932" lon="10.735831">
        <ele>10.6</ele>
        <time>2025-05-16T15:25:26.908000Z</time>
      </trkpt>
      <trkpt lat="59.905821" lon="10.735866">
        <ele>10.6</ele>
        <time>2025-05-16T15:25:30.908000Z</time>
      </trkpt>
      <trkpt lat="59.905733" lon="10.735929">
        <ele>10.6</ele>
        <time>2025-05-16T15:25:33.909000Z</time>
      </trkpt>
      <trkpt lat="59.905631" lon="10.73605">
        <ele>10.6</ele>
        <time>2025-05-16T15:25:37.909000Z</time>
      </trkpt>
      <trkpt lat="59.905542" lon="10.736172">
        <ele>10.6</ele>
        <time>2025-05-16T15:25:41.909000Z</time>
      </trkpt>
      <trkpt lat="59.905459" lon="10.736321">
        <ele>10.6</ele>
        <time>2025-05-16T15:25:45.908000Z</time>
      </trkpt>
      <trkpt lat="59.905384" lon="10.736421">
        <ele>10.6</ele>
        <time>2025-05-16T15:25:50.908000Z</time>
      </trkpt>
      <trkpt lat="59.905315" lon="10.736701">
        <ele>10.6</ele>
        <time>2025-05-16T15:26:47.908000Z</time>
      </trkpt>
      <trkpt lat="59.905228" lon="10.73682">
        <ele>10.6</ele>
        <time>2025-05-16T15:26:52.908000Z</time>
      </trkpt>
      <trkpt lat="59.905196" lon="10.736988">
        <ele>10.6</ele>
        <time>2025-05-16T15:26:57.908000Z</time>
      </trkpt>
      <trkpt lat="59.905166" lon="10.737159">
        <ele>10.6</ele>
        <time>2025-05-16T15:27:01.908000Z</time>
      </trkpt>
      <trkpt lat="59.905126" lon="10.737324">
        <ele>10.6</ele>
        <time>2025-05-16T15:27:06.908000Z</time>
      </trkpt>
      <trkpt lat="59.905048" lon="10.737475">
        <ele>10.6</ele>
        <time>2025-05-16T15:27:12.908000Z</time>
      </trkpt>
      <trkpt lat="59.904976" lon="10.737603">
        <ele>10.6</ele>
        <time>2025-05-16T15:27:17.907000Z</time>
      </trkpt>
      <trkpt lat="59.904903" lon="10.737719">
        <ele>10.6</ele>
        <time>2025-05-16T15:27:23.907000Z</time>
      </trkpt>
      <trkpt lat="59.904824" lon="10.737865">
        <ele>10.6</ele>
        <time>2025-05-16T15:27:29.907000Z</time>
      </trkpt>
      <trkpt lat="59.904751" lon="10.737981">
        <ele>10.6</ele>
        <time>2025-05-16T15:27:34.906000Z</time>
      </trkpt>
      <trkpt lat="59.904663" lon="10.738078">
        <ele>10.6</ele>
        <time>2025-05-16T15:27:40.907000Z</time>
      </trkpt>
      <trkpt lat="59.904675" lon="10.738234">
        <ele>14.4</ele>
        <time>2025-05-16T15:29:57Z</time>
      </trkpt>
      <trkpt lat="59.904775" lon="10.738238">
        <ele>14.4</ele>
        <time>2025-05-16T15:30:03Z</time>
      </trkpt>
      <trkpt lat="59.904848" lon="10.738131">
        <ele>14.4</ele>
        <time>2025-05-16T15:30:07Z</time>
      </trkpt>
      <trkpt lat="59.904957" lon="10.738176">
        <ele>14.4</ele>
        <time>2025-05-16T15:30:11Z</time>
      </trkpt>
      <trkpt lat="59.905042" lon="10.738272">
        <ele>14.4</ele>
        <time>2025-05-16T15:30:14Z</time>
      </trkpt>
      <trkpt lat="59.905131" lon="10.738339">
        <ele>14.4</ele>
        <time>2025-05-16T15:30:17Z</time>
      </trkpt>
      <trkpt lat="59.905226" lon="10.738355">
        <ele>14.4</ele>
        <time>2025-05-16T15:30:20Z</time>
      </trkpt>
      <trkpt lat="59.905341" lon="10.738337">
        <ele>14.4</ele>
        <time>2025-05-16T15:30:24Z</time>
      </trkpt>
      <trkpt lat="59.90544" lon="10.738357">
        <ele>14.4</ele>
        <time>2025-05-16T15:30:27Z</time>
      </trkpt>
      <trkpt lat="59.905535" lon="10.738342">
        <ele>14.4</ele>
        <time>2025-05-16T15:30:31Z</time>
      </trkpt>
      <trkpt lat="59.905627" lon="10.738345">
        <ele>14.3</ele>
        <time>2025-05-16T15:30:35Z</time>
      </trkpt>
      <trkpt lat="59.905743" lon="10.738361">
        <ele>14.1</ele>
        <time>2025-05-16T15:30:39Z</time>
      </trkpt>
      <trkpt lat="59.90584" lon="10.738381">
        <ele>14.0</ele>
        <time>2025-05-16T15:30:43Z</time>
      </trkpt>
      <trkpt lat="59.905935" lon="10.738405">
        <ele>13.9</ele>
        <time>2025-05-16T15:30:48Z</time>
      </trkpt>
      <trkpt lat="59.90611" lon="10.738314">
        <ele>13.7</ele>
        <time>2025-05-16T15:31:39Z</time>
      </trkpt>
      <trkpt lat="59.906203" lon="10.738341">
        <ele>13.6</ele>
        <time>2025-05-16T15:31:42Z</time>
      </trkpt>
      <trkpt lat="59.906301" lon="10.738391">
        <ele>13.5</ele>
        <time>2025-05-16T15:31:45Z</time>
      </trkpt>
      <trkpt lat="59.906397" lon="10.738439">
        <ele>13.4</ele>
        <time>2025-05-16T15:31:48Z</time>
      </trkpt>
      <trkpt lat="59.9065" lon="10.738464">
        <ele>13.3</ele>
        <time>2025-05-16T15:31:52Z</time>
      </trkpt>
      <trkpt lat="59.906597" lon="10.738504">
        <ele>13.2</ele>
        <time>2025-05-16T15:31:56Z</time>
      </trkpt>
      <trkpt lat="59.906714" lon="10.738592">
        <ele>13.1</ele>
        <time>2025-05-16T15:32:00Z</time>
      </trkpt>
      <trkpt lat="59.906805" lon="10.73866">
        <ele>13.0</ele>
        <time>2025-05-16T15:32:03Z</time>
      </trkpt>
      <trkpt lat="59.906917" lon="10.738751">
        <ele>12.9</ele>
        <time>2025-05-16T15:32:07.001000Z</time>
      </trkpt>
      <trkpt lat="59.906999" lon="10.738827">
        <ele>12.8</ele>
        <time>2025-05-16T15:32:10.001000Z</time>
      </trkpt>
      <trkpt lat="59.907101" lon="10.738931">
        <ele>12.7</ele>
        <time>2025-05-16T15:32:14.001000Z</time>
      </trkpt>
      <trkpt lat="59.907206" lon="10.739021">
        <ele>12.5</ele>
        <time>2025-05-16T15:32:18.001000Z</time>
      </trkpt>
      <trkpt lat="59.907289" lon="10.739103">
        <ele>12.6</ele>
        <time>2025-05-16T15:32:21.001000Z</time>
      </trkpt>
      <trkpt lat="59.907401" lon="10.739202">
        <ele>13.0</ele>
        <time>2025-05-16T15:32:25.001000Z</time>
      </trkpt>
      <trkpt lat="59.907485" lon="10.73929">
        <ele>13.3</ele>
        <time>2025-05-16T15:32:28.001000Z</time>
      </trkpt>
      <trkpt lat="59.907572" lon="10.739374">
        <ele>13.5</ele>
        <time>2025-05-16T15:32:31.001000Z</time>
      </trkpt>
      <trkpt lat="59.907664" lon="10.739446">
        <ele>13.9</ele>
        <time>2025-05-16T15:32:34.001000Z</time>
      </trkpt>
      <trkpt lat="59.907763" lon="10.739513">
        <ele>14.2</ele>
        <time>2025-05-16T15:32:37.001000Z</time>
      </trkpt>
      <trkpt lat="59.907853" lon="10.739563">
        <ele>14.5</ele>
        <time>2025-05-16T15:32:40.001000Z</time>
      </trkpt>
      <trkpt lat="59.907939" lon="10.739637">
        <ele>14.7</ele>
        <time>2025-05-16T15:32:43.001000Z</time>
      </trkpt>
      <trkpt lat="59.90802" lon="10.739718">
        <ele>15.0</ele>
        <time>2025-05-16T15:32:46.001000Z</time>
      </trkpt>
      <trkpt lat="59.908102" lon="10.739803">
        <ele>15.3</ele>
        <time>2025-05-16T15:32:49.001000Z</time>
      </trkpt>
      <trkpt lat="59.908197" lon="10.739919">
        <ele>15.7</ele>
        <time>2025-05-16T15:32:52.001000Z</time>
      </trkpt>
      <trkpt lat="59.908276" lon="10.740034">
        <ele>16.0</ele>
        <time>2025-05-16T15:32:55.001000Z</time>
      </trkpt>
      <trkpt lat="59.908356" lon="10.740181">
        <ele>16.3</ele>
        <time>2025-05-16T15:32:59.001000Z</time>
      </trkpt>
      <trkpt lat="59.908416" lon="10.740328">
        <ele>16.6</ele>
        <time>2025-05-16T15:33:02.001000Z</time>
      </trkpt>
      <trkpt lat="59.908528" lon="10.740415">
        <ele>16.9</ele>
        <time>2025-05-16T15:33:08.001000Z</time>
      </trkpt>
      <trkpt lat="59.908635" lon="10.740561">
        <ele>17.3</ele>
        <time>2025-05-16T15:33:11.001000Z</time>
      </trkpt>
      <trkpt lat="59.90875" lon="10.740701">
        <ele>17.8</ele>
        <time>2025-05-16T15:33:14.001000Z</time>
      </trkpt>
      <trkpt lat="59.90885" lon="10.740811">
        <ele>18.1</ele>
        <time>2025-05-16T15:33:17.001000Z</time>
      </trkpt>
      <trkpt lat="59.90894" lon="10.74085">
        <ele>18.3</ele>
        <time>2025-05-16T15:33:21.001000Z</time>
      </trkpt>
      <trkpt lat="59.909046" lon="10.740927">
        <ele>18.5</ele>
        <time>2025-05-16T15:33:25.001000Z</time>
      </trkpt>
      <trkpt lat="59.909171" lon="10.741044">
        <ele>18.8</ele>
        <time>2025-05-16T15:33:28.001000Z</time>
      </trkpt>
      <trkpt lat="59.909252" lon="10.741128">
        <ele>19.0</ele>
        <time>2025-05-16T15:33:30.001000Z</time>
      </trkpt>
      <trkpt lat="59.909338" lon="10.741203">
        <ele>19.2</ele>
        <time>2025-05-16T15:33:33.001000Z</time>
      </trkpt>
      <trkpt lat="59.909444" lon="10.741226">
        <ele>19.5</ele>
        <time>2025-05-16T15:33:37.001000Z</time>
      </trkpt>
      <trkpt lat="59.909541" lon="10.741255">
        <ele>19.7</ele>
        <time>2025-05-16T15:33:41.001000Z</time>
      </trkpt>
      <trkpt lat="59.909557" lon="10.741459">
        <ele>19.9</ele>
        <time>2025-05-16T15:33:45.001000Z</time>
      </trkpt>
      <trkpt lat="59.909541" lon="10.741645">
        <ele>20.1</ele>
        <time>2025-05-16T15:33:48.001000Z</time>
      </trkpt>
      <trkpt lat="59.909501" lon="10.741881">
        <ele>20.4</ele>
        <time>2025-05-16T15:33:51.001000Z</time>
      </trkpt>
      <trkpt lat="59.909457" lon="10.742127">
        <ele>20.7</ele>
        <time>2025-05-16T15:33:54.001000Z</time>
      </trkpt>
      <trkpt lat="59.909433" lon="10.742356">
        <ele>20.9</ele>
        <time>2025-05-16T15:33:57.001000Z</time>
      </trkpt>
      <trkpt lat="59.909414" lon="10.742622">
        <ele>21.2</ele>
        <time>2025-05-16T15:34:00.001000Z</time>
      </trkpt>
      <trkpt lat="59.909451" lon="10.742864">
        <ele>21.5</ele>
        <time>2025-05-16T15:34:03.001000Z</time>
      </trkpt>
      <trkpt lat="59.909509" lon="10.743024">
        <ele>21.7</ele>
        <time>2025-05-16T15:34:06.001000Z</time>
      </trkpt>
      <trkpt lat="59.909605" lon="10.743032">
        <ele>21.9</ele>
        <time>2025-05-16T15:34:13Z</time>
      </trkpt>
      <trkpt lat="59.90969" lon="10.743107">
        <ele>22.5</ele>
        <time>2025-05-16T15:34:17Z</time>
      </trkpt>
      <trkpt lat="59.909783" lon="10.743212">
        <ele>23.2</ele>
        <time>2025-05-16T15:34:21.001000Z</time>
      </trkpt>
      <trkpt lat="59.90988" lon="10.74325">
        <ele>23.9</ele>
        <time>2025-05-16T15:34:24.001000Z</time>
      </trkpt>
      <trkpt lat="59.909989" lon="10.743351">
        <ele>24.7</ele>
        <time>2025-05-16T15:34:28.002000Z</time>
      </trkpt>
      <trkpt lat="59.910085" lon="10.743458">
        <ele>25.4</ele>
        <time>2025-05-16T15:34:31.002000Z</time>
      </trkpt>
      <trkpt lat="59.910182" lon="10.743579">
        <ele>26.2</ele>
        <time>2025-05-16T15:34:35.002000Z</time>
      </trkpt>
      <trkpt lat="59.910267" lon="10.743661">
        <ele>26.8</ele>
        <time>2025-05-16T15:34:39.002000Z</time>
      </trkpt>
      <trkpt lat="59.910339" lon="10.743801">
        <ele>27.5</ele>
        <time>2025-05-16T15:34:43.002000Z</time>
      </trkpt>
      <trkpt lat="59.910444" lon="10.743903">
        <ele>28.3</ele>
        <time>2025-05-16T15:34:46.002000Z</time>
      </trkpt>
      <trkpt lat="59.910535" lon="10.743981">
        <ele>28.9</ele>
        <time>2025-05-16T15:34:50.002000Z</time>
      </trkpt>
      <trkpt lat="59.910612" lon="10.744081">
        <ele>29.5</ele>
        <time>2025-05-16T15:34:54.002000Z</time>
      </trkpt>
      <trkpt lat="59.910688" lon="10.744191">
        <ele>30.2</ele>
        <time>2025-05-16T15:34:58.002000Z</time>
      </trkpt>
      <trkpt lat="59.910791" lon="10.744228">
        <ele>30.9</ele>
        <time>2025-05-16T15:35:03.002000Z</time>
      </trkpt>
      <trkpt lat="59.910893" lon="10.74432">
        <ele>31.6</ele>
        <time>2025-05-16T15:35:07.002000Z</time>
      </trkpt>
      <trkpt lat="59.910963" lon="10.744439">
        <ele>32.2</ele>
        <time>2025-05-16T15:35:11.002000Z</time>
      </trkpt>
      <trkpt lat="59.911075" lon="10.744544">
        <ele>33.1</ele>
        <time>2025-05-16T15:35:13.002000Z</time>
      </trkpt>
      <trkpt lat="59.91123" lon="10.744663">
        <ele>33.8</ele>
        <time>2025-05-16T15:35:15.002000Z</time>
      </trkpt>
      <trkpt lat="59.911338" lon="10.744779">
        <ele>33.6</ele>
        <time>2025-05-16T15:35:17.002000Z</time>
      </trkpt>
      <trkpt lat="59.911458" lon="10.744856">
        <ele>33.4</ele>
        <time>2025-05-16T15:35:19.002000Z</time>
      </trkpt>
      <trkpt lat="59.911551" lon="10.744911">
        <ele>33.3</ele>
        <time>2025-05-16T15:35:22.002000Z</time>
      </trkpt>
      <trkpt lat="59.911654" lon="10.744935">
        <ele>33.1</ele>
        <time>2025-05-16T15:35:28.002000Z</time>
      </trkpt>
      <trkpt lat="59.911738" lon="10.745014">
        <ele>32.9</ele>
        <time>2025-05-16T15:35:33.002000Z</time>
      </trkpt>
      <trkpt lat="59.911812" lon="10.745121">
        <ele>32.8</ele>
        <time>2025-05-16T15:35:36.002000Z</time>
      </trkpt>
      <trkpt lat="59.911896" lon="10.745212">
        <ele>32.6</ele>
        <time>2025-05-16T15:35:39.002000Z</time>
      </trkpt>
      <trkpt lat="59.911997" lon="10.74533">
        <ele>32.4</ele>
        <time>2025-05-16T15:35:43.002000Z</time>
      </trkpt>
      <trkpt lat="59.912083" lon="10.745468">
        <ele>32.2</ele>
        <time>2025-05-16T15:35:46.002000Z</time>
      </trkpt>
      <trkpt lat="59.912141" lon="10.745609">
        <ele>32.1</ele>
        <time>2025-05-16T15:35:50.002000Z</time>
      </trkpt>
      <trkpt lat="59.912243" lon="10.745691">
        <ele>31.9</ele>
        <time>2025-05-16T15:36:00.002000Z</time>
      </trkpt>
      <trkpt lat="59.912337" lon="10.745765">
        <ele>31.7</ele>
        <time>2025-05-16T15:36:04.002000Z</time>
      </trkpt>
      <trkpt lat="59.912441" lon="10.745882">
        <ele>31.5</ele>
        <time>2025-05-16T15:36:08.002000Z</time>
      </trkpt>
      <trkpt lat="59.912535" lon="10.746033">
        <ele>31.3</ele>
        <time>2025-05-16T15:36:16.002000Z</time>
      </trkpt>
      <trkpt lat="59.91262" lon="10.74613">
        <ele>31.1</ele>
        <time>2025-05-16T15:36:24.002000Z</time>
      </trkpt>
      <trkpt lat="59.912712" lon="10.746086">
        <ele>31.0</ele>
        <time>2025-05-16T15:36:33.002000Z</time>
      </trkpt>
      <trkpt lat="59.912874" lon="10.746275">
        <ele>30.8</ele>
        <time>2025-05-16T15:36:58.003000Z</time>
      </trkpt>
      <trkpt lat="59.912975" lon="10.74632">
        <ele>30.8</ele>
        <time>2025-05-16T15:37:04.003000Z</time>
      </trkpt>
      <trkpt lat="59.913049" lon="10.746448">
        <ele>30.8</ele>
        <time>2025-05-16T15:37:08.003000Z</time>
      </trkpt>
      <trkpt lat="59.913127" lon="10.746547">
        <ele>30.8</ele>
        <time>2025-05-16T15:37:16.003000Z</time>
      </trkpt>
      <trkpt lat="59.913226" lon="10.746618">
        <ele>30.8</ele>
        <time>2025-05-16T15:37:20.003000Z</time>
      </trkpt>
      <trkpt lat="59.91332" lon="10.746561">
        <ele>30.8</ele>
        <time>2025-05-16T15:37:28.003000Z</time>
      </trkpt>
      <trkpt lat="59.913378" lon="10.74636">
        <ele>30.8</ele>
        <time>2025-05-16T15:37:30.003000Z</time>
      </trkpt>
      <trkpt lat="59.91343" lon="10.746174">
        <ele>30.8</ele>
        <time>2025-05-16T15:37:32.003000Z</time>
      </trkpt>
      <trkpt lat="59.913483" lon="10.746012">
        <ele>30.8</ele>
        <time>2025-05-16T15:37:34.003000Z</time>
      </trkpt>
      <trkpt lat="59.913531" lon="10.745841">
        <ele>30.8</ele>
        <time>2025-05-16T15:37:37.003000Z</time>
      </trkpt>
      <trkpt lat="59.913667" lon="10.745801">
        <ele>30.8</ele>
        <time>2025-05-16T15:37:42.003000Z</time>
      </trkpt>
      <trkpt lat="59.913785" lon="10.745898">
        <ele>30.8</ele>
        <time>2025-05-16T15:37:44.003000Z</time>
      </trkpt>
      <trkpt lat="59.913887" lon="10.745938">
        <ele>30.8</ele>
        <time>2025-05-16T15:37:46.003000Z</time>
      </trkpt>
      <trkpt lat="59.913989" lon="10.745992">
        <ele>30.8</ele>
        <time>2025-05-16T15:37:49.003000Z</time>
      </trkpt>
      <trkpt lat="59.914098" lon="10.746073">
        <ele>30.8</ele>
        <time>2025-05-16T15:37:52.003000Z</time>
      </trkpt>
      <trkpt lat="59.914185" lon="10.746186">
        <ele>30.8</ele>
        <time>2025-05-16T15:37:55.003000Z</time>
      </trkpt>
      <trkpt lat="59.914255" lon="10.746304">
        <ele>30.8</ele>
        <time>2025-05-16T15:37:59.003000Z</time>
      </trkpt>
      <trkpt lat="59.914302" lon="10.746462">
        <ele>30.8</ele>
        <time>2025-05-16T15:38:08.003000Z</time>
      </trkpt>
      <trkpt lat="59.914396" lon="10.746494">
        <ele>30.8</ele>
        <time>2025-05-16T15:38:24.003000Z</time>
      </trkpt>
      <trkpt lat="59.914472" lon="10.746394">
        <ele>30.8</ele>
        <time>2025-05-16T15:38:36.003000Z</time>
      </trkpt>
      <trkpt lat="59.914207" lon="10.746264">
        <ele>30.8</ele>
        <time>2025-05-16T15:43:14.144000Z</time>
      </trkpt>
      <trkpt lat="59.914055" lon="10.747486">
        <ele>18.4</ele>
        <time>2025-05-16T16:17:39.999000Z</time>
      </trkpt>
      <trkpt lat="59.914102" lon="10.747675">
        <ele>18.4</ele>
        <time>2025-05-16T16:17:43.998000Z</time>
      </trkpt>
      <trkpt lat="59.914174" lon="10.747865">
        <ele>18.4</ele>
        <time>2025-05-16T16:17:47.998000Z</time>
      </trkpt>
      <trkpt lat="59.914239" lon="10.747999">
        <ele>18.4</ele>
        <time>2025-05-16T16:17:51.998000Z</time>
      </trkpt>
      <trkpt lat="59.914338" lon="10.748104">
        <ele>18.4</ele>
        <time>2025-05-16T16:17:56.998000Z</time>
      </trkpt>
      <trkpt lat="59.91441" lon="10.748235">
        <ele>18.4</ele>
        <time>2025-05-16T16:18:00.998000Z</time>
      </trkpt>
      <trkpt lat="59.914473" lon="10.748393">
        <ele>18.4</ele>
        <time>2025-05-16T16:18:04.998000Z</time>
      </trkpt>
      <trkpt lat="59.914456" lon="10.748603">
        <ele>18.4</ele>
        <time>2025-05-16T16:18:08.998000Z</time>
      </trkpt>
      <trkpt lat="59.914389" lon="10.748767">
        <ele>18.4</ele>
        <time>2025-05-16T16:18:14.998000Z</time>
      </trkpt>
      <trkpt lat="59.914309" lon="10.748866">
        <ele>18.8</ele>
        <time>2025-05-16T16:18:17.998000Z</time>
      </trkpt>
      <trkpt lat="59.914228" lon="10.748968">
        <ele>19.8</ele>
        <time>2025-05-16T16:18:21.998000Z</time>
      </trkpt>
      <trkpt lat="59.914162" lon="10.749103">
        <ele>20.8</ele>
        <time>2025-05-16T16:18:24.998000Z</time>
      </trkpt>
      <trkpt lat="59.914087" lon="10.749235">
        <ele>21.8</ele>
        <time>2025-05-16T16:18:27.998000Z</time>
      </trkpt>
      <trkpt lat="59.913997" lon="10.749415">
        <ele>23.2</ele>
        <time>2025-05-16T16:18:31.998000Z</time>
      </trkpt>
      <trkpt lat="59.913912" lon="10.749568">
        <ele>24.4</ele>
        <time>2025-05-16T16:18:34.998000Z</time>
      </trkpt>
      <trkpt lat="59.913817" lon="10.749704">
        <ele>25.6</ele>
        <time>2025-05-16T16:18:37.998000Z</time>
      </trkpt>
      <trkpt lat="59.913722" lon="10.749758">
        <ele>26.6</ele>
        <time>2025-05-16T16:18:41.998000Z</time>
      </trkpt>
      <trkpt lat="59.913632" lon="10.749791">
        <ele>27.6</ele>
        <time>2025-05-16T16:18:44.997000Z</time>
      </trkpt>
      <trkpt lat="59.913525" lon="10.749806">
        <ele>28.7</ele>
        <time>2025-05-16T16:18:49.998000Z</time>
      </trkpt>
      <trkpt lat="59.913503" lon="10.750019">
        <ele>29.9</ele>
        <time>2025-05-16T16:18:54.998000Z</time>
      </trkpt>
      <trkpt lat="59.9135" lon="10.750202">
        <ele>30.8</ele>
        <time>2025-05-16T16:18:57.998000Z</time>
      </trkpt>
      <trkpt lat="59.913535" lon="10.750417">
        <ele>32.0</ele>
        <time>2025-05-16T16:19:05.998000Z</time>
      </trkpt>
      <trkpt lat="59.913601" lon="10.750644">
        <ele>33.4</ele>
        <time>2025-05-16T16:19:08.998000Z</time>
      </trkpt>
      <trkpt lat="59.91365" lon="10.750824">
        <ele>34.5</ele>
        <time>2025-05-16T16:19:10.998000Z</time>
      </trkpt>
      <trkpt lat="59.913744" lon="10.75101">
        <ele>35.9</ele>
        <time>2025-05-16T16:19:13.998000Z</time>
      </trkpt>
      <trkpt lat="59.913818" lon="10.751209">
        <ele>37.2</ele>
        <time>2025-05-16T16:19:16.998000Z</time>
      </trkpt>
      <trkpt lat="59.913876" lon="10.751378">
        <ele>38.5</ele>
        <time>2025-05-16T16:19:18.998000Z</time>
      </trkpt>
      <trkpt lat="59.913968" lon="10.75154">
        <ele>40.1</ele>
        <time>2025-05-16T16:19:21.998000Z</time>
      </trkpt>
      <trkpt lat="59.914039" lon="10.75168">
        <ele>41.4</ele>
        <time>2025-05-16T16:19:23.998000Z</time>
      </trkpt>
      <trkpt lat="59.91408" lon="10.751844">
        <ele>42.6</ele>
        <time>2025-05-16T16:19:25.998000Z</time>
      </trkpt>
      <trkpt lat="59.914141" lon="10.752037">
        <ele>44.1</ele>
        <time>2025-05-16T16:19:28.998000Z</time>
      </trkpt>
      <trkpt lat="59.914197" lon="10.752178">
        <ele>45.3</ele>
        <time>2025-05-16T16:19:31.998000Z</time>
      </trkpt>
      <trkpt lat="59.914265" lon="10.75235">
        <ele>46.7</ele>
        <time>2025-05-16T16:19:35.998000Z</time>
      </trkpt>
      <trkpt lat="59.91418" lon="10.752514">
        <ele>48.3</ele>
        <time>2025-05-16T16:19:50.998000Z</time>
      </trkpt>
      <trkpt lat="59.914118" lon="10.752683">
        <ele>49.6</ele>
        <time>2025-05-16T16:19:55.998000Z</time>
      </trkpt>
      <trkpt lat="59.914027" lon="10.752824">
        <ele>51.2</ele>
        <time>2025-05-16T16:19:58.998000Z</time>
      </trkpt>
      <trkpt lat="59.913936" lon="10.752896">
        <ele>52.4</ele>
        <time>2025-05-16T16:20:01.998000Z</time>
      </trkpt>
      <trkpt lat="59.913827" lon="10.752995">
        <ele>54.0</ele>
        <time>2025-05-16T16:20:04.998000Z</time>
      </trkpt>
      <trkpt lat="59.913737" lon="10.753087">
        <ele>55.3</ele>
        <time>2025-05-16T16:20:07.998000Z</time>
      </trkpt>
      <trkpt lat="59.91362" lon="10.753174">
        <ele>57.0</ele>
        <time>2025-05-16T16:20:11.998000Z</time>
      </trkpt>
      <trkpt lat="59.913527" lon="10.753282">
        <ele>58.4</ele>
        <time>2025-05-16T16:20:13.998000Z</time>
      </trkpt>
      <trkpt lat="59.913412" lon="10.753392">
        <ele>60.0</ele>
        <time>2025-05-16T16:20:16.998000Z</time>
      </trkpt>
      <trkpt lat="59.913314" lon="10.753439">
        <ele>60.7</ele>
        <time>2025-05-16T16:20:18.998000Z</time>
      </trkpt>
      <trkpt lat="59.913216" lon="10.75346">
        <ele>60.6</ele>
        <time>2025-05-16T16:20:20.998000Z</time>
      </trkpt>
      <trkpt lat="59.913125" lon="10.753584">
        <ele>60.4</ele>
        <time>2025-05-16T16:20:23.998000Z</time>
      </trkpt>
      <trkpt lat="59.911345" lon="10.758888">
        <ele>53.6</ele>
        <time>2025-05-16T16:26:25.998000Z</time>
      </trkpt>
      <trkpt lat="59.911309" lon="10.75911">
        <ele>53.3</ele>
        <time>2025-05-16T16:26:28.998000Z</time>
      </trkpt>
      <trkpt lat="59.911303" lon="10.759352">
        <ele>53.8</ele>
        <time>2025-05-16T16:26:31.998000Z</time>
      </trkpt>
      <trkpt lat="59.911296" lon="10.759534">
        <ele>54.4</ele>
        <time>2025-05-16T16:26:33.998000Z</time>
      </trkpt>
      <trkpt lat="59.911277" lon="10.759755">
        <ele>55.2</ele>
        <time>2025-05-16T16:26:36.998000Z</time>
      </trkpt>
      <trkpt lat="59.911249" lon="10.759976">
        <ele>56.0</ele>
        <time>2025-05-16T16:26:39.998000Z</time>
      </trkpt>
      <trkpt lat="59.911225" lon="10.760221">
        <ele>56.8</ele>
        <time>2025-05-16T16:26:42.998000Z</time>
      </trkpt>
      <trkpt lat="59.911201" lon="10.760396">
        <ele>57.4</ele>
        <time>2025-05-16T16:26:44.998000Z</time>
      </trkpt>
      <trkpt lat="59.911171" lon="10.760622">
        <ele>58.2</ele>
        <time>2025-05-16T16:26:47.998000Z</time>
      </trkpt>
      <trkpt lat="59.911162" lon="10.760822">
        <ele>58.9</ele>
        <time>2025-05-16T16:26:50.998000Z</time>
      </trkpt>
      <trkpt lat="59.911117" lon="10.760995">
        <ele>59.5</ele>
        <time>2025-05-16T16:26:55.998000Z</time>
      </trkpt>
      <trkpt lat="59.911023" lon="10.761082">
        <ele>60.2</ele>
        <time>2025-05-16T16:27:02.998000Z</time>
      </trkpt>
      <trkpt lat="59.910917" lon="10.761088">
        <ele>60.9</ele>
        <time>2025-05-16T16:27:15.998000Z</time>
      </trkpt>
      <trkpt lat="59.910824" lon="10.761065">
        <ele>61.6</ele>
        <time>2025-05-16T16:27:35.998000Z</time>
      </trkpt>
      <trkpt lat="59.911381" lon="10.761748">
        <ele>64.0</ele>
        <time>2025-05-16T16:29:04.998000Z</time>
      </trkpt>
      <trkpt lat="59.91148" lon="10.761773">
        <ele>62.8</ele>
        <time>2025-05-16T16:29:08.998000Z</time>
      </trkpt>
      <trkpt lat="59.911599" lon="10.761795">
        <ele>61.2</ele>
        <time>2025-05-16T16:29:12.998000Z</time>
      </trkpt>
      <trkpt lat="59.911675" lon="10.761903">
        <ele>60.0</ele>
        <time>2025-05-16T16:29:15.998000Z</time>
      </trkpt>
      <trkpt lat="59.911754" lon="10.762059">
        <ele>58.6</ele>
        <time>2025-05-16T16:29:18.998000Z</time>
      </trkpt>
      <trkpt lat="59.911848" lon="10.76212">
        <ele>57.3</ele>
        <time>2025-05-16T16:29:21.998000Z</time>
      </trkpt>
      <trkpt lat="59.911945" lon="10.762169">
        <ele>56.1</ele>
        <time>2025-05-16T16:29:23.998000Z</time>
      </trkpt>
      <trkpt lat="59.912042" lon="10.762213">
        <ele>54.8</ele>
        <time>2025-05-16T16:29:25.998000Z</time>
      </trkpt>
      <trkpt lat="59.912137" lon="10.762246">
        <ele>53.5</ele>
        <time>2025-05-16T16:29:27.998000Z</time>
      </trkpt>
      <trkpt lat="59.912244" lon="10.762197">
        <ele>52.1</ele>
        <time>2025-05-16T16:29:30.998000Z</time>
      </trkpt>
      <trkpt lat="59.912367" lon="10.762169">
        <ele>50.5</ele>
        <time>2025-05-16T16:29:33.998000Z</time>
      </trkpt>
      <trkpt lat="59.912486" lon="10.762325">
        <ele>48.7</ele>
        <time>2025-05-16T16:29:36.998000Z</time>
      </trkpt>
      <trkpt lat="59.912552" lon="10.762466">
        <ele>47.5</ele>
        <time>2025-05-16T16:29:38.998000Z</time>
      </trkpt>
      <trkpt lat="59.912594" lon="10.762699">
        <ele>45.9</ele>
        <time>2025-05-16T16:29:41.998000Z</time>
      </trkpt>
      <trkpt lat="59.912602" lon="10.762913">
        <ele>44.5</ele>
        <time>2025-05-16T16:29:44.998000Z</time>
      </trkpt>
      <trkpt lat="59.912611" lon="10.763151">
        <ele>43.0</ele>
        <time>2025-05-16T16:29:47.998000Z</time>
      </trkpt>
      <trkpt lat="59.912641" lon="10.763342">
        <ele>41.9</ele>
        <time>2025-05-16T16:29:50.998000Z</time>
      </trkpt>
      <trkpt lat="59.912656" lon="10.763529">
        <ele>41.0</ele>
        <time>2025-05-16T16:29:54.998000Z</time>
      </trkpt>
      <trkpt lat="59.912646" lon="10.763718">
        <ele>40.1</ele>
        <time>2025-05-16T16:30:00.998000Z</time>
      </trkpt>
      <trkpt lat="59.91269" lon="10.763875">
        <ele>39.3</ele>
        <time>2025-05-16T16:30:06.998000Z</time>
      </trkpt>
      <trkpt lat="59.912725" lon="10.764065">
        <ele>38.3</ele>
        <time>2025-05-16T16:30:15.998000Z</time>
      </trkpt>
      <trkpt lat="59.912778" lon="10.764218">
        <ele>37.5</ele>
        <time>2025-05-16T16:30:19.998000Z</time>
      </trkpt>
      <trkpt lat="59.912857" lon="10.764399">
        <ele>36.4</ele>
        <time>2025-05-16T16:30:23.998000Z</time>
      </trkpt>
      <trkpt lat="59.912908" lon="10.764555">
        <ele>35.5</ele>
        <time>2025-05-16T16:30:26.998000Z</time>
      </trkpt>
      <trkpt lat="59.912964" lon="10.76471">
        <ele>34.6</ele>
        <time>2025-05-16T16:30:29.998000Z</time>
      </trkpt>
      <trkpt lat="59.91303" lon="10.764871">
        <ele>33.7</ele>
        <time>2025-05-16T16:30:32.998000Z</time>
      </trkpt>
      <trkpt lat="59.913082" lon="10.765032">
        <ele>32.8</ele>
        <time>2025-05-16T16:30:35.998000Z</time>
      </trkpt>
      <trkpt lat="59.913142" lon="10.765219">
        <ele>31.7</ele>
        <time>2025-05-16T16:30:39.998000Z</time>
      </trkpt>
      <trkpt lat="59.913174" lon="10.765392">
        <ele>30.9</ele>
        <time>2025-05-16T16:30:44.998000Z</time>
      </trkpt>
      <trkpt lat="59.913228" lon="10.765554">
        <ele>30.0</ele>
        <time>2025-05-16T16:30:48.998000Z</time>
      </trkpt>
      <trkpt lat="59.913261" lon="10.765723">
        <ele>29.1</ele>
        <time>2025-05-16T16:30:53.998000Z</time>
      </trkpt>
      <trkpt lat="59.913311" lon="10.765888">
        <ele>28.3</ele>
        <time>2025-05-16T16:30:56.998000Z</time>
      </trkpt>
      <trkpt lat="59.91339" lon="10.766047">
        <ele>27.2</ele>
        <time>2025-05-16T16:31:00.998000Z</time>
      </trkpt>
      <trkpt lat="59.913448" lon="10.7662">
        <ele>26.3</ele>
        <time>2025-05-16T16:31:05.998000Z</time>
      </trkpt>
      <trkpt lat="59.913512" lon="10.766341">
        <ele>25.6</ele>
        <time>2025-05-16T16:31:11.998000Z</time>
      </trkpt>
      <trkpt lat="59.913592" lon="10.766437">
        <ele>25.2</ele>
        <time>2025-05-16T16:31:26.998000Z</time>
      </trkpt>
      <trkpt lat="59.913667" lon="10.76658">
        <ele>24.7</ele>
        <time>2025-05-16T16:31:30.998000Z</time>
      </trkpt>
      <trkpt lat="59.913732" lon="10.766748">
        <ele>24.3</ele>
        <time>2025-05-16T16:31:34.998000Z</time>
      </trkpt>
      <trkpt lat="59.913815" lon="10.76686">
        <ele>23.8</ele>
        <time>2025-05-16T16:31:38.998000Z</time>
      </trkpt>
      <trkpt lat="59.913883" lon="10.766996">
        <ele>23.4</ele>
        <time>2025-05-16T16:31:42.998000Z</time>
      </trkpt>
      <trkpt lat="59.91396" lon="10.767128">
        <ele>23.0</ele>
        <time>2025-05-16T16:31:46.998000Z</time>
      </trkpt>
      <trkpt lat="59.914022" lon="10.767263">
        <ele>22.6</ele>
        <time>2025-05-16T16:31:50.998000Z</time>
      </trkpt>
      <trkpt lat="59.914085" lon="10.767415">
        <ele>22.2</ele>
        <time>2025-05-16T16:31:55.998000Z</time>
      </trkpt>
      <trkpt lat="59.914129" lon="10.767615">
        <ele>21.7</ele>
        <time>2025-05-16T16:32:01.998000Z</time>
      </trkpt>
      <trkpt lat="59.914182" lon="10.76779">
        <ele>21.3</ele>
        <time>2025-05-16T16:32:05.998000Z</time>
      </trkpt>
      <trkpt lat="59.914246" lon="10.767966">
        <ele>20.8</ele>
        <time>2025-05-16T16:32:09.998000Z</time>
      </trkpt>
      <trkpt lat="59.914303" lon="10.768157">
        <ele>20.3</ele>
        <time>2025-05-16T16:32:13.998000Z</time>
      </trkpt>
      <trkpt lat="59.914368" lon="10.768349">
        <ele>19.8</ele>
        <time>2025-05-16T16:32:17.998000Z</time>
      </trkpt>
      <trkpt lat="59.914429" lon="10.768526">
        <ele>19.4</ele>
        <time>2025-05-16T16:32:21.998000Z</time>
      </trkpt>
      <trkpt lat="59.9145" lon="10.768666">
        <ele>18.9</ele>
        <time>2025-05-16T16:32:25.998000Z</time>
      </trkpt>
      <trkpt lat="59.914568" lon="10.768838">
        <ele>18.5</ele>
        <time>2025-05-16T16:32:30.998000Z</time>
      </trkpt>
      <trkpt lat="59.914653" lon="10.768949">
        <ele>18.0</ele>
        <time>2025-05-16T16:32:34.998000Z</time>
      </trkpt>
      <trkpt lat="59.914706" lon="10.769136">
        <ele>18.4</ele>
        <time>2025-05-16T16:32:38.998000Z</time>
      </trkpt>
      <trkpt lat="59.91477" lon="10.769268">
        <ele>18.8</ele>
        <time>2025-05-16T16:32:41.998000Z</time>
      </trkpt>
      <trkpt lat="59.914854" lon="10.769432">
        <ele>19.3</ele>
        <time>2025-05-16T16:32:45.998000Z</time>
      </trkpt>
      <trkpt lat="59.914918" lon="10.769581">
        <ele>19.8</ele>
        <time>2025-05-16T16:32:50.998000Z</time>
      </trkpt>
      <trkpt lat="59.914987" lon="10.769721">
        <ele>20.2</ele>
        <time>2025-05-16T16:32:54.998000Z</time>
      </trkpt>
      <trkpt lat="59.915059" lon="10.769831">
        <ele>20.6</ele>
        <time>2025-05-16T16:32:58.998000Z</time>
      </trkpt>
      <trkpt lat="59.915136" lon="10.76996">
        <ele>21.1</ele>
        <time>2025-05-16T16:33:02.998000Z</time>
      </trkpt>
      <trkpt lat="59.915195" lon="10.770137">
        <ele>21.5</ele>
        <time>2025-05-16T16:33:06.998000Z</time>
      </trkpt>
      <trkpt lat="59.915246" lon="10.770321">
        <ele>22.0</ele>
        <time>2025-05-16T16:33:10.998000Z</time>
      </trkpt>
      <trkpt lat="59.915331" lon="10.770469">
        <ele>22.5</ele>
        <time>2025-05-16T16:33:14.998000Z</time>
      </trkpt>
      <trkpt lat="59.915402" lon="10.770656">
        <ele>23.1</ele>
        <time>2025-05-16T16:33:18.998000Z</time>
      </trkpt>
      <trkpt lat="59.915483" lon="10.77081">
        <ele>23.6</ele>
        <time>2025-05-16T16:33:22.998000Z</time>
      </trkpt>
      <trkpt lat="59.915552" lon="10.77097">
        <ele>24.0</ele>
        <time>2025-05-16T16:33:26.998000Z</time>
      </trkpt>
      <trkpt lat="59.915621" lon="10.771138">
        <ele>24.5</ele>
        <time>2025-05-16T16:33:30.998000Z</time>
      </trkpt>
      <trkpt lat="59.915688" lon="10.771277">
        <ele>25.0</ele>
        <time>2025-05-16T16:33:34.998000Z</time>
      </trkpt>
      <trkpt lat="59.915695" lon="10.77147">
        <ele>25.4</ele>
        <time>2025-05-16T16:33:39.998000Z</time>
      </trkpt>
      <trkpt lat="59.915654" lon="10.771678">
        <ele>25.9</ele>
        <time>2025-05-16T16:33:44.998000Z</time>
      </trkpt>
      <trkpt lat="59.915605" lon="10.771869">
        <ele>26.8</ele>
        <time>2025-05-16T16:33:49.998000Z</time>
      </trkpt>
      <trkpt lat="59.915531" lon="10.772031">
        <ele>27.8</ele>
        <time>2025-05-16T16:33:54.998000Z</time>
      </trkpt>
      <trkpt lat="59.915457" lon="10.77219">
        <ele>28.9</ele>
        <time>2025-05-16T16:33:59.997000Z</time>
      </trkpt>
      <trkpt lat="59.915414" lon="10.772353">
        <ele>29.8</ele>
        <time>2025-05-16T16:34:03.997000Z</time>
      </trkpt>
      <trkpt lat="59.91535" lon="10.772526">
        <ele>30.8</ele>
        <time>2025-05-16T16:34:07.997000Z</time>
      </trkpt>
      <trkpt lat="59.915281" lon="10.772703">
        <ele>31.9</ele>
        <time>2025-05-16T16:34:11.997000Z</time>
      </trkpt>
      <trkpt lat="59.915212" lon="10.772864">
        <ele>33.0</ele>
        <time>2025-05-16T16:34:15.997000Z</time>
      </trkpt>
      <trkpt lat="59.915152" lon="10.773029">
        <ele>34.0</ele>
        <time>2025-05-16T16:34:19.997000Z</time>
      </trkpt>
      <trkpt lat="59.915107" lon="10.773222">
        <ele>35.0</ele>
        <time>2025-05-16T16:34:23.997000Z</time>
      </trkpt>
      <trkpt lat="59.915046" lon="10.77337">
        <ele>35.9</ele>
        <time>2025-05-16T16:34:27.997000Z</time>
      </trkpt>
      <trkpt lat="59.915007" lon="10.773571">
        <ele>37.0</ele>
        <time>2025-05-16T16:34:32.997000Z</time>
      </trkpt>
      <trkpt lat="59.914953" lon="10.773732">
        <ele>37.9</ele>
        <time>2025-05-16T16:34:35.997000Z</time>
      </trkpt>
      <trkpt lat="59.914909" lon="10.773933">
        <ele>39.0</ele>
        <time>2025-05-16T16:34:39.997000Z</time>
      </trkpt>
      <trkpt lat="59.914834" lon="10.774036">
        <ele>39.9</ele>
        <time>2025-05-16T16:34:42.997000Z</time>
      </trkpt>
      <trkpt lat="59.914739" lon="10.774032">
        <ele>40.8</ele>
        <time>2025-05-16T16:34:46.996000Z</time>
      </trkpt>
      <trkpt lat="59.914661" lon="10.774188">
        <ele>41.9</ele>
        <time>2025-05-16T16:34:50.997000Z</time>
      </trkpt>
      <trkpt lat="59.91458" lon="10.774283">
        <ele>42.8</ele>
        <time>2025-05-16T16:34:58.997000Z</time>
      </trkpt>
      <trkpt lat="59.914673" lon="10.774301">
        <ele>43.8</ele>
        <time>2025-05-16T16:35:21.997000Z</time>
      </trkpt>
      <trkpt lat="59.914464" lon="10.774908">
        <ele>48.7</ele>
        <time>2025-05-16T16:53:22.998000Z</time>
      </trkpt>
      <trkpt lat="59.914347" lon="10.775001">
        <ele>50.4</ele>
        <time>2025-05-16T16:53:25.998000Z</time>
      </trkpt>
      <trkpt lat="59.914254" lon="10.775081">
        <ele>51.7</ele>
        <time>2025-05-16T16:53:28.998000Z</time>
      </trkpt>
      <trkpt lat="59.914193" lon="10.775258">
        <ele>53.2</ele>
        <time>2025-05-16T16:53:31.995000Z</time>
      </trkpt>
      <trkpt lat="59.914152" lon="10.775419">
        <ele>54.4</ele>
        <time>2025-05-16T16:53:38.997000Z</time>
      </trkpt>
      <trkpt lat="59.914058" lon="10.77543">
        <ele>55.7</ele>
        <time>2025-05-16T16:53:42.997000Z</time>
      </trkpt>
      <trkpt lat="59.914" lon="10.775596">
        <ele>57.0</ele>
        <time>2025-05-16T16:53:46.997000Z</time>
      </trkpt>
      <trkpt lat="59.913924" lon="10.775708">
        <ele>58.3</ele>
        <time>2025-05-16T16:53:49.997000Z</time>
      </trkpt>
      <trkpt lat="59.913845" lon="10.775862">
        <ele>59.8</ele>
        <time>2025-05-16T16:53:52.997000Z</time>
      </trkpt>
      <trkpt lat="59.913745" lon="10.775982">
        <ele>61.3</ele>
        <time>2025-05-16T16:53:58.997000Z</time>
      </trkpt>
      <trkpt lat="59.913649" lon="10.77615">
        <ele>63.0</ele>
        <time>2025-05-16T16:54:01.997000Z</time>
      </trkpt>
      <trkpt lat="59.913559" lon="10.776229">
        <ele>64.3</ele>
        <time>2025-05-16T16:54:03.997000Z</time>
      </trkpt>
      <trkpt lat="59.913463" lon="10.77636">
        <ele>65.9</ele>
        <time>2025-05-16T16:54:06.997000Z</time>
      </trkpt>
      <trkpt lat="59.913365" lon="10.77652">
        <ele>67.6</ele>
        <time>2025-05-16T16:54:10.997000Z</time>
      </trkpt>
      <trkpt lat="59.913292" lon="10.776638">
        <ele>67.6</ele>
        <time>2025-05-16T16:54:14.997000Z</time>
      </trkpt>
      <trkpt lat="59.913205" lon="10.776754">
        <ele>67.6</ele>
        <time>2025-05-16T16:54:20.997000Z</time>
      </trkpt>
      <trkpt lat="59.913111" lon="10.776865">
        <ele>67.6</ele>
        <time>2025-05-16T16:54:25.997000Z</time>
      </trkpt>
      <trkpt lat="59.913037" lon="10.776976">
        <ele>67.6</ele>
        <time>2025-05-16T16:54:29.997000Z</time>
      </trkpt>
      <trkpt lat="59.913124" lon="10.776872">
        <ele>67.6</ele>
        <time>2025-05-16T16:54:39.997000Z</time>
      </trkpt>
      <trkpt lat="59.913192" lon="10.776706">
        <ele>67.6</ele>
        <time>2025-05-16T16:54:43.997000Z</time>
      </trkpt>
      <trkpt lat="59.913281" lon="10.77662">
        <ele>67.6</ele>
        <time>2025-05-16T16:54:47.997000Z</time>
      </trkpt>
      <trkpt lat="59.913373" lon="10.776567">
        <ele>67.6</ele>
        <time>2025-05-16T16:54:52.997000Z</time>
      </trkpt>
      <trkpt lat="59.913471" lon="10.776644">
        <ele>67.6</ele>
        <time>2025-05-16T16:54:56.997000Z</time>
      </trkpt>
      <trkpt lat="59.91356" lon="10.776726">
        <ele>67.6</ele>
        <time>2025-05-16T16:55:00.997000Z</time>
      </trkpt>
      <trkpt lat="59.913641" lon="10.776835">
        <ele>67.6</ele>
        <time>2025-05-16T16:55:08.997000Z</time>
      </trkpt>
      <trkpt lat="59.913891" lon="10.777337">
        <ele>67.6</ele>
        <time>2025-05-16T17:09:41.995000Z</time>
      </trkpt>
      <trkpt lat="59.913785" lon="10.776705">
        <ele>67.6</ele>
        <time>2025-05-16T17:42:00.985000Z</time>
      </trkpt>
    </trkseg>
  </trk>
</gpx>